"reference_date","location","horizon","target","target_end_date","output_type","output_type_id","value"
2026-03-07,"athens",0,"Flu ED visits pct",2026-03-07,"quantile",0.025,0
2026-03-07,"athens",0,"Flu ED visits pct",2026-03-07,"quantile",0.05,0.91
2026-03-07,"athens",0,"Flu ED visits pct",2026-03-07,"quantile",0.1,1.82
2026-03-07,"athens",0,"Flu ED visits pct",2026-03-07,"quantile",0.25,2.54
2026-03-07,"athens",0,"Flu ED visits pct",2026-03-07,"quantile",0.5,2.65
2026-03-07,"athens",0,"Flu ED visits pct",2026-03-07,"quantile",0.75,2.76
2026-03-07,"athens",0,"Flu ED visits pct",2026-03-07,"quantile",0.9,3.48
2026-03-07,"athens",0,"Flu ED visits pct",2026-03-07,"quantile",0.95,4.39
2026-03-07,"athens",0,"Flu ED visits pct",2026-03-07,"quantile",0.975,6.28625
2026-03-07,"athens",1,"Flu ED visits pct",2026-03-14,"quantile",0.025,0
2026-03-07,"athens",1,"Flu ED visits pct",2026-03-14,"quantile",0.05,0
2026-03-07,"athens",1,"Flu ED visits pct",2026-03-14,"quantile",0.1,1.1684024024024
2026-03-07,"athens",1,"Flu ED visits pct",2026-03-14,"quantile",0.25,2.26891141141141
2026-03-07,"athens",1,"Flu ED visits pct",2026-03-14,"quantile",0.5,2.65
2026-03-07,"athens",1,"Flu ED visits pct",2026-03-14,"quantile",0.75,3.04529279279279
2026-03-07,"athens",1,"Flu ED visits pct",2026-03-14,"quantile",0.9,4.08835635635636
2026-03-07,"athens",1,"Flu ED visits pct",2026-03-14,"quantile",0.95,6.25145995995996
2026-03-07,"athens",1,"Flu ED visits pct",2026-03-14,"quantile",0.975,7.09477227227227
2026-03-07,"athens",2,"Flu ED visits pct",2026-03-21,"quantile",0.025,0
2026-03-07,"athens",2,"Flu ED visits pct",2026-03-21,"quantile",0.05,0
2026-03-07,"athens",2,"Flu ED visits pct",2026-03-21,"quantile",0.1,0.362755755755756
2026-03-07,"athens",2,"Flu ED visits pct",2026-03-21,"quantile",0.25,1.9137012012012
2026-03-07,"athens",2,"Flu ED visits pct",2026-03-21,"quantile",0.5,2.65
2026-03-07,"athens",2,"Flu ED visits pct",2026-03-21,"quantile",0.75,3.34181181181181
2026-03-07,"athens",2,"Flu ED visits pct",2026-03-21,"quantile",0.9,5.23348248248247
2026-03-07,"athens",2,"Flu ED visits pct",2026-03-21,"quantile",0.95,6.73250600600601
2026-03-07,"athens",2,"Flu ED visits pct",2026-03-21,"quantile",0.975,7.530263013013
2026-03-07,"athens",3,"Flu ED visits pct",2026-03-28,"quantile",0.025,0
2026-03-07,"athens",3,"Flu ED visits pct",2026-03-28,"quantile",0.05,0
2026-03-07,"athens",3,"Flu ED visits pct",2026-03-28,"quantile",0.1,0
2026-03-07,"athens",3,"Flu ED visits pct",2026-03-28,"quantile",0.25,1.6441041041041
2026-03-07,"athens",3,"Flu ED visits pct",2026-03-28,"quantile",0.5,2.65
2026-03-07,"athens",3,"Flu ED visits pct",2026-03-28,"quantile",0.75,3.6424974974975
2026-03-07,"athens",3,"Flu ED visits pct",2026-03-28,"quantile",0.9,6.13725625625626
2026-03-07,"athens",3,"Flu ED visits pct",2026-03-28,"quantile",0.95,7.16685685685686
2026-03-07,"athens",3,"Flu ED visits pct",2026-03-28,"quantile",0.975,8.76970145145144
2026-03-07,"austin",0,"Flu ED visits pct",2026-03-07,"quantile",0.025,0.90125
2026-03-07,"austin",0,"Flu ED visits pct",2026-03-07,"quantile",0.05,1.3675
2026-03-07,"austin",0,"Flu ED visits pct",2026-03-07,"quantile",0.1,1.925
2026-03-07,"austin",0,"Flu ED visits pct",2026-03-07,"quantile",0.25,2.43
2026-03-07,"austin",0,"Flu ED visits pct",2026-03-07,"quantile",0.5,2.54
2026-03-07,"austin",0,"Flu ED visits pct",2026-03-07,"quantile",0.75,2.65
2026-03-07,"austin",0,"Flu ED visits pct",2026-03-07,"quantile",0.9,3.155
2026-03-07,"austin",0,"Flu ED visits pct",2026-03-07,"quantile",0.95,3.7125
2026-03-07,"austin",0,"Flu ED visits pct",2026-03-07,"quantile",0.975,4.17875
2026-03-07,"austin",1,"Flu ED visits pct",2026-03-14,"quantile",0.025,0.148864364364365
2026-03-07,"austin",1,"Flu ED visits pct",2026-03-14,"quantile",0.05,0.877693693693694
2026-03-07,"austin",1,"Flu ED visits pct",2026-03-14,"quantile",0.1,1.38977577577578
2026-03-07,"austin",1,"Flu ED visits pct",2026-03-14,"quantile",0.25,2.18986236236236
2026-03-07,"austin",1,"Flu ED visits pct",2026-03-14,"quantile",0.5,2.54
2026-03-07,"austin",1,"Flu ED visits pct",2026-03-14,"quantile",0.75,2.85873873873874
2026-03-07,"austin",1,"Flu ED visits pct",2026-03-14,"quantile",0.9,3.666994994995
2026-03-07,"austin",1,"Flu ED visits pct",2026-03-14,"quantile",0.95,4.27674524524525
2026-03-07,"austin",1,"Flu ED visits pct",2026-03-14,"quantile",0.975,5.06735185185185
2026-03-07,"austin",2,"Flu ED visits pct",2026-03-21,"quantile",0.025,0
2026-03-07,"austin",2,"Flu ED visits pct",2026-03-21,"quantile",0.05,0.289065065065066
2026-03-07,"austin",2,"Flu ED visits pct",2026-03-21,"quantile",0.1,1.05546146146146
2026-03-07,"austin",2,"Flu ED visits pct",2026-03-21,"quantile",0.25,1.99226726726727
2026-03-07,"austin",2,"Flu ED visits pct",2026-03-21,"quantile",0.5,2.54
2026-03-07,"austin",2,"Flu ED visits pct",2026-03-21,"quantile",0.75,3.06693443443443
2026-03-07,"austin",2,"Flu ED visits pct",2026-03-21,"quantile",0.9,3.9898008008008
2026-03-07,"austin",2,"Flu ED visits pct",2026-03-21,"quantile",0.95,4.92665215215215
2026-03-07,"austin",2,"Flu ED visits pct",2026-03-21,"quantile",0.975,5.46426551551552
2026-03-07,"austin",3,"Flu ED visits pct",2026-03-28,"quantile",0.025,0
2026-03-07,"austin",3,"Flu ED visits pct",2026-03-28,"quantile",0.05,0
2026-03-07,"austin",3,"Flu ED visits pct",2026-03-28,"quantile",0.1,0.730154154154154
2026-03-07,"austin",3,"Flu ED visits pct",2026-03-28,"quantile",0.25,1.83220720720721
2026-03-07,"austin",3,"Flu ED visits pct",2026-03-28,"quantile",0.5,2.54
2026-03-07,"austin",3,"Flu ED visits pct",2026-03-28,"quantile",0.75,3.31263763763764
2026-03-07,"austin",3,"Flu ED visits pct",2026-03-28,"quantile",0.9,4.38313613613614
2026-03-07,"austin",3,"Flu ED visits pct",2026-03-28,"quantile",0.95,5.30808458458458
2026-03-07,"austin",3,"Flu ED visits pct",2026-03-28,"quantile",0.975,5.78140815815816
2026-03-07,"baltimore",0,"Flu ED visits pct",2026-03-07,"quantile",0.025,0
2026-03-07,"baltimore",0,"Flu ED visits pct",2026-03-07,"quantile",0.05,0
2026-03-07,"baltimore",0,"Flu ED visits pct",2026-03-07,"quantile",0.1,0.0649999999999999
2026-03-07,"baltimore",0,"Flu ED visits pct",2026-03-07,"quantile",0.25,0.69
2026-03-07,"baltimore",0,"Flu ED visits pct",2026-03-07,"quantile",0.5,0.76
2026-03-07,"baltimore",0,"Flu ED visits pct",2026-03-07,"quantile",0.75,0.83
2026-03-07,"baltimore",0,"Flu ED visits pct",2026-03-07,"quantile",0.9,1.455
2026-03-07,"baltimore",0,"Flu ED visits pct",2026-03-07,"quantile",0.95,2.225
2026-03-07,"baltimore",0,"Flu ED visits pct",2026-03-07,"quantile",0.975,2.865
2026-03-07,"baltimore",1,"Flu ED visits pct",2026-03-14,"quantile",0.025,0
2026-03-07,"baltimore",1,"Flu ED visits pct",2026-03-14,"quantile",0.05,0
2026-03-07,"baltimore",1,"Flu ED visits pct",2026-03-14,"quantile",0.1,0
2026-03-07,"baltimore",1,"Flu ED visits pct",2026-03-14,"quantile",0.25,0.427575075075075
2026-03-07,"baltimore",1,"Flu ED visits pct",2026-03-14,"quantile",0.5,0.76
2026-03-07,"baltimore",1,"Flu ED visits pct",2026-03-14,"quantile",0.75,1.12279029029029
2026-03-07,"baltimore",1,"Flu ED visits pct",2026-03-14,"quantile",0.9,2.14442442442443
2026-03-07,"baltimore",1,"Flu ED visits pct",2026-03-14,"quantile",0.95,2.95721571571572
2026-03-07,"baltimore",1,"Flu ED visits pct",2026-03-14,"quantile",0.975,3.32886486486486
2026-03-07,"baltimore",2,"Flu ED visits pct",2026-03-21,"quantile",0.025,0
2026-03-07,"baltimore",2,"Flu ED visits pct",2026-03-21,"quantile",0.05,0
2026-03-07,"baltimore",2,"Flu ED visits pct",2026-03-21,"quantile",0.1,0
2026-03-07,"baltimore",2,"Flu ED visits pct",2026-03-21,"quantile",0.25,0.178711211211212
2026-03-07,"baltimore",2,"Flu ED visits pct",2026-03-21,"quantile",0.5,0.76
2026-03-07,"baltimore",2,"Flu ED visits pct",2026-03-21,"quantile",0.75,1.34795545545546
2026-03-07,"baltimore",2,"Flu ED visits pct",2026-03-21,"quantile",0.9,2.38297097097097
2026-03-07,"baltimore",2,"Flu ED visits pct",2026-03-21,"quantile",0.95,3.16455405405405
2026-03-07,"baltimore",2,"Flu ED visits pct",2026-03-21,"quantile",0.975,3.80612287287287
2026-03-07,"baltimore",3,"Flu ED visits pct",2026-03-28,"quantile",0.025,0
2026-03-07,"baltimore",3,"Flu ED visits pct",2026-03-28,"quantile",0.05,0
2026-03-07,"baltimore",3,"Flu ED visits pct",2026-03-28,"quantile",0.1,0
2026-03-07,"baltimore",3,"Flu ED visits pct",2026-03-28,"quantile",0.25,0
2026-03-07,"baltimore",3,"Flu ED visits pct",2026-03-28,"quantile",0.5,0.76
2026-03-07,"baltimore",3,"Flu ED visits pct",2026-03-28,"quantile",0.75,1.59382132132132
2026-03-07,"baltimore",3,"Flu ED visits pct",2026-03-28,"quantile",0.9,2.86827627627628
2026-03-07,"baltimore",3,"Flu ED visits pct",2026-03-28,"quantile",0.95,3.46044844844844
2026-03-07,"baltimore",3,"Flu ED visits pct",2026-03-28,"quantile",0.975,4.41686686686687
2026-03-07,"bangor",0,"Flu ED visits pct",2026-03-07,"quantile",0.025,0
2026-03-07,"bangor",0,"Flu ED visits pct",2026-03-07,"quantile",0.05,1.0775
2026-03-07,"bangor",0,"Flu ED visits pct",2026-03-07,"quantile",0.1,1.595
2026-03-07,"bangor",0,"Flu ED visits pct",2026-03-07,"quantile",0.25,2
2026-03-07,"bangor",0,"Flu ED visits pct",2026-03-07,"quantile",0.5,2.1
2026-03-07,"bangor",0,"Flu ED visits pct",2026-03-07,"quantile",0.75,2.2
2026-03-07,"bangor",0,"Flu ED visits pct",2026-03-07,"quantile",0.9,2.605
2026-03-07,"bangor",0,"Flu ED visits pct",2026-03-07,"quantile",0.95,3.1225
2026-03-07,"bangor",0,"Flu ED visits pct",2026-03-07,"quantile",0.975,4.4275
2026-03-07,"bangor",1,"Flu ED visits pct",2026-03-14,"quantile",0.025,0
2026-03-07,"bangor",1,"Flu ED visits pct",2026-03-14,"quantile",0.05,0
2026-03-07,"bangor",1,"Flu ED visits pct",2026-03-14,"quantile",0.1,1.11334134134134
2026-03-07,"bangor",1,"Flu ED visits pct",2026-03-14,"quantile",0.25,1.77851601601602
2026-03-07,"bangor",1,"Flu ED visits pct",2026-03-14,"quantile",0.5,2.1
2026-03-07,"bangor",1,"Flu ED visits pct",2026-03-14,"quantile",0.75,2.40921171171171
2026-03-07,"bangor",1,"Flu ED visits pct",2026-03-14,"quantile",0.9,3.11415315315315
2026-03-07,"bangor",1,"Flu ED visits pct",2026-03-14,"quantile",0.95,4.34831681681682
2026-03-07,"bangor",1,"Flu ED visits pct",2026-03-14,"quantile",0.975,5.45361861861862
2026-03-07,"bangor",2,"Flu ED visits pct",2026-03-21,"quantile",0.025,0
2026-03-07,"bangor",2,"Flu ED visits pct",2026-03-21,"quantile",0.05,0
2026-03-07,"bangor",2,"Flu ED visits pct",2026-03-21,"quantile",0.1,0.494852852852853
2026-03-07,"bangor",2,"Flu ED visits pct",2026-03-21,"quantile",0.25,1.60122372372372
2026-03-07,"bangor",2,"Flu ED visits pct",2026-03-21,"quantile",0.5,2.1
2026-03-07,"bangor",2,"Flu ED visits pct",2026-03-21,"quantile",0.75,2.57390640640641
2026-03-07,"bangor",2,"Flu ED visits pct",2026-03-21,"quantile",0.9,3.68766666666667
2026-03-07,"bangor",2,"Flu ED visits pct",2026-03-21,"quantile",0.95,5.14349949949949
2026-03-07,"bangor",2,"Flu ED visits pct",2026-03-21,"quantile",0.975,5.80931906906907
2026-03-07,"bangor",3,"Flu ED visits pct",2026-03-28,"quantile",0.025,0
2026-03-07,"bangor",3,"Flu ED visits pct",2026-03-28,"quantile",0.05,0
2026-03-07,"bangor",3,"Flu ED visits pct",2026-03-28,"quantile",0.1,0
2026-03-07,"bangor",3,"Flu ED visits pct",2026-03-28,"quantile",0.25,1.45888388388388
2026-03-07,"bangor",3,"Flu ED visits pct",2026-03-28,"quantile",0.5,2.1
2026-03-07,"bangor",3,"Flu ED visits pct",2026-03-28,"quantile",0.75,2.75830830830831
2026-03-07,"bangor",3,"Flu ED visits pct",2026-03-28,"quantile",0.9,4.3424144144144
2026-03-07,"bangor",3,"Flu ED visits pct",2026-03-28,"quantile",0.95,5.49682182182182
2026-03-07,"bangor",3,"Flu ED visits pct",2026-03-28,"quantile",0.975,6.10153503503503
2026-03-07,"beaumont",0,"Flu ED visits pct",2026-03-07,"quantile",0.025,0
2026-03-07,"beaumont",0,"Flu ED visits pct",2026-03-07,"quantile",0.05,0
2026-03-07,"beaumont",0,"Flu ED visits pct",2026-03-07,"quantile",0.1,0.69
2026-03-07,"beaumont",0,"Flu ED visits pct",2026-03-07,"quantile",0.25,1.49
2026-03-07,"beaumont",0,"Flu ED visits pct",2026-03-07,"quantile",0.5,1.64
2026-03-07,"beaumont",0,"Flu ED visits pct",2026-03-07,"quantile",0.75,1.79
2026-03-07,"beaumont",0,"Flu ED visits pct",2026-03-07,"quantile",0.9,2.59
2026-03-07,"beaumont",0,"Flu ED visits pct",2026-03-07,"quantile",0.95,3.4425
2026-03-07,"beaumont",0,"Flu ED visits pct",2026-03-07,"quantile",0.975,4.01875
2026-03-07,"beaumont",1,"Flu ED visits pct",2026-03-14,"quantile",0.025,0
2026-03-07,"beaumont",1,"Flu ED visits pct",2026-03-14,"quantile",0.05,0
2026-03-07,"beaumont",1,"Flu ED visits pct",2026-03-14,"quantile",0.1,0
2026-03-07,"beaumont",1,"Flu ED visits pct",2026-03-14,"quantile",0.25,1.23647647647648
2026-03-07,"beaumont",1,"Flu ED visits pct",2026-03-14,"quantile",0.5,1.64
2026-03-07,"beaumont",1,"Flu ED visits pct",2026-03-14,"quantile",0.75,2.03101851851852
2026-03-07,"beaumont",1,"Flu ED visits pct",2026-03-14,"quantile",0.9,3.26977977977978
2026-03-07,"beaumont",1,"Flu ED visits pct",2026-03-14,"quantile",0.95,3.98686336336336
2026-03-07,"beaumont",1,"Flu ED visits pct",2026-03-14,"quantile",0.975,4.95953678678678
2026-03-07,"beaumont",2,"Flu ED visits pct",2026-03-21,"quantile",0.025,0
2026-03-07,"beaumont",2,"Flu ED visits pct",2026-03-21,"quantile",0.05,0
2026-03-07,"beaumont",2,"Flu ED visits pct",2026-03-21,"quantile",0.1,0
2026-03-07,"beaumont",2,"Flu ED visits pct",2026-03-21,"quantile",0.25,0.844764764764764
2026-03-07,"beaumont",2,"Flu ED visits pct",2026-03-21,"quantile",0.5,1.64
2026-03-07,"beaumont",2,"Flu ED visits pct",2026-03-21,"quantile",0.75,2.35216966966967
2026-03-07,"beaumont",2,"Flu ED visits pct",2026-03-21,"quantile",0.9,3.7016076076076
2026-03-07,"beaumont",2,"Flu ED visits pct",2026-03-21,"quantile",0.95,4.8787017017017
2026-03-07,"beaumont",2,"Flu ED visits pct",2026-03-21,"quantile",0.975,5.8163606106106
2026-03-07,"beaumont",3,"Flu ED visits pct",2026-03-28,"quantile",0.025,0
2026-03-07,"beaumont",3,"Flu ED visits pct",2026-03-28,"quantile",0.05,0
2026-03-07,"beaumont",3,"Flu ED visits pct",2026-03-28,"quantile",0.1,0
2026-03-07,"beaumont",3,"Flu ED visits pct",2026-03-28,"quantile",0.25,0.706378878878878
2026-03-07,"beaumont",3,"Flu ED visits pct",2026-03-28,"quantile",0.5,1.64
2026-03-07,"beaumont",3,"Flu ED visits pct",2026-03-28,"quantile",0.75,2.6407957957958
2026-03-07,"beaumont",3,"Flu ED visits pct",2026-03-28,"quantile",0.9,4.14886586586585
2026-03-07,"beaumont",3,"Flu ED visits pct",2026-03-28,"quantile",0.95,5.2288013013013
2026-03-07,"beaumont",3,"Flu ED visits pct",2026-03-28,"quantile",0.975,6.1268475975976
2026-03-07,"boston",0,"Flu ED visits pct",2026-03-07,"quantile",0.025,0
2026-03-07,"boston",0,"Flu ED visits pct",2026-03-07,"quantile",0.05,0.0674999999999998
2026-03-07,"boston",0,"Flu ED visits pct",2026-03-07,"quantile",0.1,0.705
2026-03-07,"boston",0,"Flu ED visits pct",2026-03-07,"quantile",0.25,1.15
2026-03-07,"boston",0,"Flu ED visits pct",2026-03-07,"quantile",0.5,1.2
2026-03-07,"boston",0,"Flu ED visits pct",2026-03-07,"quantile",0.75,1.25
2026-03-07,"boston",0,"Flu ED visits pct",2026-03-07,"quantile",0.9,1.695
2026-03-07,"boston",0,"Flu ED visits pct",2026-03-07,"quantile",0.95,2.3325
2026-03-07,"boston",0,"Flu ED visits pct",2026-03-07,"quantile",0.975,2.7775
2026-03-07,"boston",1,"Flu ED visits pct",2026-03-14,"quantile",0.025,0
2026-03-07,"boston",1,"Flu ED visits pct",2026-03-14,"quantile",0.05,0
2026-03-07,"boston",1,"Flu ED visits pct",2026-03-14,"quantile",0.1,0.108694694694694
2026-03-07,"boston",1,"Flu ED visits pct",2026-03-14,"quantile",0.25,0.96
2026-03-07,"boston",1,"Flu ED visits pct",2026-03-14,"quantile",0.5,1.2
2026-03-07,"boston",1,"Flu ED visits pct",2026-03-14,"quantile",0.75,1.43317567567568
2026-03-07,"boston",1,"Flu ED visits pct",2026-03-14,"quantile",0.9,2.30374474474474
2026-03-07,"boston",1,"Flu ED visits pct",2026-03-14,"quantile",0.95,2.79476826826827
2026-03-07,"boston",1,"Flu ED visits pct",2026-03-14,"quantile",0.975,3.61458833833834
2026-03-07,"boston",2,"Flu ED visits pct",2026-03-21,"quantile",0.025,0
2026-03-07,"boston",2,"Flu ED visits pct",2026-03-21,"quantile",0.05,0
2026-03-07,"boston",2,"Flu ED visits pct",2026-03-21,"quantile",0.1,0
2026-03-07,"boston",2,"Flu ED visits pct",2026-03-21,"quantile",0.25,0.777332332332332
2026-03-07,"boston",2,"Flu ED visits pct",2026-03-21,"quantile",0.5,1.2
2026-03-07,"boston",2,"Flu ED visits pct",2026-03-21,"quantile",0.75,1.60832332332332
2026-03-07,"boston",2,"Flu ED visits pct",2026-03-21,"quantile",0.9,2.57479479479479
2026-03-07,"boston",2,"Flu ED visits pct",2026-03-21,"quantile",0.95,3.368002002002
2026-03-07,"boston",2,"Flu ED visits pct",2026-03-21,"quantile",0.975,3.93387862862863
2026-03-07,"boston",3,"Flu ED visits pct",2026-03-28,"quantile",0.025,0
2026-03-07,"boston",3,"Flu ED visits pct",2026-03-28,"quantile",0.05,0
2026-03-07,"boston",3,"Flu ED visits pct",2026-03-28,"quantile",0.1,0
2026-03-07,"boston",3,"Flu ED visits pct",2026-03-28,"quantile",0.25,0.5977002002002
2026-03-07,"boston",3,"Flu ED visits pct",2026-03-28,"quantile",0.5,1.2
2026-03-07,"boston",3,"Flu ED visits pct",2026-03-28,"quantile",0.75,1.83174174174174
2026-03-07,"boston",3,"Flu ED visits pct",2026-03-28,"quantile",0.9,2.81068268268268
2026-03-07,"boston",3,"Flu ED visits pct",2026-03-28,"quantile",0.95,3.59254654654655
2026-03-07,"boston",3,"Flu ED visits pct",2026-03-28,"quantile",0.975,4.01269394394394
2026-03-07,"boulder",0,"Flu ED visits pct",2026-03-07,"quantile",0.025,2.06375
2026-03-07,"boulder",0,"Flu ED visits pct",2026-03-07,"quantile",0.05,2.72
2026-03-07,"boulder",0,"Flu ED visits pct",2026-03-07,"quantile",0.1,3.195
2026-03-07,"boulder",0,"Flu ED visits pct",2026-03-07,"quantile",0.25,3.67
2026-03-07,"boulder",0,"Flu ED visits pct",2026-03-07,"quantile",0.5,3.84
2026-03-07,"boulder",0,"Flu ED visits pct",2026-03-07,"quantile",0.75,4.01
2026-03-07,"boulder",0,"Flu ED visits pct",2026-03-07,"quantile",0.9,4.485
2026-03-07,"boulder",0,"Flu ED visits pct",2026-03-07,"quantile",0.95,4.96
2026-03-07,"boulder",0,"Flu ED visits pct",2026-03-07,"quantile",0.975,5.61625
2026-03-07,"boulder",1,"Flu ED visits pct",2026-03-14,"quantile",0.025,1.31332057057057
2026-03-07,"boulder",1,"Flu ED visits pct",2026-03-14,"quantile",0.05,2.13531131131131
2026-03-07,"boulder",1,"Flu ED visits pct",2026-03-14,"quantile",0.1,2.79248648648649
2026-03-07,"boulder",1,"Flu ED visits pct",2026-03-14,"quantile",0.25,3.44207957957958
2026-03-07,"boulder",1,"Flu ED visits pct",2026-03-14,"quantile",0.5,3.84
2026-03-07,"boulder",1,"Flu ED visits pct",2026-03-14,"quantile",0.75,4.21246496496496
2026-03-07,"boulder",1,"Flu ED visits pct",2026-03-14,"quantile",0.9,4.94567567567568
2026-03-07,"boulder",1,"Flu ED visits pct",2026-03-14,"quantile",0.95,5.52771471471471
2026-03-07,"boulder",1,"Flu ED visits pct",2026-03-14,"quantile",0.975,6.28478428428428
2026-03-07,"boulder",2,"Flu ED visits pct",2026-03-21,"quantile",0.025,1.11699174174174
2026-03-07,"boulder",2,"Flu ED visits pct",2026-03-21,"quantile",0.05,1.58238088088088
2026-03-07,"boulder",2,"Flu ED visits pct",2026-03-21,"quantile",0.1,2.35873873873874
2026-03-07,"boulder",2,"Flu ED visits pct",2026-03-21,"quantile",0.25,3.25675175175175
2026-03-07,"boulder",2,"Flu ED visits pct",2026-03-21,"quantile",0.5,3.84
2026-03-07,"boulder",2,"Flu ED visits pct",2026-03-21,"quantile",0.75,4.47248248248248
2026-03-07,"boulder",2,"Flu ED visits pct",2026-03-21,"quantile",0.9,5.30831531531532
2026-03-07,"boulder",2,"Flu ED visits pct",2026-03-21,"quantile",0.95,6.0596036036036
2026-03-07,"boulder",2,"Flu ED visits pct",2026-03-21,"quantile",0.975,6.56045745745744
2026-03-07,"boulder",3,"Flu ED visits pct",2026-03-28,"quantile",0.025,0.712355355355355
2026-03-07,"boulder",3,"Flu ED visits pct",2026-03-28,"quantile",0.05,1.34143393393393
2026-03-07,"boulder",3,"Flu ED visits pct",2026-03-28,"quantile",0.1,2.12574274274274
2026-03-07,"boulder",3,"Flu ED visits pct",2026-03-28,"quantile",0.25,3.12352352352352
2026-03-07,"boulder",3,"Flu ED visits pct",2026-03-28,"quantile",0.5,3.84
2026-03-07,"boulder",3,"Flu ED visits pct",2026-03-28,"quantile",0.75,4.55983483483483
2026-03-07,"boulder",3,"Flu ED visits pct",2026-03-28,"quantile",0.9,5.57817617617617
2026-03-07,"boulder",3,"Flu ED visits pct",2026-03-28,"quantile",0.95,6.43052602602602
2026-03-07,"boulder",3,"Flu ED visits pct",2026-03-28,"quantile",0.975,7.16078853853853
2026-03-07,"charleston",0,"Flu ED visits pct",2026-03-07,"quantile",0.025,0.346249999999999
2026-03-07,"charleston",0,"Flu ED visits pct",2026-03-07,"quantile",0.05,1.49
2026-03-07,"charleston",0,"Flu ED visits pct",2026-03-07,"quantile",0.1,2.24
2026-03-07,"charleston",0,"Flu ED visits pct",2026-03-07,"quantile",0.25,2.7
2026-03-07,"charleston",0,"Flu ED visits pct",2026-03-07,"quantile",0.5,2.8
2026-03-07,"charleston",0,"Flu ED visits pct",2026-03-07,"quantile",0.75,2.9
2026-03-07,"charleston",0,"Flu ED visits pct",2026-03-07,"quantile",0.9,3.36
2026-03-07,"charleston",0,"Flu ED visits pct",2026-03-07,"quantile",0.95,4.11
2026-03-07,"charleston",0,"Flu ED visits pct",2026-03-07,"quantile",0.975,5.25375
2026-03-07,"charleston",1,"Flu ED visits pct",2026-03-14,"quantile",0.025,0
2026-03-07,"charleston",1,"Flu ED visits pct",2026-03-14,"quantile",0.05,0.392243243243243
2026-03-07,"charleston",1,"Flu ED visits pct",2026-03-14,"quantile",0.1,1.55935935935936
2026-03-07,"charleston",1,"Flu ED visits pct",2026-03-14,"quantile",0.25,2.52618368368368
2026-03-07,"charleston",1,"Flu ED visits pct",2026-03-14,"quantile",0.5,2.8
2026-03-07,"charleston",1,"Flu ED visits pct",2026-03-14,"quantile",0.75,3.0903978978979
2026-03-07,"charleston",1,"Flu ED visits pct",2026-03-14,"quantile",0.9,4.0818938938939
2026-03-07,"charleston",1,"Flu ED visits pct",2026-03-14,"quantile",0.95,5.1352012012012
2026-03-07,"charleston",1,"Flu ED visits pct",2026-03-14,"quantile",0.975,5.84650425425425
2026-03-07,"charleston",2,"Flu ED visits pct",2026-03-21,"quantile",0.025,0
2026-03-07,"charleston",2,"Flu ED visits pct",2026-03-21,"quantile",0.05,0
2026-03-07,"charleston",2,"Flu ED visits pct",2026-03-21,"quantile",0.1,0.958920920920925
2026-03-07,"charleston",2,"Flu ED visits pct",2026-03-21,"quantile",0.25,2.29336086086086
2026-03-07,"charleston",2,"Flu ED visits pct",2026-03-21,"quantile",0.5,2.8
2026-03-07,"charleston",2,"Flu ED visits pct",2026-03-21,"quantile",0.75,3.26808558558559
2026-03-07,"charleston",2,"Flu ED visits pct",2026-03-21,"quantile",0.9,4.58287387387387
2026-03-07,"charleston",2,"Flu ED visits pct",2026-03-21,"quantile",0.95,5.6047017017017
2026-03-07,"charleston",2,"Flu ED visits pct",2026-03-21,"quantile",0.975,6.11169419419419
2026-03-07,"charleston",3,"Flu ED visits pct",2026-03-28,"quantile",0.025,0
2026-03-07,"charleston",3,"Flu ED visits pct",2026-03-28,"quantile",0.05,0
2026-03-07,"charleston",3,"Flu ED visits pct",2026-03-28,"quantile",0.1,0.499356356356356
2026-03-07,"charleston",3,"Flu ED visits pct",2026-03-28,"quantile",0.25,2.05361111111111
2026-03-07,"charleston",3,"Flu ED visits pct",2026-03-28,"quantile",0.5,2.8
2026-03-07,"charleston",3,"Flu ED visits pct",2026-03-28,"quantile",0.75,3.48317817817818
2026-03-07,"charleston",3,"Flu ED visits pct",2026-03-28,"quantile",0.9,5.02771071071071
2026-03-07,"charleston",3,"Flu ED visits pct",2026-03-28,"quantile",0.95,6.00317517517517
2026-03-07,"charleston",3,"Flu ED visits pct",2026-03-28,"quantile",0.975,6.51812112112112
2026-03-07,"cherokee",0,"Flu ED visits pct",2026-03-07,"quantile",0.025,0
2026-03-07,"cherokee",0,"Flu ED visits pct",2026-03-07,"quantile",0.05,0.745
2026-03-07,"cherokee",0,"Flu ED visits pct",2026-03-07,"quantile",0.1,1.71
2026-03-07,"cherokee",0,"Flu ED visits pct",2026-03-07,"quantile",0.25,2.5575
2026-03-07,"cherokee",0,"Flu ED visits pct",2026-03-07,"quantile",0.5,2.71
2026-03-07,"cherokee",0,"Flu ED visits pct",2026-03-07,"quantile",0.75,2.8625
2026-03-07,"cherokee",0,"Flu ED visits pct",2026-03-07,"quantile",0.9,3.71
2026-03-07,"cherokee",0,"Flu ED visits pct",2026-03-07,"quantile",0.95,4.675
2026-03-07,"cherokee",0,"Flu ED visits pct",2026-03-07,"quantile",0.975,6.09875000000001
2026-03-07,"cherokee",1,"Flu ED visits pct",2026-03-14,"quantile",0.025,0
2026-03-07,"cherokee",1,"Flu ED visits pct",2026-03-14,"quantile",0.05,0
2026-03-07,"cherokee",1,"Flu ED visits pct",2026-03-14,"quantile",0.1,0.836394394394394
2026-03-07,"cherokee",1,"Flu ED visits pct",2026-03-14,"quantile",0.25,2.30428178178178
2026-03-07,"cherokee",1,"Flu ED visits pct",2026-03-14,"quantile",0.5,2.71
2026-03-07,"cherokee",1,"Flu ED visits pct",2026-03-14,"quantile",0.75,3.11243743743744
2026-03-07,"cherokee",1,"Flu ED visits pct",2026-03-14,"quantile",0.9,4.60590290290291
2026-03-07,"cherokee",1,"Flu ED visits pct",2026-03-14,"quantile",0.95,6.1384984984985
2026-03-07,"cherokee",1,"Flu ED visits pct",2026-03-14,"quantile",0.975,8.10191191191191
2026-03-07,"cherokee",2,"Flu ED visits pct",2026-03-21,"quantile",0.025,0
2026-03-07,"cherokee",2,"Flu ED visits pct",2026-03-21,"quantile",0.05,0
2026-03-07,"cherokee",2,"Flu ED visits pct",2026-03-21,"quantile",0.1,0.190955955955956
2026-03-07,"cherokee",2,"Flu ED visits pct",2026-03-21,"quantile",0.25,1.87085585585586
2026-03-07,"cherokee",2,"Flu ED visits pct",2026-03-21,"quantile",0.5,2.71
2026-03-07,"cherokee",2,"Flu ED visits pct",2026-03-21,"quantile",0.75,3.52427677677678
2026-03-07,"cherokee",2,"Flu ED visits pct",2026-03-21,"quantile",0.9,5.16142742742743
2026-03-07,"cherokee",2,"Flu ED visits pct",2026-03-21,"quantile",0.95,7.42745945945946
2026-03-07,"cherokee",2,"Flu ED visits pct",2026-03-21,"quantile",0.975,8.91249424424424
2026-03-07,"cherokee",3,"Flu ED visits pct",2026-03-28,"quantile",0.025,0
2026-03-07,"cherokee",3,"Flu ED visits pct",2026-03-28,"quantile",0.05,0
2026-03-07,"cherokee",3,"Flu ED visits pct",2026-03-28,"quantile",0.1,0
2026-03-07,"cherokee",3,"Flu ED visits pct",2026-03-28,"quantile",0.25,1.51947197197197
2026-03-07,"cherokee",3,"Flu ED visits pct",2026-03-28,"quantile",0.5,2.71
2026-03-07,"cherokee",3,"Flu ED visits pct",2026-03-28,"quantile",0.75,3.88403903903904
2026-03-07,"cherokee",3,"Flu ED visits pct",2026-03-28,"quantile",0.9,6.14283283283283
2026-03-07,"cherokee",3,"Flu ED visits pct",2026-03-28,"quantile",0.95,8.10326476476475
2026-03-07,"cherokee",3,"Flu ED visits pct",2026-03-28,"quantile",0.975,9.55537412412412
2026-03-07,"clt-area",0,"Flu ED visits pct",2026-03-07,"quantile",0.025,2.71501726726727
2026-03-07,"clt-area",0,"Flu ED visits pct",2026-03-07,"quantile",0.05,3.24247597597598
2026-03-07,"clt-area",0,"Flu ED visits pct",2026-03-07,"quantile",0.1,3.63790990990991
2026-03-07,"clt-area",0,"Flu ED visits pct",2026-03-07,"quantile",0.25,3.85
2026-03-07,"clt-area",0,"Flu ED visits pct",2026-03-07,"quantile",0.5,3.9
2026-03-07,"clt-area",0,"Flu ED visits pct",2026-03-07,"quantile",0.75,3.95
2026-03-07,"clt-area",0,"Flu ED visits pct",2026-03-07,"quantile",0.9,4.16209009009009
2026-03-07,"clt-area",0,"Flu ED visits pct",2026-03-07,"quantile",0.95,4.55752402402402
2026-03-07,"clt-area",0,"Flu ED visits pct",2026-03-07,"quantile",0.975,5.08498273273273
2026-03-07,"clt-area",1,"Flu ED visits pct",2026-03-14,"quantile",0.025,1.69433858858859
2026-03-07,"clt-area",1,"Flu ED visits pct",2026-03-14,"quantile",0.05,2.68231781781782
2026-03-07,"clt-area",1,"Flu ED visits pct",2026-03-14,"quantile",0.1,3.25548048048048
2026-03-07,"clt-area",1,"Flu ED visits pct",2026-03-14,"quantile",0.25,3.76548048048048
2026-03-07,"clt-area",1,"Flu ED visits pct",2026-03-14,"quantile",0.5,3.9
2026-03-07,"clt-area",1,"Flu ED visits pct",2026-03-14,"quantile",0.75,4.03548048048048
2026-03-07,"clt-area",1,"Flu ED visits pct",2026-03-14,"quantile",0.9,4.52556256256256
2026-03-07,"clt-area",1,"Flu ED visits pct",2026-03-14,"quantile",0.95,5.07562062062062
2026-03-07,"clt-area",1,"Flu ED visits pct",2026-03-14,"quantile",0.975,6.39209709709707
2026-03-07,"clt-area",2,"Flu ED visits pct",2026-03-21,"quantile",0.025,0.752939689689689
2026-03-07,"clt-area",2,"Flu ED visits pct",2026-03-21,"quantile",0.05,2.06242242242242
2026-03-07,"clt-area",2,"Flu ED visits pct",2026-03-21,"quantile",0.1,2.94964364364364
2026-03-07,"clt-area",2,"Flu ED visits pct",2026-03-21,"quantile",0.25,3.6310960960961
2026-03-07,"clt-area",2,"Flu ED visits pct",2026-03-21,"quantile",0.5,3.9
2026-03-07,"clt-area",2,"Flu ED visits pct",2026-03-21,"quantile",0.75,4.14
2026-03-07,"clt-area",2,"Flu ED visits pct",2026-03-21,"quantile",0.9,4.81794594594595
2026-03-07,"clt-area",2,"Flu ED visits pct",2026-03-21,"quantile",0.95,5.76554504504505
2026-03-07,"clt-area",2,"Flu ED visits pct",2026-03-21,"quantile",0.975,6.86730655655655
2026-03-07,"clt-area",3,"Flu ED visits pct",2026-03-28,"quantile",0.025,0.126596846846847
2026-03-07,"clt-area",3,"Flu ED visits pct",2026-03-28,"quantile",0.05,1.67923323323323
2026-03-07,"clt-area",3,"Flu ED visits pct",2026-03-28,"quantile",0.1,2.69925125125125
2026-03-07,"clt-area",3,"Flu ED visits pct",2026-03-28,"quantile",0.25,3.55867367367367
2026-03-07,"clt-area",3,"Flu ED visits pct",2026-03-28,"quantile",0.5,3.9
2026-03-07,"clt-area",3,"Flu ED visits pct",2026-03-28,"quantile",0.75,4.25747247247247
2026-03-07,"clt-area",3,"Flu ED visits pct",2026-03-28,"quantile",0.9,5.12
2026-03-07,"clt-area",3,"Flu ED visits pct",2026-03-28,"quantile",0.95,6.08182732732732
2026-03-07,"clt-area",3,"Flu ED visits pct",2026-03-28,"quantile",0.975,7.25881306306308
2026-03-07,"colorado",0,"Flu ED visits pct",2026-03-07,"quantile",0.025,0.73875
2026-03-07,"colorado",0,"Flu ED visits pct",2026-03-07,"quantile",0.05,1.34
2026-03-07,"colorado",0,"Flu ED visits pct",2026-03-07,"quantile",0.1,1.7
2026-03-07,"colorado",0,"Flu ED visits pct",2026-03-07,"quantile",0.25,2.08
2026-03-07,"colorado",0,"Flu ED visits pct",2026-03-07,"quantile",0.5,2.14
2026-03-07,"colorado",0,"Flu ED visits pct",2026-03-07,"quantile",0.75,2.2
2026-03-07,"colorado",0,"Flu ED visits pct",2026-03-07,"quantile",0.9,2.58
2026-03-07,"colorado",0,"Flu ED visits pct",2026-03-07,"quantile",0.95,2.94
2026-03-07,"colorado",0,"Flu ED visits pct",2026-03-07,"quantile",0.975,3.54125
2026-03-07,"colorado",1,"Flu ED visits pct",2026-03-14,"quantile",0.025,0.13808983983984
2026-03-07,"colorado",1,"Flu ED visits pct",2026-03-14,"quantile",0.05,0.769072072072072
2026-03-07,"colorado",1,"Flu ED visits pct",2026-03-14,"quantile",0.1,1.41961761761762
2026-03-07,"colorado",1,"Flu ED visits pct",2026-03-14,"quantile",0.25,1.90274524524525
2026-03-07,"colorado",1,"Flu ED visits pct",2026-03-14,"quantile",0.5,2.14
2026-03-07,"colorado",1,"Flu ED visits pct",2026-03-14,"quantile",0.75,2.36481981981982
2026-03-07,"colorado",1,"Flu ED visits pct",2026-03-14,"quantile",0.9,2.97006106106106
2026-03-07,"colorado",1,"Flu ED visits pct",2026-03-14,"quantile",0.95,3.54
2026-03-07,"colorado",1,"Flu ED visits pct",2026-03-14,"quantile",0.975,4.14174699699699
2026-03-07,"colorado",2,"Flu ED visits pct",2026-03-21,"quantile",0.025,0
2026-03-07,"colorado",2,"Flu ED visits pct",2026-03-21,"quantile",0.05,0.213358358358359
2026-03-07,"colorado",2,"Flu ED visits pct",2026-03-21,"quantile",0.1,1.02767667667668
2026-03-07,"colorado",2,"Flu ED visits pct",2026-03-21,"quantile",0.25,1.74617617617618
2026-03-07,"colorado",2,"Flu ED visits pct",2026-03-21,"quantile",0.5,2.14
2026-03-07,"colorado",2,"Flu ED visits pct",2026-03-21,"quantile",0.75,2.54
2026-03-07,"colorado",2,"Flu ED visits pct",2026-03-21,"quantile",0.9,3.24491591591592
2026-03-07,"colorado",2,"Flu ED visits pct",2026-03-21,"quantile",0.95,3.86067617617618
2026-03-07,"colorado",2,"Flu ED visits pct",2026-03-21,"quantile",0.975,4.29279504504504
2026-03-07,"colorado",3,"Flu ED visits pct",2026-03-28,"quantile",0.025,0
2026-03-07,"colorado",3,"Flu ED visits pct",2026-03-28,"quantile",0.05,0.0590510510510516
2026-03-07,"colorado",3,"Flu ED visits pct",2026-03-28,"quantile",0.1,0.773738738738739
2026-03-07,"colorado",3,"Flu ED visits pct",2026-03-28,"quantile",0.25,1.67517517517518
2026-03-07,"colorado",3,"Flu ED visits pct",2026-03-28,"quantile",0.5,2.14
2026-03-07,"colorado",3,"Flu ED visits pct",2026-03-28,"quantile",0.75,2.62494744744745
2026-03-07,"colorado",3,"Flu ED visits pct",2026-03-28,"quantile",0.9,3.50724024024024
2026-03-07,"colorado",3,"Flu ED visits pct",2026-03-28,"quantile",0.95,4.13812912912912
2026-03-07,"colorado",3,"Flu ED visits pct",2026-03-28,"quantile",0.975,4.92888913913914
2026-03-07,"colorado-springs",0,"Flu ED visits pct",2026-03-07,"quantile",0.025,0.74
2026-03-07,"colorado-springs",0,"Flu ED visits pct",2026-03-07,"quantile",0.05,1.2125
2026-03-07,"colorado-springs",0,"Flu ED visits pct",2026-03-07,"quantile",0.1,1.425
2026-03-07,"colorado-springs",0,"Flu ED visits pct",2026-03-07,"quantile",0.25,1.89
2026-03-07,"colorado-springs",0,"Flu ED visits pct",2026-03-07,"quantile",0.5,1.97
2026-03-07,"colorado-springs",0,"Flu ED visits pct",2026-03-07,"quantile",0.75,2.05
2026-03-07,"colorado-springs",0,"Flu ED visits pct",2026-03-07,"quantile",0.9,2.515
2026-03-07,"colorado-springs",0,"Flu ED visits pct",2026-03-07,"quantile",0.95,2.7275
2026-03-07,"colorado-springs",0,"Flu ED visits pct",2026-03-07,"quantile",0.975,3.2
2026-03-07,"colorado-springs",1,"Flu ED visits pct",2026-03-14,"quantile",0.025,0.0186894394394401
2026-03-07,"colorado-springs",1,"Flu ED visits pct",2026-03-14,"quantile",0.05,0.672194194194194
2026-03-07,"colorado-springs",1,"Flu ED visits pct",2026-03-14,"quantile",0.1,1.18796096096096
2026-03-07,"colorado-springs",1,"Flu ED visits pct",2026-03-14,"quantile",0.25,1.71234234234234
2026-03-07,"colorado-springs",1,"Flu ED visits pct",2026-03-14,"quantile",0.5,1.97
2026-03-07,"colorado-springs",1,"Flu ED visits pct",2026-03-14,"quantile",0.75,2.23280530530531
2026-03-07,"colorado-springs",1,"Flu ED visits pct",2026-03-14,"quantile",0.9,2.73684084084084
2026-03-07,"colorado-springs",1,"Flu ED visits pct",2026-03-14,"quantile",0.95,3.18241541541542
2026-03-07,"colorado-springs",1,"Flu ED visits pct",2026-03-14,"quantile",0.975,3.7301524024024
2026-03-07,"colorado-springs",2,"Flu ED visits pct",2026-03-21,"quantile",0.025,0
2026-03-07,"colorado-springs",2,"Flu ED visits pct",2026-03-21,"quantile",0.05,0.409306806806807
2026-03-07,"colorado-springs",2,"Flu ED visits pct",2026-03-21,"quantile",0.1,0.929601601601601
2026-03-07,"colorado-springs",2,"Flu ED visits pct",2026-03-21,"quantile",0.25,1.5470995995996
2026-03-07,"colorado-springs",2,"Flu ED visits pct",2026-03-21,"quantile",0.5,1.97
2026-03-07,"colorado-springs",2,"Flu ED visits pct",2026-03-21,"quantile",0.75,2.43284784784785
2026-03-07,"colorado-springs",2,"Flu ED visits pct",2026-03-21,"quantile",0.9,3.04150750750751
2026-03-07,"colorado-springs",2,"Flu ED visits pct",2026-03-21,"quantile",0.95,3.65616066066066
2026-03-07,"colorado-springs",2,"Flu ED visits pct",2026-03-21,"quantile",0.975,4.48404404404404
2026-03-07,"colorado-springs",3,"Flu ED visits pct",2026-03-28,"quantile",0.025,0
2026-03-07,"colorado-springs",3,"Flu ED visits pct",2026-03-28,"quantile",0.05,0
2026-03-07,"colorado-springs",3,"Flu ED visits pct",2026-03-28,"quantile",0.1,0.706185185185185
2026-03-07,"colorado-springs",3,"Flu ED visits pct",2026-03-28,"quantile",0.25,1.36552302302302
2026-03-07,"colorado-springs",3,"Flu ED visits pct",2026-03-28,"quantile",0.5,1.97
2026-03-07,"colorado-springs",3,"Flu ED visits pct",2026-03-28,"quantile",0.75,2.55529029029029
2026-03-07,"colorado-springs",3,"Flu ED visits pct",2026-03-28,"quantile",0.9,3.32085785785786
2026-03-07,"colorado-springs",3,"Flu ED visits pct",2026-03-28,"quantile",0.95,4.03355205205205
2026-03-07,"colorado-springs",3,"Flu ED visits pct",2026-03-28,"quantile",0.975,4.720746996997
2026-03-07,"columbia",0,"Flu ED visits pct",2026-03-07,"quantile",0.025,0
2026-03-07,"columbia",0,"Flu ED visits pct",2026-03-07,"quantile",0.05,0
2026-03-07,"columbia",0,"Flu ED visits pct",2026-03-07,"quantile",0.1,1.1
2026-03-07,"columbia",0,"Flu ED visits pct",2026-03-07,"quantile",0.25,1.9
2026-03-07,"columbia",0,"Flu ED visits pct",2026-03-07,"quantile",0.5,2.01
2026-03-07,"columbia",0,"Flu ED visits pct",2026-03-07,"quantile",0.75,2.12
2026-03-07,"columbia",0,"Flu ED visits pct",2026-03-07,"quantile",0.9,2.92
2026-03-07,"columbia",0,"Flu ED visits pct",2026-03-07,"quantile",0.95,4.02
2026-03-07,"columbia",0,"Flu ED visits pct",2026-03-07,"quantile",0.975,5.2875
2026-03-07,"columbia",1,"Flu ED visits pct",2026-03-14,"quantile",0.025,0
2026-03-07,"columbia",1,"Flu ED visits pct",2026-03-14,"quantile",0.05,0
2026-03-07,"columbia",1,"Flu ED visits pct",2026-03-14,"quantile",0.1,0.0731771771771788
2026-03-07,"columbia",1,"Flu ED visits pct",2026-03-14,"quantile",0.25,1.64233983983984
2026-03-07,"columbia",1,"Flu ED visits pct",2026-03-14,"quantile",0.5,2.01
2026-03-07,"columbia",1,"Flu ED visits pct",2026-03-14,"quantile",0.75,2.4425
2026-03-07,"columbia",1,"Flu ED visits pct",2026-03-14,"quantile",0.9,3.88625225225225
2026-03-07,"columbia",1,"Flu ED visits pct",2026-03-14,"quantile",0.95,5.25585985985986
2026-03-07,"columbia",1,"Flu ED visits pct",2026-03-14,"quantile",0.975,6.1500658158158
2026-03-07,"columbia",2,"Flu ED visits pct",2026-03-21,"quantile",0.025,0
2026-03-07,"columbia",2,"Flu ED visits pct",2026-03-21,"quantile",0.05,0
2026-03-07,"columbia",2,"Flu ED visits pct",2026-03-21,"quantile",0.1,0
2026-03-07,"columbia",2,"Flu ED visits pct",2026-03-21,"quantile",0.25,1.17787537537538
2026-03-07,"columbia",2,"Flu ED visits pct",2026-03-21,"quantile",0.5,2.01
2026-03-07,"columbia",2,"Flu ED visits pct",2026-03-21,"quantile",0.75,2.8507007007007
2026-03-07,"columbia",2,"Flu ED visits pct",2026-03-21,"quantile",0.9,4.79799799799799
2026-03-07,"columbia",2,"Flu ED visits pct",2026-03-21,"quantile",0.95,5.74421071071071
2026-03-07,"columbia",2,"Flu ED visits pct",2026-03-21,"quantile",0.975,6.70675675675676
2026-03-07,"columbia",3,"Flu ED visits pct",2026-03-28,"quantile",0.025,0
2026-03-07,"columbia",3,"Flu ED visits pct",2026-03-28,"quantile",0.05,0
2026-03-07,"columbia",3,"Flu ED visits pct",2026-03-28,"quantile",0.1,0
2026-03-07,"columbia",3,"Flu ED visits pct",2026-03-28,"quantile",0.25,0.908293293293293
2026-03-07,"columbia",3,"Flu ED visits pct",2026-03-28,"quantile",0.5,2.01
2026-03-07,"columbia",3,"Flu ED visits pct",2026-03-28,"quantile",0.75,3.08110610610611
2026-03-07,"columbia",3,"Flu ED visits pct",2026-03-28,"quantile",0.9,5.15016316316316
2026-03-07,"columbia",3,"Flu ED visits pct",2026-03-28,"quantile",0.95,6.44697047047046
2026-03-07,"columbia",3,"Flu ED visits pct",2026-03-28,"quantile",0.975,7.5499179179179
2026-03-07,"columbus",0,"Flu ED visits pct",2026-03-07,"quantile",0.025,1.12875
2026-03-07,"columbus",0,"Flu ED visits pct",2026-03-07,"quantile",0.05,1.95
2026-03-07,"columbus",0,"Flu ED visits pct",2026-03-07,"quantile",0.1,2.37
2026-03-07,"columbus",0,"Flu ED visits pct",2026-03-07,"quantile",0.25,2.81
2026-03-07,"columbus",0,"Flu ED visits pct",2026-03-07,"quantile",0.5,2.94
2026-03-07,"columbus",0,"Flu ED visits pct",2026-03-07,"quantile",0.75,3.07
2026-03-07,"columbus",0,"Flu ED visits pct",2026-03-07,"quantile",0.9,3.51
2026-03-07,"columbus",0,"Flu ED visits pct",2026-03-07,"quantile",0.95,3.93
2026-03-07,"columbus",0,"Flu ED visits pct",2026-03-07,"quantile",0.975,4.75125
2026-03-07,"columbus",1,"Flu ED visits pct",2026-03-14,"quantile",0.025,0.420693693693693
2026-03-07,"columbus",1,"Flu ED visits pct",2026-03-14,"quantile",0.05,1.13131281281281
2026-03-07,"columbus",1,"Flu ED visits pct",2026-03-14,"quantile",0.1,1.96164864864865
2026-03-07,"columbus",1,"Flu ED visits pct",2026-03-14,"quantile",0.25,2.66394894894895
2026-03-07,"columbus",1,"Flu ED visits pct",2026-03-14,"quantile",0.5,2.94
2026-03-07,"columbus",1,"Flu ED visits pct",2026-03-14,"quantile",0.75,3.23405905905906
2026-03-07,"columbus",1,"Flu ED visits pct",2026-03-14,"quantile",0.9,3.90864564564565
2026-03-07,"columbus",1,"Flu ED visits pct",2026-03-14,"quantile",0.95,4.79709109109109
2026-03-07,"columbus",1,"Flu ED visits pct",2026-03-14,"quantile",0.975,5.49437612612612
2026-03-07,"columbus",2,"Flu ED visits pct",2026-03-21,"quantile",0.025,0.0145810810810816
2026-03-07,"columbus",2,"Flu ED visits pct",2026-03-21,"quantile",0.05,0.727477977977978
2026-03-07,"columbus",2,"Flu ED visits pct",2026-03-21,"quantile",0.1,1.51253853853854
2026-03-07,"columbus",2,"Flu ED visits pct",2026-03-21,"quantile",0.25,2.44972222222222
2026-03-07,"columbus",2,"Flu ED visits pct",2026-03-21,"quantile",0.5,2.94
2026-03-07,"columbus",2,"Flu ED visits pct",2026-03-21,"quantile",0.75,3.39598848848849
2026-03-07,"columbus",2,"Flu ED visits pct",2026-03-21,"quantile",0.9,4.25013113113113
2026-03-07,"columbus",2,"Flu ED visits pct",2026-03-21,"quantile",0.95,5.02835435435434
2026-03-07,"columbus",2,"Flu ED visits pct",2026-03-21,"quantile",0.975,5.77719144144144
2026-03-07,"columbus",3,"Flu ED visits pct",2026-03-28,"quantile",0.025,0
2026-03-07,"columbus",3,"Flu ED visits pct",2026-03-28,"quantile",0.05,0.46717017017017
2026-03-07,"columbus",3,"Flu ED visits pct",2026-03-28,"quantile",0.1,1.18600800800801
2026-03-07,"columbus",3,"Flu ED visits pct",2026-03-28,"quantile",0.25,2.32077077077077
2026-03-07,"columbus",3,"Flu ED visits pct",2026-03-28,"quantile",0.5,2.94
2026-03-07,"columbus",3,"Flu ED visits pct",2026-03-28,"quantile",0.75,3.58636886886887
2026-03-07,"columbus",3,"Flu ED visits pct",2026-03-28,"quantile",0.9,4.65233733733734
2026-03-07,"columbus",3,"Flu ED visits pct",2026-03-28,"quantile",0.95,5.5379034034034
2026-03-07,"columbus",3,"Flu ED visits pct",2026-03-28,"quantile",0.975,6.08442917917918
2026-03-07,"dallas",0,"Flu ED visits pct",2026-03-07,"quantile",0.025,0
2026-03-07,"dallas",0,"Flu ED visits pct",2026-03-07,"quantile",0.05,0.935
2026-03-07,"dallas",0,"Flu ED visits pct",2026-03-07,"quantile",0.1,1.585
2026-03-07,"dallas",0,"Flu ED visits pct",2026-03-07,"quantile",0.25,2.36
2026-03-07,"dallas",0,"Flu ED visits pct",2026-03-07,"quantile",0.5,2.43
2026-03-07,"dallas",0,"Flu ED visits pct",2026-03-07,"quantile",0.75,2.5
2026-03-07,"dallas",0,"Flu ED visits pct",2026-03-07,"quantile",0.9,3.275
2026-03-07,"dallas",0,"Flu ED visits pct",2026-03-07,"quantile",0.95,3.925
2026-03-07,"dallas",0,"Flu ED visits pct",2026-03-07,"quantile",0.975,5.07375
2026-03-07,"dallas",1,"Flu ED visits pct",2026-03-14,"quantile",0.025,0
2026-03-07,"dallas",1,"Flu ED visits pct",2026-03-14,"quantile",0.05,0.0899259259259266
2026-03-07,"dallas",1,"Flu ED visits pct",2026-03-14,"quantile",0.1,0.912897897897897
2026-03-07,"dallas",1,"Flu ED visits pct",2026-03-14,"quantile",0.25,2.06617617617618
2026-03-07,"dallas",1,"Flu ED visits pct",2026-03-14,"quantile",0.5,2.43
2026-03-07,"dallas",1,"Flu ED visits pct",2026-03-14,"quantile",0.75,2.76153153153153
2026-03-07,"dallas",1,"Flu ED visits pct",2026-03-14,"quantile",0.9,3.87957357357357
2026-03-07,"dallas",1,"Flu ED visits pct",2026-03-14,"quantile",0.95,4.98348898898899
2026-03-07,"dallas",1,"Flu ED visits pct",2026-03-14,"quantile",0.975,5.7051071071071
2026-03-07,"dallas",2,"Flu ED visits pct",2026-03-21,"quantile",0.025,0
2026-03-07,"dallas",2,"Flu ED visits pct",2026-03-21,"quantile",0.05,0
2026-03-07,"dallas",2,"Flu ED visits pct",2026-03-21,"quantile",0.1,0.495635635635635
2026-03-07,"dallas",2,"Flu ED visits pct",2026-03-21,"quantile",0.25,1.73905905905906
2026-03-07,"dallas",2,"Flu ED visits pct",2026-03-21,"quantile",0.5,2.43
2026-03-07,"dallas",2,"Flu ED visits pct",2026-03-21,"quantile",0.75,3.04687687687688
2026-03-07,"dallas",2,"Flu ED visits pct",2026-03-21,"quantile",0.9,4.40527627627628
2026-03-07,"dallas",2,"Flu ED visits pct",2026-03-21,"quantile",0.95,5.37434634634634
2026-03-07,"dallas",2,"Flu ED visits pct",2026-03-21,"quantile",0.975,6.00179679679679
2026-03-07,"dallas",3,"Flu ED visits pct",2026-03-28,"quantile",0.025,0
2026-03-07,"dallas",3,"Flu ED visits pct",2026-03-28,"quantile",0.05,0
2026-03-07,"dallas",3,"Flu ED visits pct",2026-03-28,"quantile",0.1,0.123722722722722
2026-03-07,"dallas",3,"Flu ED visits pct",2026-03-28,"quantile",0.25,1.47185435435435
2026-03-07,"dallas",3,"Flu ED visits pct",2026-03-28,"quantile",0.5,2.43
2026-03-07,"dallas",3,"Flu ED visits pct",2026-03-28,"quantile",0.75,3.25760760760761
2026-03-07,"dallas",3,"Flu ED visits pct",2026-03-28,"quantile",0.9,4.65743843843844
2026-03-07,"dallas",3,"Flu ED visits pct",2026-03-28,"quantile",0.95,5.63868518518518
2026-03-07,"dallas",3,"Flu ED visits pct",2026-03-28,"quantile",0.975,6.49103028028028
2026-03-07,"denver",0,"Flu ED visits pct",2026-03-07,"quantile",0.025,0.6725
2026-03-07,"denver",0,"Flu ED visits pct",2026-03-07,"quantile",0.05,1.2425
2026-03-07,"denver",0,"Flu ED visits pct",2026-03-07,"quantile",0.1,1.705
2026-03-07,"denver",0,"Flu ED visits pct",2026-03-07,"quantile",0.25,2.04
2026-03-07,"denver",0,"Flu ED visits pct",2026-03-07,"quantile",0.5,2.11
2026-03-07,"denver",0,"Flu ED visits pct",2026-03-07,"quantile",0.75,2.18
2026-03-07,"denver",0,"Flu ED visits pct",2026-03-07,"quantile",0.9,2.515
2026-03-07,"denver",0,"Flu ED visits pct",2026-03-07,"quantile",0.95,2.9775
2026-03-07,"denver",0,"Flu ED visits pct",2026-03-07,"quantile",0.975,3.5475
2026-03-07,"denver",1,"Flu ED visits pct",2026-03-14,"quantile",0.025,0.138441691691691
2026-03-07,"denver",1,"Flu ED visits pct",2026-03-14,"quantile",0.05,0.653087087087087
2026-03-07,"denver",1,"Flu ED visits pct",2026-03-14,"quantile",0.1,1.31475075075075
2026-03-07,"denver",1,"Flu ED visits pct",2026-03-14,"quantile",0.25,1.8694994994995
2026-03-07,"denver",1,"Flu ED visits pct",2026-03-14,"quantile",0.5,2.11
2026-03-07,"denver",1,"Flu ED visits pct",2026-03-14,"quantile",0.75,2.3515965965966
2026-03-07,"denver",1,"Flu ED visits pct",2026-03-14,"quantile",0.9,2.96542942942943
2026-03-07,"denver",1,"Flu ED visits pct",2026-03-14,"quantile",0.95,3.62491391391392
2026-03-07,"denver",1,"Flu ED visits pct",2026-03-14,"quantile",0.975,4.15871996996996
2026-03-07,"denver",2,"Flu ED visits pct",2026-03-21,"quantile",0.025,0
2026-03-07,"denver",2,"Flu ED visits pct",2026-03-21,"quantile",0.05,0.308073073073073
2026-03-07,"denver",2,"Flu ED visits pct",2026-03-21,"quantile",0.1,0.907898898898898
2026-03-07,"denver",2,"Flu ED visits pct",2026-03-21,"quantile",0.25,1.76153903903904
2026-03-07,"denver",2,"Flu ED visits pct",2026-03-21,"quantile",0.5,2.11
2026-03-07,"denver",2,"Flu ED visits pct",2026-03-21,"quantile",0.75,2.48342842842843
2026-03-07,"denver",2,"Flu ED visits pct",2026-03-21,"quantile",0.9,3.4431031031031
2026-03-07,"denver",2,"Flu ED visits pct",2026-03-21,"quantile",0.95,4.00443093093092
2026-03-07,"denver",2,"Flu ED visits pct",2026-03-21,"quantile",0.975,4.41012337337337
2026-03-07,"denver",3,"Flu ED visits pct",2026-03-28,"quantile",0.025,0
2026-03-07,"denver",3,"Flu ED visits pct",2026-03-28,"quantile",0.05,0.189697697697697
2026-03-07,"denver",3,"Flu ED visits pct",2026-03-28,"quantile",0.1,0.687273273273273
2026-03-07,"denver",3,"Flu ED visits pct",2026-03-28,"quantile",0.25,1.63602102102102
2026-03-07,"denver",3,"Flu ED visits pct",2026-03-28,"quantile",0.5,2.11
2026-03-07,"denver",3,"Flu ED visits pct",2026-03-28,"quantile",0.75,2.62900900900901
2026-03-07,"denver",3,"Flu ED visits pct",2026-03-28,"quantile",0.9,3.61334834834835
2026-03-07,"denver",3,"Flu ED visits pct",2026-03-28,"quantile",0.95,4.2951041041041
2026-03-07,"denver",3,"Flu ED visits pct",2026-03-28,"quantile",0.975,4.6249014014014
2026-03-07,"deschutes",0,"Flu ED visits pct",2026-03-07,"quantile",0.025,0.82625
2026-03-07,"deschutes",0,"Flu ED visits pct",2026-03-07,"quantile",0.05,1.755
2026-03-07,"deschutes",0,"Flu ED visits pct",2026-03-07,"quantile",0.1,2.33
2026-03-07,"deschutes",0,"Flu ED visits pct",2026-03-07,"quantile",0.25,2.82
2026-03-07,"deschutes",0,"Flu ED visits pct",2026-03-07,"quantile",0.5,2.98
2026-03-07,"deschutes",0,"Flu ED visits pct",2026-03-07,"quantile",0.75,3.14
2026-03-07,"deschutes",0,"Flu ED visits pct",2026-03-07,"quantile",0.9,3.63
2026-03-07,"deschutes",0,"Flu ED visits pct",2026-03-07,"quantile",0.95,4.205
2026-03-07,"deschutes",0,"Flu ED visits pct",2026-03-07,"quantile",0.975,5.13375
2026-03-07,"deschutes",1,"Flu ED visits pct",2026-03-14,"quantile",0.025,0.455217217217217
2026-03-07,"deschutes",1,"Flu ED visits pct",2026-03-14,"quantile",0.05,1.02946496496497
2026-03-07,"deschutes",1,"Flu ED visits pct",2026-03-14,"quantile",0.1,1.76314914914915
2026-03-07,"deschutes",1,"Flu ED visits pct",2026-03-14,"quantile",0.25,2.63821071071071
2026-03-07,"deschutes",1,"Flu ED visits pct",2026-03-14,"quantile",0.5,2.98
2026-03-07,"deschutes",1,"Flu ED visits pct",2026-03-14,"quantile",0.75,3.33974474474474
2026-03-07,"deschutes",1,"Flu ED visits pct",2026-03-14,"quantile",0.9,4.1729059059059
2026-03-07,"deschutes",1,"Flu ED visits pct",2026-03-14,"quantile",0.95,4.9827017017017
2026-03-07,"deschutes",1,"Flu ED visits pct",2026-03-14,"quantile",0.975,5.87139864864864
2026-03-07,"deschutes",2,"Flu ED visits pct",2026-03-21,"quantile",0.025,0
2026-03-07,"deschutes",2,"Flu ED visits pct",2026-03-21,"quantile",0.05,0.526756256256256
2026-03-07,"deschutes",2,"Flu ED visits pct",2026-03-21,"quantile",0.1,1.26916616616617
2026-03-07,"deschutes",2,"Flu ED visits pct",2026-03-21,"quantile",0.25,2.46475475475476
2026-03-07,"deschutes",2,"Flu ED visits pct",2026-03-21,"quantile",0.5,2.98
2026-03-07,"deschutes",2,"Flu ED visits pct",2026-03-21,"quantile",0.75,3.5093993993994
2026-03-07,"deschutes",2,"Flu ED visits pct",2026-03-21,"quantile",0.9,4.56725925925926
2026-03-07,"deschutes",2,"Flu ED visits pct",2026-03-21,"quantile",0.95,5.47391741741742
2026-03-07,"deschutes",2,"Flu ED visits pct",2026-03-21,"quantile",0.975,6.24134234234234
2026-03-07,"deschutes",3,"Flu ED visits pct",2026-03-28,"quantile",0.025,0
2026-03-07,"deschutes",3,"Flu ED visits pct",2026-03-28,"quantile",0.05,0.184567567567568
2026-03-07,"deschutes",3,"Flu ED visits pct",2026-03-28,"quantile",0.1,0.926905905905906
2026-03-07,"deschutes",3,"Flu ED visits pct",2026-03-28,"quantile",0.25,2.25031531531532
2026-03-07,"deschutes",3,"Flu ED visits pct",2026-03-28,"quantile",0.5,2.98
2026-03-07,"deschutes",3,"Flu ED visits pct",2026-03-28,"quantile",0.75,3.71966216216216
2026-03-07,"deschutes",3,"Flu ED visits pct",2026-03-28,"quantile",0.9,5.01975775775775
2026-03-07,"deschutes",3,"Flu ED visits pct",2026-03-28,"quantile",0.95,5.79061911911912
2026-03-07,"deschutes",3,"Flu ED visits pct",2026-03-28,"quantile",0.975,6.51397922922923
2026-03-07,"duluth",0,"Flu ED visits pct",2026-03-07,"quantile",0.025,0
2026-03-07,"duluth",0,"Flu ED visits pct",2026-03-07,"quantile",0.05,0.5275
2026-03-07,"duluth",0,"Flu ED visits pct",2026-03-07,"quantile",0.1,1.38
2026-03-07,"duluth",0,"Flu ED visits pct",2026-03-07,"quantile",0.25,1.92
2026-03-07,"duluth",0,"Flu ED visits pct",2026-03-07,"quantile",0.5,2.01
2026-03-07,"duluth",0,"Flu ED visits pct",2026-03-07,"quantile",0.75,2.1
2026-03-07,"duluth",0,"Flu ED visits pct",2026-03-07,"quantile",0.9,2.64
2026-03-07,"duluth",0,"Flu ED visits pct",2026-03-07,"quantile",0.95,3.4925
2026-03-07,"duluth",0,"Flu ED visits pct",2026-03-07,"quantile",0.975,4.73125
2026-03-07,"duluth",1,"Flu ED visits pct",2026-03-14,"quantile",0.025,0
2026-03-07,"duluth",1,"Flu ED visits pct",2026-03-14,"quantile",0.05,0
2026-03-07,"duluth",1,"Flu ED visits pct",2026-03-14,"quantile",0.1,0.494202202202202
2026-03-07,"duluth",1,"Flu ED visits pct",2026-03-14,"quantile",0.25,1.65838838838839
2026-03-07,"duluth",1,"Flu ED visits pct",2026-03-14,"quantile",0.5,2.01
2026-03-07,"duluth",1,"Flu ED visits pct",2026-03-14,"quantile",0.75,2.35828328328328
2026-03-07,"duluth",1,"Flu ED visits pct",2026-03-14,"quantile",0.9,3.43346346346346
2026-03-07,"duluth",1,"Flu ED visits pct",2026-03-14,"quantile",0.95,4.62958908908909
2026-03-07,"duluth",1,"Flu ED visits pct",2026-03-14,"quantile",0.975,5.43421271271271
2026-03-07,"duluth",2,"Flu ED visits pct",2026-03-21,"quantile",0.025,0
2026-03-07,"duluth",2,"Flu ED visits pct",2026-03-21,"quantile",0.05,0
2026-03-07,"duluth",2,"Flu ED visits pct",2026-03-21,"quantile",0.1,0
2026-03-07,"duluth",2,"Flu ED visits pct",2026-03-21,"quantile",0.25,1.40319069069069
2026-03-07,"duluth",2,"Flu ED visits pct",2026-03-21,"quantile",0.5,2.01
2026-03-07,"duluth",2,"Flu ED visits pct",2026-03-21,"quantile",0.75,2.60265015015015
2026-03-07,"duluth",2,"Flu ED visits pct",2026-03-21,"quantile",0.9,4.11263963963964
2026-03-07,"duluth",2,"Flu ED visits pct",2026-03-21,"quantile",0.95,5.29555505505505
2026-03-07,"duluth",2,"Flu ED visits pct",2026-03-21,"quantile",0.975,5.94409209209209
2026-03-07,"duluth",3,"Flu ED visits pct",2026-03-28,"quantile",0.025,0
2026-03-07,"duluth",3,"Flu ED visits pct",2026-03-28,"quantile",0.05,0
2026-03-07,"duluth",3,"Flu ED visits pct",2026-03-28,"quantile",0.1,0
2026-03-07,"duluth",3,"Flu ED visits pct",2026-03-28,"quantile",0.25,1.16356606606607
2026-03-07,"duluth",3,"Flu ED visits pct",2026-03-28,"quantile",0.5,2.01
2026-03-07,"duluth",3,"Flu ED visits pct",2026-03-28,"quantile",0.75,2.83746496496497
2026-03-07,"duluth",3,"Flu ED visits pct",2026-03-28,"quantile",0.9,4.62726926926927
2026-03-07,"duluth",3,"Flu ED visits pct",2026-03-28,"quantile",0.95,5.73480930930931
2026-03-07,"duluth",3,"Flu ED visits pct",2026-03-28,"quantile",0.975,6.86040940940941
2026-03-07,"el-paso",0,"Flu ED visits pct",2026-03-07,"quantile",0.025,0
2026-03-07,"el-paso",0,"Flu ED visits pct",2026-03-07,"quantile",0.05,0.0699999999999995
2026-03-07,"el-paso",0,"Flu ED visits pct",2026-03-07,"quantile",0.1,0.815
2026-03-07,"el-paso",0,"Flu ED visits pct",2026-03-07,"quantile",0.25,1.24
2026-03-07,"el-paso",0,"Flu ED visits pct",2026-03-07,"quantile",0.5,1.39
2026-03-07,"el-paso",0,"Flu ED visits pct",2026-03-07,"quantile",0.75,1.54
2026-03-07,"el-paso",0,"Flu ED visits pct",2026-03-07,"quantile",0.9,1.965
2026-03-07,"el-paso",0,"Flu ED visits pct",2026-03-07,"quantile",0.95,2.71
2026-03-07,"el-paso",0,"Flu ED visits pct",2026-03-07,"quantile",0.975,4.0875
2026-03-07,"el-paso",1,"Flu ED visits pct",2026-03-14,"quantile",0.025,0
2026-03-07,"el-paso",1,"Flu ED visits pct",2026-03-14,"quantile",0.05,0
2026-03-07,"el-paso",1,"Flu ED visits pct",2026-03-14,"quantile",0.1,0
2026-03-07,"el-paso",1,"Flu ED visits pct",2026-03-14,"quantile",0.25,1.07
2026-03-07,"el-paso",1,"Flu ED visits pct",2026-03-14,"quantile",0.5,1.39
2026-03-07,"el-paso",1,"Flu ED visits pct",2026-03-14,"quantile",0.75,1.74032282282282
2026-03-07,"el-paso",1,"Flu ED visits pct",2026-03-14,"quantile",0.9,2.71983683683684
2026-03-07,"el-paso",1,"Flu ED visits pct",2026-03-14,"quantile",0.95,4.16635435435435
2026-03-07,"el-paso",1,"Flu ED visits pct",2026-03-14,"quantile",0.975,6.28641516516514
2026-03-07,"el-paso",2,"Flu ED visits pct",2026-03-21,"quantile",0.025,0
2026-03-07,"el-paso",2,"Flu ED visits pct",2026-03-21,"quantile",0.05,0
2026-03-07,"el-paso",2,"Flu ED visits pct",2026-03-21,"quantile",0.1,0
2026-03-07,"el-paso",2,"Flu ED visits pct",2026-03-21,"quantile",0.25,0.848495995995996
2026-03-07,"el-paso",2,"Flu ED visits pct",2026-03-21,"quantile",0.5,1.39
2026-03-07,"el-paso",2,"Flu ED visits pct",2026-03-21,"quantile",0.75,1.94680930930931
2026-03-07,"el-paso",2,"Flu ED visits pct",2026-03-21,"quantile",0.9,3.30033233233233
2026-03-07,"el-paso",2,"Flu ED visits pct",2026-03-21,"quantile",0.95,5.11294494494492
2026-03-07,"el-paso",2,"Flu ED visits pct",2026-03-21,"quantile",0.975,7.43937437437436
2026-03-07,"el-paso",3,"Flu ED visits pct",2026-03-28,"quantile",0.025,0
2026-03-07,"el-paso",3,"Flu ED visits pct",2026-03-28,"quantile",0.05,0
2026-03-07,"el-paso",3,"Flu ED visits pct",2026-03-28,"quantile",0.1,0
2026-03-07,"el-paso",3,"Flu ED visits pct",2026-03-28,"quantile",0.25,0.617542542542542
2026-03-07,"el-paso",3,"Flu ED visits pct",2026-03-28,"quantile",0.5,1.39
2026-03-07,"el-paso",3,"Flu ED visits pct",2026-03-28,"quantile",0.75,2.23099099099099
2026-03-07,"el-paso",3,"Flu ED visits pct",2026-03-28,"quantile",0.9,4.07921321321322
2026-03-07,"el-paso",3,"Flu ED visits pct",2026-03-28,"quantile",0.95,6.42148198198197
2026-03-07,"el-paso",3,"Flu ED visits pct",2026-03-28,"quantile",0.975,8.00230580580579
2026-03-07,"eugene",0,"Flu ED visits pct",2026-03-07,"quantile",0.025,1.595
2026-03-07,"eugene",0,"Flu ED visits pct",2026-03-07,"quantile",0.05,2.2775
2026-03-07,"eugene",0,"Flu ED visits pct",2026-03-07,"quantile",0.1,2.72
2026-03-07,"eugene",0,"Flu ED visits pct",2026-03-07,"quantile",0.25,3.14
2026-03-07,"eugene",0,"Flu ED visits pct",2026-03-07,"quantile",0.5,3.19
2026-03-07,"eugene",0,"Flu ED visits pct",2026-03-07,"quantile",0.75,3.24
2026-03-07,"eugene",0,"Flu ED visits pct",2026-03-07,"quantile",0.9,3.66
2026-03-07,"eugene",0,"Flu ED visits pct",2026-03-07,"quantile",0.95,4.1025
2026-03-07,"eugene",0,"Flu ED visits pct",2026-03-07,"quantile",0.975,4.785
2026-03-07,"eugene",1,"Flu ED visits pct",2026-03-14,"quantile",0.025,0.858371371371371
2026-03-07,"eugene",1,"Flu ED visits pct",2026-03-14,"quantile",0.05,1.59775075075075
2026-03-07,"eugene",1,"Flu ED visits pct",2026-03-14,"quantile",0.1,2.24797997997998
2026-03-07,"eugene",1,"Flu ED visits pct",2026-03-14,"quantile",0.25,2.97935185185185
2026-03-07,"eugene",1,"Flu ED visits pct",2026-03-14,"quantile",0.5,3.19
2026-03-07,"eugene",1,"Flu ED visits pct",2026-03-14,"quantile",0.75,3.41022522522523
2026-03-07,"eugene",1,"Flu ED visits pct",2026-03-14,"quantile",0.9,4.12447947947948
2026-03-07,"eugene",1,"Flu ED visits pct",2026-03-14,"quantile",0.95,4.79914814814815
2026-03-07,"eugene",1,"Flu ED visits pct",2026-03-14,"quantile",0.975,5.34426651651652
2026-03-07,"eugene",2,"Flu ED visits pct",2026-03-21,"quantile",0.025,0.34393018018018
2026-03-07,"eugene",2,"Flu ED visits pct",2026-03-21,"quantile",0.05,1.11647947947948
2026-03-07,"eugene",2,"Flu ED visits pct",2026-03-21,"quantile",0.1,1.8623003003003
2026-03-07,"eugene",2,"Flu ED visits pct",2026-03-21,"quantile",0.25,2.75953703703704
2026-03-07,"eugene",2,"Flu ED visits pct",2026-03-21,"quantile",0.5,3.19
2026-03-07,"eugene",2,"Flu ED visits pct",2026-03-21,"quantile",0.75,3.63101101101101
2026-03-07,"eugene",2,"Flu ED visits pct",2026-03-21,"quantile",0.9,4.47045445445445
2026-03-07,"eugene",2,"Flu ED visits pct",2026-03-21,"quantile",0.95,4.96982332332333
2026-03-07,"eugene",2,"Flu ED visits pct",2026-03-21,"quantile",0.975,5.91797872872873
2026-03-07,"eugene",3,"Flu ED visits pct",2026-03-28,"quantile",0.025,0.0356073573573575
2026-03-07,"eugene",3,"Flu ED visits pct",2026-03-28,"quantile",0.05,0.676057057057057
2026-03-07,"eugene",3,"Flu ED visits pct",2026-03-28,"quantile",0.1,1.58607507507508
2026-03-07,"eugene",3,"Flu ED visits pct",2026-03-28,"quantile",0.25,2.56145395395395
2026-03-07,"eugene",3,"Flu ED visits pct",2026-03-28,"quantile",0.5,3.19
2026-03-07,"eugene",3,"Flu ED visits pct",2026-03-28,"quantile",0.75,3.76668168168168
2026-03-07,"eugene",3,"Flu ED visits pct",2026-03-28,"quantile",0.9,4.71020520520521
2026-03-07,"eugene",3,"Flu ED visits pct",2026-03-28,"quantile",0.95,5.54217317317317
2026-03-07,"eugene",3,"Flu ED visits pct",2026-03-28,"quantile",0.975,6.22856081081081
2026-03-07,"fay-area",0,"Flu ED visits pct",2026-03-07,"quantile",0.025,2.41796546546547
2026-03-07,"fay-area",0,"Flu ED visits pct",2026-03-07,"quantile",0.05,3.054
2026-03-07,"fay-area",0,"Flu ED visits pct",2026-03-07,"quantile",0.1,3.52909009009009
2026-03-07,"fay-area",0,"Flu ED visits pct",2026-03-07,"quantile",0.25,3.88
2026-03-07,"fay-area",0,"Flu ED visits pct",2026-03-07,"quantile",0.5,3.95
2026-03-07,"fay-area",0,"Flu ED visits pct",2026-03-07,"quantile",0.75,4.02
2026-03-07,"fay-area",0,"Flu ED visits pct",2026-03-07,"quantile",0.9,4.37090990990991
2026-03-07,"fay-area",0,"Flu ED visits pct",2026-03-07,"quantile",0.95,4.846
2026-03-07,"fay-area",0,"Flu ED visits pct",2026-03-07,"quantile",0.975,5.48203453453453
2026-03-07,"fay-area",1,"Flu ED visits pct",2026-03-14,"quantile",0.025,1.49271721721722
2026-03-07,"fay-area",1,"Flu ED visits pct",2026-03-14,"quantile",0.05,2.46257857857858
2026-03-07,"fay-area",1,"Flu ED visits pct",2026-03-14,"quantile",0.1,3.11898298298298
2026-03-07,"fay-area",1,"Flu ED visits pct",2026-03-14,"quantile",0.25,3.72955955955956
2026-03-07,"fay-area",1,"Flu ED visits pct",2026-03-14,"quantile",0.5,3.95
2026-03-07,"fay-area",1,"Flu ED visits pct",2026-03-14,"quantile",0.75,4.18
2026-03-07,"fay-area",1,"Flu ED visits pct",2026-03-14,"quantile",0.9,4.78320920920921
2026-03-07,"fay-area",1,"Flu ED visits pct",2026-03-14,"quantile",0.95,5.55474774774775
2026-03-07,"fay-area",1,"Flu ED visits pct",2026-03-14,"quantile",0.975,6.47017717717717
2026-03-07,"fay-area",2,"Flu ED visits pct",2026-03-21,"quantile",0.025,0.673427427427428
2026-03-07,"fay-area",2,"Flu ED visits pct",2026-03-21,"quantile",0.05,1.77072772772773
2026-03-07,"fay-area",2,"Flu ED visits pct",2026-03-21,"quantile",0.1,2.76081081081081
2026-03-07,"fay-area",2,"Flu ED visits pct",2026-03-21,"quantile",0.25,3.5762987987988
2026-03-07,"fay-area",2,"Flu ED visits pct",2026-03-21,"quantile",0.5,3.95
2026-03-07,"fay-area",2,"Flu ED visits pct",2026-03-21,"quantile",0.75,4.33
2026-03-07,"fay-area",2,"Flu ED visits pct",2026-03-21,"quantile",0.9,5.13713913913914
2026-03-07,"fay-area",2,"Flu ED visits pct",2026-03-21,"quantile",0.95,5.97235435435435
2026-03-07,"fay-area",2,"Flu ED visits pct",2026-03-21,"quantile",0.975,7.26994744744746
2026-03-07,"fay-area",3,"Flu ED visits pct",2026-03-28,"quantile",0.025,0.226216466466467
2026-03-07,"fay-area",3,"Flu ED visits pct",2026-03-28,"quantile",0.05,1.50461811811812
2026-03-07,"fay-area",3,"Flu ED visits pct",2026-03-28,"quantile",0.1,2.34378378378378
2026-03-07,"fay-area",3,"Flu ED visits pct",2026-03-28,"quantile",0.25,3.4
2026-03-07,"fay-area",3,"Flu ED visits pct",2026-03-28,"quantile",0.5,3.95
2026-03-07,"fay-area",3,"Flu ED visits pct",2026-03-28,"quantile",0.75,4.47
2026-03-07,"fay-area",3,"Flu ED visits pct",2026-03-28,"quantile",0.9,5.54608108108108
2026-03-07,"fay-area",3,"Flu ED visits pct",2026-03-28,"quantile",0.95,6.57367967967968
2026-03-07,"fay-area",3,"Flu ED visits pct",2026-03-28,"quantile",0.975,7.5851091091091
2026-03-07,"florence",0,"Flu ED visits pct",2026-03-07,"quantile",0.025,0
2026-03-07,"florence",0,"Flu ED visits pct",2026-03-07,"quantile",0.05,0
2026-03-07,"florence",0,"Flu ED visits pct",2026-03-07,"quantile",0.1,1.46
2026-03-07,"florence",0,"Flu ED visits pct",2026-03-07,"quantile",0.25,2.07
2026-03-07,"florence",0,"Flu ED visits pct",2026-03-07,"quantile",0.5,2.26
2026-03-07,"florence",0,"Flu ED visits pct",2026-03-07,"quantile",0.75,2.45
2026-03-07,"florence",0,"Flu ED visits pct",2026-03-07,"quantile",0.9,3.06
2026-03-07,"florence",0,"Flu ED visits pct",2026-03-07,"quantile",0.95,4.5875
2026-03-07,"florence",0,"Flu ED visits pct",2026-03-07,"quantile",0.975,5.6775
2026-03-07,"florence",1,"Flu ED visits pct",2026-03-14,"quantile",0.025,0
2026-03-07,"florence",1,"Flu ED visits pct",2026-03-14,"quantile",0.05,0
2026-03-07,"florence",1,"Flu ED visits pct",2026-03-14,"quantile",0.1,0.0354854854854851
2026-03-07,"florence",1,"Flu ED visits pct",2026-03-14,"quantile",0.25,1.78921921921922
2026-03-07,"florence",1,"Flu ED visits pct",2026-03-14,"quantile",0.5,2.26
2026-03-07,"florence",1,"Flu ED visits pct",2026-03-14,"quantile",0.75,2.68923173173173
2026-03-07,"florence",1,"Flu ED visits pct",2026-03-14,"quantile",0.9,4.53934134134134
2026-03-07,"florence",1,"Flu ED visits pct",2026-03-14,"quantile",0.95,5.6732012012012
2026-03-07,"florence",1,"Flu ED visits pct",2026-03-14,"quantile",0.975,6.88890240240237
2026-03-07,"florence",2,"Flu ED visits pct",2026-03-21,"quantile",0.025,0
2026-03-07,"florence",2,"Flu ED visits pct",2026-03-21,"quantile",0.05,0
2026-03-07,"florence",2,"Flu ED visits pct",2026-03-21,"quantile",0.1,0
2026-03-07,"florence",2,"Flu ED visits pct",2026-03-21,"quantile",0.25,1.50830830830831
2026-03-07,"florence",2,"Flu ED visits pct",2026-03-21,"quantile",0.5,2.26
2026-03-07,"florence",2,"Flu ED visits pct",2026-03-21,"quantile",0.75,3.0418968968969
2026-03-07,"florence",2,"Flu ED visits pct",2026-03-21,"quantile",0.9,5.07319019019019
2026-03-07,"florence",2,"Flu ED visits pct",2026-03-21,"quantile",0.95,6.08783933933934
2026-03-07,"florence",2,"Flu ED visits pct",2026-03-21,"quantile",0.975,7.26526001001001
2026-03-07,"florence",3,"Flu ED visits pct",2026-03-28,"quantile",0.025,0
2026-03-07,"florence",3,"Flu ED visits pct",2026-03-28,"quantile",0.05,0
2026-03-07,"florence",3,"Flu ED visits pct",2026-03-28,"quantile",0.1,0
2026-03-07,"florence",3,"Flu ED visits pct",2026-03-28,"quantile",0.25,1.11783033033033
2026-03-07,"florence",3,"Flu ED visits pct",2026-03-28,"quantile",0.5,2.26
2026-03-07,"florence",3,"Flu ED visits pct",2026-03-28,"quantile",0.75,3.39245745745746
2026-03-07,"florence",3,"Flu ED visits pct",2026-03-28,"quantile",0.9,5.48674174174172
2026-03-07,"florence",3,"Flu ED visits pct",2026-03-28,"quantile",0.95,6.92076126126126
2026-03-07,"florence",3,"Flu ED visits pct",2026-03-28,"quantile",0.975,8.03226351351351
2026-03-07,"floyd",0,"Flu ED visits pct",2026-03-07,"quantile",0.025,0
2026-03-07,"floyd",0,"Flu ED visits pct",2026-03-07,"quantile",0.05,1.105
2026-03-07,"floyd",0,"Flu ED visits pct",2026-03-07,"quantile",0.1,2.12
2026-03-07,"floyd",0,"Flu ED visits pct",2026-03-07,"quantile",0.25,2.75
2026-03-07,"floyd",0,"Flu ED visits pct",2026-03-07,"quantile",0.5,2.92
2026-03-07,"floyd",0,"Flu ED visits pct",2026-03-07,"quantile",0.75,3.09
2026-03-07,"floyd",0,"Flu ED visits pct",2026-03-07,"quantile",0.9,3.72
2026-03-07,"floyd",0,"Flu ED visits pct",2026-03-07,"quantile",0.95,4.735
2026-03-07,"floyd",0,"Flu ED visits pct",2026-03-07,"quantile",0.975,6.7625
2026-03-07,"floyd",1,"Flu ED visits pct",2026-03-14,"quantile",0.025,0
2026-03-07,"floyd",1,"Flu ED visits pct",2026-03-14,"quantile",0.05,0
2026-03-07,"floyd",1,"Flu ED visits pct",2026-03-14,"quantile",0.1,1.12955555555556
2026-03-07,"floyd",1,"Flu ED visits pct",2026-03-14,"quantile",0.25,2.47224974974975
2026-03-07,"floyd",1,"Flu ED visits pct",2026-03-14,"quantile",0.5,2.92
2026-03-07,"floyd",1,"Flu ED visits pct",2026-03-14,"quantile",0.75,3.33042042042042
2026-03-07,"floyd",1,"Flu ED visits pct",2026-03-14,"quantile",0.9,4.73772972972973
2026-03-07,"floyd",1,"Flu ED visits pct",2026-03-14,"quantile",0.95,6.57867217217218
2026-03-07,"floyd",1,"Flu ED visits pct",2026-03-14,"quantile",0.975,7.65694519519519
2026-03-07,"floyd",2,"Flu ED visits pct",2026-03-21,"quantile",0.025,0
2026-03-07,"floyd",2,"Flu ED visits pct",2026-03-21,"quantile",0.05,0
2026-03-07,"floyd",2,"Flu ED visits pct",2026-03-21,"quantile",0.1,0.285698698698698
2026-03-07,"floyd",2,"Flu ED visits pct",2026-03-21,"quantile",0.25,2.21705705705706
2026-03-07,"floyd",2,"Flu ED visits pct",2026-03-21,"quantile",0.5,2.92
2026-03-07,"floyd",2,"Flu ED visits pct",2026-03-21,"quantile",0.75,3.64533033033033
2026-03-07,"floyd",2,"Flu ED visits pct",2026-03-21,"quantile",0.9,5.43328028028028
2026-03-07,"floyd",2,"Flu ED visits pct",2026-03-21,"quantile",0.95,7.22969219219218
2026-03-07,"floyd",2,"Flu ED visits pct",2026-03-21,"quantile",0.975,8.34443318318318
2026-03-07,"floyd",3,"Flu ED visits pct",2026-03-28,"quantile",0.025,0
2026-03-07,"floyd",3,"Flu ED visits pct",2026-03-28,"quantile",0.05,0
2026-03-07,"floyd",3,"Flu ED visits pct",2026-03-28,"quantile",0.1,0
2026-03-07,"floyd",3,"Flu ED visits pct",2026-03-28,"quantile",0.25,1.84161161161161
2026-03-07,"floyd",3,"Flu ED visits pct",2026-03-28,"quantile",0.5,2.92
2026-03-07,"floyd",3,"Flu ED visits pct",2026-03-28,"quantile",0.75,3.98771521521521
2026-03-07,"floyd",3,"Flu ED visits pct",2026-03-28,"quantile",0.9,6.11362362362363
2026-03-07,"floyd",3,"Flu ED visits pct",2026-03-28,"quantile",0.95,7.81201951951952
2026-03-07,"floyd",3,"Flu ED visits pct",2026-03-28,"quantile",0.975,9.22011161161161
2026-03-07,"frederick",0,"Flu ED visits pct",2026-03-07,"quantile",0.025,0
2026-03-07,"frederick",0,"Flu ED visits pct",2026-03-07,"quantile",0.05,0.0949999999999999
2026-03-07,"frederick",0,"Flu ED visits pct",2026-03-07,"quantile",0.1,0.925
2026-03-07,"frederick",0,"Flu ED visits pct",2026-03-07,"quantile",0.25,1.56
2026-03-07,"frederick",0,"Flu ED visits pct",2026-03-07,"quantile",0.5,1.76
2026-03-07,"frederick",0,"Flu ED visits pct",2026-03-07,"quantile",0.75,1.96
2026-03-07,"frederick",0,"Flu ED visits pct",2026-03-07,"quantile",0.9,2.595
2026-03-07,"frederick",0,"Flu ED visits pct",2026-03-07,"quantile",0.95,3.425
2026-03-07,"frederick",0,"Flu ED visits pct",2026-03-07,"quantile",0.975,3.9
2026-03-07,"frederick",1,"Flu ED visits pct",2026-03-14,"quantile",0.025,0
2026-03-07,"frederick",1,"Flu ED visits pct",2026-03-14,"quantile",0.05,0
2026-03-07,"frederick",1,"Flu ED visits pct",2026-03-14,"quantile",0.1,0.198972972972974
2026-03-07,"frederick",1,"Flu ED visits pct",2026-03-14,"quantile",0.25,1.27313063063063
2026-03-07,"frederick",1,"Flu ED visits pct",2026-03-14,"quantile",0.5,1.76
2026-03-07,"frederick",1,"Flu ED visits pct",2026-03-14,"quantile",0.75,2.26598348348348
2026-03-07,"frederick",1,"Flu ED visits pct",2026-03-14,"quantile",0.9,3.43500800800801
2026-03-07,"frederick",1,"Flu ED visits pct",2026-03-14,"quantile",0.95,4.10650400400399
2026-03-07,"frederick",1,"Flu ED visits pct",2026-03-14,"quantile",0.975,5.01893193193193
2026-03-07,"frederick",2,"Flu ED visits pct",2026-03-21,"quantile",0.025,0
2026-03-07,"frederick",2,"Flu ED visits pct",2026-03-21,"quantile",0.05,0
2026-03-07,"frederick",2,"Flu ED visits pct",2026-03-21,"quantile",0.1,0
2026-03-07,"frederick",2,"Flu ED visits pct",2026-03-21,"quantile",0.25,0.924466966966967
2026-03-07,"frederick",2,"Flu ED visits pct",2026-03-21,"quantile",0.5,1.76
2026-03-07,"frederick",2,"Flu ED visits pct",2026-03-21,"quantile",0.75,2.55491491491491
2026-03-07,"frederick",2,"Flu ED visits pct",2026-03-21,"quantile",0.9,3.73371971971972
2026-03-07,"frederick",2,"Flu ED visits pct",2026-03-21,"quantile",0.95,4.78637137137138
2026-03-07,"frederick",2,"Flu ED visits pct",2026-03-21,"quantile",0.975,5.63590515515515
2026-03-07,"frederick",3,"Flu ED visits pct",2026-03-28,"quantile",0.025,0
2026-03-07,"frederick",3,"Flu ED visits pct",2026-03-28,"quantile",0.05,0
2026-03-07,"frederick",3,"Flu ED visits pct",2026-03-28,"quantile",0.1,0
2026-03-07,"frederick",3,"Flu ED visits pct",2026-03-28,"quantile",0.25,0.671936936936937
2026-03-07,"frederick",3,"Flu ED visits pct",2026-03-28,"quantile",0.5,1.76
2026-03-07,"frederick",3,"Flu ED visits pct",2026-03-28,"quantile",0.75,2.84482732732733
2026-03-07,"frederick",3,"Flu ED visits pct",2026-03-28,"quantile",0.9,4.10237937937938
2026-03-07,"frederick",3,"Flu ED visits pct",2026-03-28,"quantile",0.95,5.16124774774775
2026-03-07,"frederick",3,"Flu ED visits pct",2026-03-28,"quantile",0.975,6.08526126126126
2026-03-07,"georgia",0,"Flu ED visits pct",2026-03-07,"quantile",0.025,0
2026-03-07,"georgia",0,"Flu ED visits pct",2026-03-07,"quantile",0.05,0.88
2026-03-07,"georgia",0,"Flu ED visits pct",2026-03-07,"quantile",0.1,1.39
2026-03-07,"georgia",0,"Flu ED visits pct",2026-03-07,"quantile",0.25,1.79
2026-03-07,"georgia",0,"Flu ED visits pct",2026-03-07,"quantile",0.5,1.86
2026-03-07,"georgia",0,"Flu ED visits pct",2026-03-07,"quantile",0.75,1.93
2026-03-07,"georgia",0,"Flu ED visits pct",2026-03-07,"quantile",0.9,2.33
2026-03-07,"georgia",0,"Flu ED visits pct",2026-03-07,"quantile",0.95,2.84
2026-03-07,"georgia",0,"Flu ED visits pct",2026-03-07,"quantile",0.975,3.83
2026-03-07,"georgia",1,"Flu ED visits pct",2026-03-14,"quantile",0.025,0
2026-03-07,"georgia",1,"Flu ED visits pct",2026-03-14,"quantile",0.05,0
2026-03-07,"georgia",1,"Flu ED visits pct",2026-03-14,"quantile",0.1,0.916938938938939
2026-03-07,"georgia",1,"Flu ED visits pct",2026-03-14,"quantile",0.25,1.64022522522523
2026-03-07,"georgia",1,"Flu ED visits pct",2026-03-14,"quantile",0.5,1.86
2026-03-07,"georgia",1,"Flu ED visits pct",2026-03-14,"quantile",0.75,2.08957957957958
2026-03-07,"georgia",1,"Flu ED visits pct",2026-03-14,"quantile",0.9,2.79168268268268
2026-03-07,"georgia",1,"Flu ED visits pct",2026-03-14,"quantile",0.95,3.89377877877878
2026-03-07,"georgia",1,"Flu ED visits pct",2026-03-14,"quantile",0.975,4.6466036036036
2026-03-07,"georgia",2,"Flu ED visits pct",2026-03-21,"quantile",0.025,0
2026-03-07,"georgia",2,"Flu ED visits pct",2026-03-21,"quantile",0.05,0
2026-03-07,"georgia",2,"Flu ED visits pct",2026-03-21,"quantile",0.1,0.472187187187187
2026-03-07,"georgia",2,"Flu ED visits pct",2026-03-21,"quantile",0.25,1.43133883883884
2026-03-07,"georgia",2,"Flu ED visits pct",2026-03-21,"quantile",0.5,1.86
2026-03-07,"georgia",2,"Flu ED visits pct",2026-03-21,"quantile",0.75,2.25982732732733
2026-03-07,"georgia",2,"Flu ED visits pct",2026-03-21,"quantile",0.9,3.22875375375376
2026-03-07,"georgia",2,"Flu ED visits pct",2026-03-21,"quantile",0.95,4.38762612612612
2026-03-07,"georgia",2,"Flu ED visits pct",2026-03-21,"quantile",0.975,5.2197957957958
2026-03-07,"georgia",3,"Flu ED visits pct",2026-03-28,"quantile",0.025,0
2026-03-07,"georgia",3,"Flu ED visits pct",2026-03-28,"quantile",0.05,0
2026-03-07,"georgia",3,"Flu ED visits pct",2026-03-28,"quantile",0.1,0.0244964964964963
2026-03-07,"georgia",3,"Flu ED visits pct",2026-03-28,"quantile",0.25,1.28978978978979
2026-03-07,"georgia",3,"Flu ED visits pct",2026-03-28,"quantile",0.5,1.86
2026-03-07,"georgia",3,"Flu ED visits pct",2026-03-28,"quantile",0.75,2.45553553553554
2026-03-07,"georgia",3,"Flu ED visits pct",2026-03-28,"quantile",0.9,3.59943243243243
2026-03-07,"georgia",3,"Flu ED visits pct",2026-03-28,"quantile",0.95,4.8909064064064
2026-03-07,"georgia",3,"Flu ED visits pct",2026-03-28,"quantile",0.975,5.361248998999
2026-03-07,"greenville",0,"Flu ED visits pct",2026-03-07,"quantile",0.025,0
2026-03-07,"greenville",0,"Flu ED visits pct",2026-03-07,"quantile",0.05,0.647499999999999
2026-03-07,"greenville",0,"Flu ED visits pct",2026-03-07,"quantile",0.1,1.765
2026-03-07,"greenville",0,"Flu ED visits pct",2026-03-07,"quantile",0.25,2.52
2026-03-07,"greenville",0,"Flu ED visits pct",2026-03-07,"quantile",0.5,2.61
2026-03-07,"greenville",0,"Flu ED visits pct",2026-03-07,"quantile",0.75,2.7
2026-03-07,"greenville",0,"Flu ED visits pct",2026-03-07,"quantile",0.9,3.455
2026-03-07,"greenville",0,"Flu ED visits pct",2026-03-07,"quantile",0.95,4.57250000000001
2026-03-07,"greenville",0,"Flu ED visits pct",2026-03-07,"quantile",0.975,6.15125
2026-03-07,"greenville",1,"Flu ED visits pct",2026-03-14,"quantile",0.025,0
2026-03-07,"greenville",1,"Flu ED visits pct",2026-03-14,"quantile",0.05,0
2026-03-07,"greenville",1,"Flu ED visits pct",2026-03-14,"quantile",0.1,0.746063063063061
2026-03-07,"greenville",1,"Flu ED visits pct",2026-03-14,"quantile",0.25,2.22634884884885
2026-03-07,"greenville",1,"Flu ED visits pct",2026-03-14,"quantile",0.5,2.61
2026-03-07,"greenville",1,"Flu ED visits pct",2026-03-14,"quantile",0.75,2.96103853853854
2026-03-07,"greenville",1,"Flu ED visits pct",2026-03-14,"quantile",0.9,4.30933833833834
2026-03-07,"greenville",1,"Flu ED visits pct",2026-03-14,"quantile",0.95,6.16671821821821
2026-03-07,"greenville",1,"Flu ED visits pct",2026-03-14,"quantile",0.975,7.31467317317318
2026-03-07,"greenville",2,"Flu ED visits pct",2026-03-21,"quantile",0.025,0
2026-03-07,"greenville",2,"Flu ED visits pct",2026-03-21,"quantile",0.05,0
2026-03-07,"greenville",2,"Flu ED visits pct",2026-03-21,"quantile",0.1,0
2026-03-07,"greenville",2,"Flu ED visits pct",2026-03-21,"quantile",0.25,1.88347097097097
2026-03-07,"greenville",2,"Flu ED visits pct",2026-03-21,"quantile",0.5,2.61
2026-03-07,"greenville",2,"Flu ED visits pct",2026-03-21,"quantile",0.75,3.29588588588588
2026-03-07,"greenville",2,"Flu ED visits pct",2026-03-21,"quantile",0.9,5.20404804804805
2026-03-07,"greenville",2,"Flu ED visits pct",2026-03-21,"quantile",0.95,6.95293843843843
2026-03-07,"greenville",2,"Flu ED visits pct",2026-03-21,"quantile",0.975,8.04773748748748
2026-03-07,"greenville",3,"Flu ED visits pct",2026-03-28,"quantile",0.025,0
2026-03-07,"greenville",3,"Flu ED visits pct",2026-03-28,"quantile",0.05,0
2026-03-07,"greenville",3,"Flu ED visits pct",2026-03-28,"quantile",0.1,0
2026-03-07,"greenville",3,"Flu ED visits pct",2026-03-28,"quantile",0.25,1.58677927927928
2026-03-07,"greenville",3,"Flu ED visits pct",2026-03-28,"quantile",0.5,2.61
2026-03-07,"greenville",3,"Flu ED visits pct",2026-03-28,"quantile",0.75,3.54446446446447
2026-03-07,"greenville",3,"Flu ED visits pct",2026-03-28,"quantile",0.9,5.96577977977978
2026-03-07,"greenville",3,"Flu ED visits pct",2026-03-28,"quantile",0.95,7.45705805805805
2026-03-07,"greenville",3,"Flu ED visits pct",2026-03-28,"quantile",0.975,8.52998323323323
2026-03-07,"hall",0,"Flu ED visits pct",2026-03-07,"quantile",0.025,0
2026-03-07,"hall",0,"Flu ED visits pct",2026-03-07,"quantile",0.05,0.105
2026-03-07,"hall",0,"Flu ED visits pct",2026-03-07,"quantile",0.1,1.145
2026-03-07,"hall",0,"Flu ED visits pct",2026-03-07,"quantile",0.25,1.61
2026-03-07,"hall",0,"Flu ED visits pct",2026-03-07,"quantile",0.5,1.75
2026-03-07,"hall",0,"Flu ED visits pct",2026-03-07,"quantile",0.75,1.89
2026-03-07,"hall",0,"Flu ED visits pct",2026-03-07,"quantile",0.9,2.355
2026-03-07,"hall",0,"Flu ED visits pct",2026-03-07,"quantile",0.95,3.395
2026-03-07,"hall",0,"Flu ED visits pct",2026-03-07,"quantile",0.975,4.20625
2026-03-07,"hall",1,"Flu ED visits pct",2026-03-14,"quantile",0.025,0
2026-03-07,"hall",1,"Flu ED visits pct",2026-03-14,"quantile",0.05,0
2026-03-07,"hall",1,"Flu ED visits pct",2026-03-14,"quantile",0.1,0.123805805805806
2026-03-07,"hall",1,"Flu ED visits pct",2026-03-14,"quantile",0.25,1.43497747747748
2026-03-07,"hall",1,"Flu ED visits pct",2026-03-14,"quantile",0.5,1.75
2026-03-07,"hall",1,"Flu ED visits pct",2026-03-14,"quantile",0.75,2.06253753753754
2026-03-07,"hall",1,"Flu ED visits pct",2026-03-14,"quantile",0.9,3.27694494494495
2026-03-07,"hall",1,"Flu ED visits pct",2026-03-14,"quantile",0.95,4.04775525525526
2026-03-07,"hall",1,"Flu ED visits pct",2026-03-14,"quantile",0.975,4.77932107107105
2026-03-07,"hall",2,"Flu ED visits pct",2026-03-21,"quantile",0.025,0
2026-03-07,"hall",2,"Flu ED visits pct",2026-03-21,"quantile",0.05,0
2026-03-07,"hall",2,"Flu ED visits pct",2026-03-21,"quantile",0.1,0
2026-03-07,"hall",2,"Flu ED visits pct",2026-03-21,"quantile",0.25,1.15285535535536
2026-03-07,"hall",2,"Flu ED visits pct",2026-03-21,"quantile",0.5,1.75
2026-03-07,"hall",2,"Flu ED visits pct",2026-03-21,"quantile",0.75,2.29511011011011
2026-03-07,"hall",2,"Flu ED visits pct",2026-03-21,"quantile",0.9,3.78427427427428
2026-03-07,"hall",2,"Flu ED visits pct",2026-03-21,"quantile",0.95,4.62955905905905
2026-03-07,"hall",2,"Flu ED visits pct",2026-03-21,"quantile",0.975,5.51857157157156
2026-03-07,"hall",3,"Flu ED visits pct",2026-03-28,"quantile",0.025,0
2026-03-07,"hall",3,"Flu ED visits pct",2026-03-28,"quantile",0.05,0
2026-03-07,"hall",3,"Flu ED visits pct",2026-03-28,"quantile",0.1,0
2026-03-07,"hall",3,"Flu ED visits pct",2026-03-28,"quantile",0.25,0.898833833833834
2026-03-07,"hall",3,"Flu ED visits pct",2026-03-28,"quantile",0.5,1.75
2026-03-07,"hall",3,"Flu ED visits pct",2026-03-28,"quantile",0.75,2.60103853853854
2026-03-07,"hall",3,"Flu ED visits pct",2026-03-28,"quantile",0.9,3.98783183183183
2026-03-07,"hall",3,"Flu ED visits pct",2026-03-28,"quantile",0.95,4.99905405405405
2026-03-07,"hall",3,"Flu ED visits pct",2026-03-28,"quantile",0.975,6.23543718718717
2026-03-07,"harford",0,"Flu ED visits pct",2026-03-07,"quantile",0.025,0
2026-03-07,"harford",0,"Flu ED visits pct",2026-03-07,"quantile",0.05,0
2026-03-07,"harford",0,"Flu ED visits pct",2026-03-07,"quantile",0.1,0
2026-03-07,"harford",0,"Flu ED visits pct",2026-03-07,"quantile",0.25,0.6875
2026-03-07,"harford",0,"Flu ED visits pct",2026-03-07,"quantile",0.5,0.83
2026-03-07,"harford",0,"Flu ED visits pct",2026-03-07,"quantile",0.75,0.9725
2026-03-07,"harford",0,"Flu ED visits pct",2026-03-07,"quantile",0.9,1.68
2026-03-07,"harford",0,"Flu ED visits pct",2026-03-07,"quantile",0.95,2.3375
2026-03-07,"harford",0,"Flu ED visits pct",2026-03-07,"quantile",0.975,3.125
2026-03-07,"harford",1,"Flu ED visits pct",2026-03-14,"quantile",0.025,0
2026-03-07,"harford",1,"Flu ED visits pct",2026-03-14,"quantile",0.05,0
2026-03-07,"harford",1,"Flu ED visits pct",2026-03-14,"quantile",0.1,0
2026-03-07,"harford",1,"Flu ED visits pct",2026-03-14,"quantile",0.25,0.424652152152152
2026-03-07,"harford",1,"Flu ED visits pct",2026-03-14,"quantile",0.5,0.83
2026-03-07,"harford",1,"Flu ED visits pct",2026-03-14,"quantile",0.75,1.23076576576576
2026-03-07,"harford",1,"Flu ED visits pct",2026-03-14,"quantile",0.9,2.29890990990991
2026-03-07,"harford",1,"Flu ED visits pct",2026-03-14,"quantile",0.95,2.94025525525526
2026-03-07,"harford",1,"Flu ED visits pct",2026-03-14,"quantile",0.975,3.7075965965966
2026-03-07,"harford",2,"Flu ED visits pct",2026-03-21,"quantile",0.025,0
2026-03-07,"harford",2,"Flu ED visits pct",2026-03-21,"quantile",0.05,0
2026-03-07,"harford",2,"Flu ED visits pct",2026-03-21,"quantile",0.1,0
2026-03-07,"harford",2,"Flu ED visits pct",2026-03-21,"quantile",0.25,0.0997672672672674
2026-03-07,"harford",2,"Flu ED visits pct",2026-03-21,"quantile",0.5,0.83
2026-03-07,"harford",2,"Flu ED visits pct",2026-03-21,"quantile",0.75,1.49206206206206
2026-03-07,"harford",2,"Flu ED visits pct",2026-03-21,"quantile",0.9,2.70102402402403
2026-03-07,"harford",2,"Flu ED visits pct",2026-03-21,"quantile",0.95,3.55442992992992
2026-03-07,"harford",2,"Flu ED visits pct",2026-03-21,"quantile",0.975,4.07137637637638
2026-03-07,"harford",3,"Flu ED visits pct",2026-03-28,"quantile",0.025,0
2026-03-07,"harford",3,"Flu ED visits pct",2026-03-28,"quantile",0.05,0
2026-03-07,"harford",3,"Flu ED visits pct",2026-03-28,"quantile",0.1,0
2026-03-07,"harford",3,"Flu ED visits pct",2026-03-28,"quantile",0.25,0
2026-03-07,"harford",3,"Flu ED visits pct",2026-03-28,"quantile",0.5,0.83
2026-03-07,"harford",3,"Flu ED visits pct",2026-03-28,"quantile",0.75,1.79029529529529
2026-03-07,"harford",3,"Flu ED visits pct",2026-03-28,"quantile",0.9,3.0848028028028
2026-03-07,"harford",3,"Flu ED visits pct",2026-03-28,"quantile",0.95,3.84101601601601
2026-03-07,"harford",3,"Flu ED visits pct",2026-03-28,"quantile",0.975,4.53994594594595
2026-03-07,"henry",0,"Flu ED visits pct",2026-03-07,"quantile",0.025,0
2026-03-07,"henry",0,"Flu ED visits pct",2026-03-07,"quantile",0.05,0.4475
2026-03-07,"henry",0,"Flu ED visits pct",2026-03-07,"quantile",0.1,0.955
2026-03-07,"henry",0,"Flu ED visits pct",2026-03-07,"quantile",0.25,1.43
2026-03-07,"henry",0,"Flu ED visits pct",2026-03-07,"quantile",0.5,1.54
2026-03-07,"henry",0,"Flu ED visits pct",2026-03-07,"quantile",0.75,1.65
2026-03-07,"henry",0,"Flu ED visits pct",2026-03-07,"quantile",0.9,2.125
2026-03-07,"henry",0,"Flu ED visits pct",2026-03-07,"quantile",0.95,2.6325
2026-03-07,"henry",0,"Flu ED visits pct",2026-03-07,"quantile",0.975,4.30625
2026-03-07,"henry",1,"Flu ED visits pct",2026-03-14,"quantile",0.025,0
2026-03-07,"henry",1,"Flu ED visits pct",2026-03-14,"quantile",0.05,0
2026-03-07,"henry",1,"Flu ED visits pct",2026-03-14,"quantile",0.1,0.447172172172172
2026-03-07,"henry",1,"Flu ED visits pct",2026-03-14,"quantile",0.25,1.21487737737738
2026-03-07,"henry",1,"Flu ED visits pct",2026-03-14,"quantile",0.5,1.54
2026-03-07,"henry",1,"Flu ED visits pct",2026-03-14,"quantile",0.75,1.86958958958959
2026-03-07,"henry",1,"Flu ED visits pct",2026-03-14,"quantile",0.9,2.55257357357357
2026-03-07,"henry",1,"Flu ED visits pct",2026-03-14,"quantile",0.95,3.90921271271271
2026-03-07,"henry",1,"Flu ED visits pct",2026-03-14,"quantile",0.975,4.57343868868868
2026-03-07,"henry",2,"Flu ED visits pct",2026-03-21,"quantile",0.025,0
2026-03-07,"henry",2,"Flu ED visits pct",2026-03-21,"quantile",0.05,0
2026-03-07,"henry",2,"Flu ED visits pct",2026-03-21,"quantile",0.1,0
2026-03-07,"henry",2,"Flu ED visits pct",2026-03-21,"quantile",0.25,0.997432432432432
2026-03-07,"henry",2,"Flu ED visits pct",2026-03-21,"quantile",0.5,1.54
2026-03-07,"henry",2,"Flu ED visits pct",2026-03-21,"quantile",0.75,2.02281781781782
2026-03-07,"henry",2,"Flu ED visits pct",2026-03-21,"quantile",0.9,3.1159009009009
2026-03-07,"henry",2,"Flu ED visits pct",2026-03-21,"quantile",0.95,4.51663813813813
2026-03-07,"henry",2,"Flu ED visits pct",2026-03-21,"quantile",0.975,5.16938088088088
2026-03-07,"henry",3,"Flu ED visits pct",2026-03-28,"quantile",0.025,0
2026-03-07,"henry",3,"Flu ED visits pct",2026-03-28,"quantile",0.05,0
2026-03-07,"henry",3,"Flu ED visits pct",2026-03-28,"quantile",0.1,0
2026-03-07,"henry",3,"Flu ED visits pct",2026-03-28,"quantile",0.25,0.829059059059059
2026-03-07,"henry",3,"Flu ED visits pct",2026-03-28,"quantile",0.5,1.54
2026-03-07,"henry",3,"Flu ED visits pct",2026-03-28,"quantile",0.75,2.22901901901902
2026-03-07,"henry",3,"Flu ED visits pct",2026-03-28,"quantile",0.9,3.82424524524525
2026-03-07,"henry",3,"Flu ED visits pct",2026-03-28,"quantile",0.95,4.86634984984984
2026-03-07,"henry",3,"Flu ED visits pct",2026-03-28,"quantile",0.975,5.67932407407407
2026-03-07,"horry",0,"Flu ED visits pct",2026-03-07,"quantile",0.025,0
2026-03-07,"horry",0,"Flu ED visits pct",2026-03-07,"quantile",0.05,0.6725
2026-03-07,"horry",0,"Flu ED visits pct",2026-03-07,"quantile",0.1,1.32
2026-03-07,"horry",0,"Flu ED visits pct",2026-03-07,"quantile",0.25,1.79
2026-03-07,"horry",0,"Flu ED visits pct",2026-03-07,"quantile",0.5,1.95
2026-03-07,"horry",0,"Flu ED visits pct",2026-03-07,"quantile",0.75,2.11
2026-03-07,"horry",0,"Flu ED visits pct",2026-03-07,"quantile",0.9,2.58
2026-03-07,"horry",0,"Flu ED visits pct",2026-03-07,"quantile",0.95,3.2275
2026-03-07,"horry",0,"Flu ED visits pct",2026-03-07,"quantile",0.975,4.50875
2026-03-07,"horry",1,"Flu ED visits pct",2026-03-14,"quantile",0.025,0
2026-03-07,"horry",1,"Flu ED visits pct",2026-03-14,"quantile",0.05,0
2026-03-07,"horry",1,"Flu ED visits pct",2026-03-14,"quantile",0.1,0.77697997997998
2026-03-07,"horry",1,"Flu ED visits pct",2026-03-14,"quantile",0.25,1.58196696696697
2026-03-07,"horry",1,"Flu ED visits pct",2026-03-14,"quantile",0.5,1.95
2026-03-07,"horry",1,"Flu ED visits pct",2026-03-14,"quantile",0.75,2.32167417417417
2026-03-07,"horry",1,"Flu ED visits pct",2026-03-14,"quantile",0.9,3.26517717717718
2026-03-07,"horry",1,"Flu ED visits pct",2026-03-14,"quantile",0.95,4.44039789789789
2026-03-07,"horry",1,"Flu ED visits pct",2026-03-14,"quantile",0.975,5.52356606606606
2026-03-07,"horry",2,"Flu ED visits pct",2026-03-21,"quantile",0.025,0
2026-03-07,"horry",2,"Flu ED visits pct",2026-03-21,"quantile",0.05,0
2026-03-07,"horry",2,"Flu ED visits pct",2026-03-21,"quantile",0.1,0.270778778778779
2026-03-07,"horry",2,"Flu ED visits pct",2026-03-21,"quantile",0.25,1.3488963963964
2026-03-07,"horry",2,"Flu ED visits pct",2026-03-21,"quantile",0.5,1.95
2026-03-07,"horry",2,"Flu ED visits pct",2026-03-21,"quantile",0.75,2.52925425425426
2026-03-07,"horry",2,"Flu ED visits pct",2026-03-21,"quantile",0.9,3.7205975975976
2026-03-07,"horry",2,"Flu ED visits pct",2026-03-21,"quantile",0.95,4.94379979979981
2026-03-07,"horry",2,"Flu ED visits pct",2026-03-21,"quantile",0.975,5.92381881881881
2026-03-07,"horry",3,"Flu ED visits pct",2026-03-28,"quantile",0.025,0
2026-03-07,"horry",3,"Flu ED visits pct",2026-03-28,"quantile",0.05,0
2026-03-07,"horry",3,"Flu ED visits pct",2026-03-28,"quantile",0.1,0
2026-03-07,"horry",3,"Flu ED visits pct",2026-03-28,"quantile",0.25,1.19235985985986
2026-03-07,"horry",3,"Flu ED visits pct",2026-03-28,"quantile",0.5,1.95
2026-03-07,"horry",3,"Flu ED visits pct",2026-03-28,"quantile",0.75,2.74485735735736
2026-03-07,"horry",3,"Flu ED visits pct",2026-03-28,"quantile",0.9,4.26021821821822
2026-03-07,"horry",3,"Flu ED visits pct",2026-03-28,"quantile",0.95,5.42482532532532
2026-03-07,"horry",3,"Flu ED visits pct",2026-03-28,"quantile",0.975,6.24609009009009
2026-03-07,"houston",0,"Flu ED visits pct",2026-03-07,"quantile",0.025,0
2026-03-07,"houston",0,"Flu ED visits pct",2026-03-07,"quantile",0.05,0
2026-03-07,"houston",0,"Flu ED visits pct",2026-03-07,"quantile",0.1,0.27
2026-03-07,"houston",0,"Flu ED visits pct",2026-03-07,"quantile",0.25,0.89
2026-03-07,"houston",0,"Flu ED visits pct",2026-03-07,"quantile",0.5,0.97
2026-03-07,"houston",0,"Flu ED visits pct",2026-03-07,"quantile",0.75,1.05
2026-03-07,"houston",0,"Flu ED visits pct",2026-03-07,"quantile",0.9,1.67
2026-03-07,"houston",0,"Flu ED visits pct",2026-03-07,"quantile",0.95,2.115
2026-03-07,"houston",0,"Flu ED visits pct",2026-03-07,"quantile",0.975,2.50375
2026-03-07,"houston",1,"Flu ED visits pct",2026-03-14,"quantile",0.025,0
2026-03-07,"houston",1,"Flu ED visits pct",2026-03-14,"quantile",0.05,0
2026-03-07,"houston",1,"Flu ED visits pct",2026-03-14,"quantile",0.1,0
2026-03-07,"houston",1,"Flu ED visits pct",2026-03-14,"quantile",0.25,0.67
2026-03-07,"houston",1,"Flu ED visits pct",2026-03-14,"quantile",0.5,0.97
2026-03-07,"houston",1,"Flu ED visits pct",2026-03-14,"quantile",0.75,1.26163913913914
2026-03-07,"houston",1,"Flu ED visits pct",2026-03-14,"quantile",0.9,2.07802702702703
2026-03-07,"houston",1,"Flu ED visits pct",2026-03-14,"quantile",0.95,2.56141191191191
2026-03-07,"houston",1,"Flu ED visits pct",2026-03-14,"quantile",0.975,3.07621621621621
2026-03-07,"houston",2,"Flu ED visits pct",2026-03-21,"quantile",0.025,0
2026-03-07,"houston",2,"Flu ED visits pct",2026-03-21,"quantile",0.05,0
2026-03-07,"houston",2,"Flu ED visits pct",2026-03-21,"quantile",0.1,0
2026-03-07,"houston",2,"Flu ED visits pct",2026-03-21,"quantile",0.25,0.391258758758758
2026-03-07,"houston",2,"Flu ED visits pct",2026-03-21,"quantile",0.5,0.97
2026-03-07,"houston",2,"Flu ED visits pct",2026-03-21,"quantile",0.75,1.516001001001
2026-03-07,"houston",2,"Flu ED visits pct",2026-03-21,"quantile",0.9,2.35580680680681
2026-03-07,"houston",2,"Flu ED visits pct",2026-03-21,"quantile",0.95,2.89079279279279
2026-03-07,"houston",2,"Flu ED visits pct",2026-03-21,"quantile",0.975,3.47216916916917
2026-03-07,"houston",3,"Flu ED visits pct",2026-03-28,"quantile",0.025,0
2026-03-07,"houston",3,"Flu ED visits pct",2026-03-28,"quantile",0.05,0
2026-03-07,"houston",3,"Flu ED visits pct",2026-03-28,"quantile",0.1,0
2026-03-07,"houston",3,"Flu ED visits pct",2026-03-28,"quantile",0.25,0.206148648648649
2026-03-07,"houston",3,"Flu ED visits pct",2026-03-28,"quantile",0.5,0.97
2026-03-07,"houston",3,"Flu ED visits pct",2026-03-28,"quantile",0.75,1.64849099099099
2026-03-07,"houston",3,"Flu ED visits pct",2026-03-28,"quantile",0.9,2.64543743743744
2026-03-07,"houston",3,"Flu ED visits pct",2026-03-28,"quantile",0.95,3.26294794794795
2026-03-07,"houston",3,"Flu ED visits pct",2026-03-28,"quantile",0.975,3.99264764764765
2026-03-07,"indiana",0,"Flu ED visits pct",2026-03-07,"quantile",0.025,0.995
2026-03-07,"indiana",0,"Flu ED visits pct",2026-03-07,"quantile",0.05,1.8175
2026-03-07,"indiana",0,"Flu ED visits pct",2026-03-07,"quantile",0.1,2.685
2026-03-07,"indiana",0,"Flu ED visits pct",2026-03-07,"quantile",0.25,3.35
2026-03-07,"indiana",0,"Flu ED visits pct",2026-03-07,"quantile",0.5,3.41
2026-03-07,"indiana",0,"Flu ED visits pct",2026-03-07,"quantile",0.75,3.47
2026-03-07,"indiana",0,"Flu ED visits pct",2026-03-07,"quantile",0.9,4.135
2026-03-07,"indiana",0,"Flu ED visits pct",2026-03-07,"quantile",0.95,5.0025
2026-03-07,"indiana",0,"Flu ED visits pct",2026-03-07,"quantile",0.975,5.825
2026-03-07,"indiana",1,"Flu ED visits pct",2026-03-14,"quantile",0.025,0.416191191191191
2026-03-07,"indiana",1,"Flu ED visits pct",2026-03-14,"quantile",0.05,0.950515015015015
2026-03-07,"indiana",1,"Flu ED visits pct",2026-03-14,"quantile",0.1,1.91505005005005
2026-03-07,"indiana",1,"Flu ED visits pct",2026-03-14,"quantile",0.25,3.03292042042042
2026-03-07,"indiana",1,"Flu ED visits pct",2026-03-14,"quantile",0.5,3.41
2026-03-07,"indiana",1,"Flu ED visits pct",2026-03-14,"quantile",0.75,3.77720970970971
2026-03-07,"indiana",1,"Flu ED visits pct",2026-03-14,"quantile",0.9,4.91022522522523
2026-03-07,"indiana",1,"Flu ED visits pct",2026-03-14,"quantile",0.95,5.81816116116116
2026-03-07,"indiana",1,"Flu ED visits pct",2026-03-14,"quantile",0.975,6.35124874874875
2026-03-07,"indiana",2,"Flu ED visits pct",2026-03-21,"quantile",0.025,0
2026-03-07,"indiana",2,"Flu ED visits pct",2026-03-21,"quantile",0.05,0.543428428428428
2026-03-07,"indiana",2,"Flu ED visits pct",2026-03-21,"quantile",0.1,1.40056456456457
2026-03-07,"indiana",2,"Flu ED visits pct",2026-03-21,"quantile",0.25,2.76207207207207
2026-03-07,"indiana",2,"Flu ED visits pct",2026-03-21,"quantile",0.5,3.41
2026-03-07,"indiana",2,"Flu ED visits pct",2026-03-21,"quantile",0.75,4.04935685685686
2026-03-07,"indiana",2,"Flu ED visits pct",2026-03-21,"quantile",0.9,5.32985485485486
2026-03-07,"indiana",2,"Flu ED visits pct",2026-03-21,"quantile",0.95,6.17181531531531
2026-03-07,"indiana",2,"Flu ED visits pct",2026-03-21,"quantile",0.975,6.59197097097096
2026-03-07,"indiana",3,"Flu ED visits pct",2026-03-28,"quantile",0.025,0
2026-03-07,"indiana",3,"Flu ED visits pct",2026-03-28,"quantile",0.05,0.337465965965965
2026-03-07,"indiana",3,"Flu ED visits pct",2026-03-28,"quantile",0.1,1.02371171171171
2026-03-07,"indiana",3,"Flu ED visits pct",2026-03-28,"quantile",0.25,2.52197947947948
2026-03-07,"indiana",3,"Flu ED visits pct",2026-03-28,"quantile",0.5,3.41
2026-03-07,"indiana",3,"Flu ED visits pct",2026-03-28,"quantile",0.75,4.31041791791792
2026-03-07,"indiana",3,"Flu ED visits pct",2026-03-28,"quantile",0.9,5.87398798798799
2026-03-07,"indiana",3,"Flu ED visits pct",2026-03-28,"quantile",0.95,6.38362362362362
2026-03-07,"indiana",3,"Flu ED visits pct",2026-03-28,"quantile",0.975,7.04850925925926
2026-03-07,"indianapolis",0,"Flu ED visits pct",2026-03-07,"quantile",0.025,2.085
2026-03-07,"indianapolis",0,"Flu ED visits pct",2026-03-07,"quantile",0.05,3.06
2026-03-07,"indianapolis",0,"Flu ED visits pct",2026-03-07,"quantile",0.1,3.73
2026-03-07,"indianapolis",0,"Flu ED visits pct",2026-03-07,"quantile",0.25,4.4275
2026-03-07,"indianapolis",0,"Flu ED visits pct",2026-03-07,"quantile",0.5,4.49
2026-03-07,"indianapolis",0,"Flu ED visits pct",2026-03-07,"quantile",0.75,4.5525
2026-03-07,"indianapolis",0,"Flu ED visits pct",2026-03-07,"quantile",0.9,5.25
2026-03-07,"indianapolis",0,"Flu ED visits pct",2026-03-07,"quantile",0.95,5.92
2026-03-07,"indianapolis",0,"Flu ED visits pct",2026-03-07,"quantile",0.975,6.895
2026-03-07,"indianapolis",1,"Flu ED visits pct",2026-03-14,"quantile",0.025,1.5433983983984
2026-03-07,"indianapolis",1,"Flu ED visits pct",2026-03-14,"quantile",0.05,2.14134934934935
2026-03-07,"indianapolis",1,"Flu ED visits pct",2026-03-14,"quantile",0.1,3.20494494494494
2026-03-07,"indianapolis",1,"Flu ED visits pct",2026-03-14,"quantile",0.25,4.13065065065065
2026-03-07,"indianapolis",1,"Flu ED visits pct",2026-03-14,"quantile",0.5,4.49
2026-03-07,"indianapolis",1,"Flu ED visits pct",2026-03-14,"quantile",0.75,4.83529029029029
2026-03-07,"indianapolis",1,"Flu ED visits pct",2026-03-14,"quantile",0.9,5.89505305305306
2026-03-07,"indianapolis",1,"Flu ED visits pct",2026-03-14,"quantile",0.95,6.9326036036036
2026-03-07,"indianapolis",1,"Flu ED visits pct",2026-03-14,"quantile",0.975,7.48218043043043
2026-03-07,"indianapolis",2,"Flu ED visits pct",2026-03-21,"quantile",0.025,1.11995645645646
2026-03-07,"indianapolis",2,"Flu ED visits pct",2026-03-21,"quantile",0.05,1.7614034034034
2026-03-07,"indianapolis",2,"Flu ED visits pct",2026-03-21,"quantile",0.1,2.67779179179179
2026-03-07,"indianapolis",2,"Flu ED visits pct",2026-03-21,"quantile",0.25,3.84537787787788
2026-03-07,"indianapolis",2,"Flu ED visits pct",2026-03-21,"quantile",0.5,4.49
2026-03-07,"indianapolis",2,"Flu ED visits pct",2026-03-21,"quantile",0.75,5.15266516516516
2026-03-07,"indianapolis",2,"Flu ED visits pct",2026-03-21,"quantile",0.9,6.57822522522523
2026-03-07,"indianapolis",2,"Flu ED visits pct",2026-03-21,"quantile",0.95,7.28133383383383
2026-03-07,"indianapolis",2,"Flu ED visits pct",2026-03-21,"quantile",0.975,7.77639114114114
2026-03-07,"indianapolis",3,"Flu ED visits pct",2026-03-28,"quantile",0.025,0.85336936936937
2026-03-07,"indianapolis",3,"Flu ED visits pct",2026-03-28,"quantile",0.05,1.56202002002002
2026-03-07,"indianapolis",3,"Flu ED visits pct",2026-03-28,"quantile",0.1,2.32896296296297
2026-03-07,"indianapolis",3,"Flu ED visits pct",2026-03-28,"quantile",0.25,3.66699449449449
2026-03-07,"indianapolis",3,"Flu ED visits pct",2026-03-28,"quantile",0.5,4.49
2026-03-07,"indianapolis",3,"Flu ED visits pct",2026-03-28,"quantile",0.75,5.32134884884885
2026-03-07,"indianapolis",3,"Flu ED visits pct",2026-03-28,"quantile",0.9,6.90362762762763
2026-03-07,"indianapolis",3,"Flu ED visits pct",2026-03-28,"quantile",0.95,7.58698098098098
2026-03-07,"indianapolis",3,"Flu ED visits pct",2026-03-28,"quantile",0.975,8.00828528528528
2026-03-07,"la-grange",0,"Flu ED visits pct",2026-03-07,"quantile",0.025,0
2026-03-07,"la-grange",0,"Flu ED visits pct",2026-03-07,"quantile",0.05,0.235
2026-03-07,"la-grange",0,"Flu ED visits pct",2026-03-07,"quantile",0.1,1.2
2026-03-07,"la-grange",0,"Flu ED visits pct",2026-03-07,"quantile",0.25,1.86
2026-03-07,"la-grange",0,"Flu ED visits pct",2026-03-07,"quantile",0.5,2.04
2026-03-07,"la-grange",0,"Flu ED visits pct",2026-03-07,"quantile",0.75,2.22
2026-03-07,"la-grange",0,"Flu ED visits pct",2026-03-07,"quantile",0.9,2.88
2026-03-07,"la-grange",0,"Flu ED visits pct",2026-03-07,"quantile",0.95,3.845
2026-03-07,"la-grange",0,"Flu ED visits pct",2026-03-07,"quantile",0.975,4.64625
2026-03-07,"la-grange",1,"Flu ED visits pct",2026-03-14,"quantile",0.025,0
2026-03-07,"la-grange",1,"Flu ED visits pct",2026-03-14,"quantile",0.05,0
2026-03-07,"la-grange",1,"Flu ED visits pct",2026-03-14,"quantile",0.1,0.325610610610611
2026-03-07,"la-grange",1,"Flu ED visits pct",2026-03-14,"quantile",0.25,1.58901151151151
2026-03-07,"la-grange",1,"Flu ED visits pct",2026-03-14,"quantile",0.5,2.04
2026-03-07,"la-grange",1,"Flu ED visits pct",2026-03-14,"quantile",0.75,2.51246246246246
2026-03-07,"la-grange",1,"Flu ED visits pct",2026-03-14,"quantile",0.9,3.71621621621622
2026-03-07,"la-grange",1,"Flu ED visits pct",2026-03-14,"quantile",0.95,4.79150900900901
2026-03-07,"la-grange",1,"Flu ED visits pct",2026-03-14,"quantile",0.975,5.82451551551551
2026-03-07,"la-grange",2,"Flu ED visits pct",2026-03-21,"quantile",0.025,0
2026-03-07,"la-grange",2,"Flu ED visits pct",2026-03-21,"quantile",0.05,0
2026-03-07,"la-grange",2,"Flu ED visits pct",2026-03-21,"quantile",0.1,0
2026-03-07,"la-grange",2,"Flu ED visits pct",2026-03-21,"quantile",0.25,1.35478728728729
2026-03-07,"la-grange",2,"Flu ED visits pct",2026-03-21,"quantile",0.5,2.04
2026-03-07,"la-grange",2,"Flu ED visits pct",2026-03-21,"quantile",0.75,2.79312312312312
2026-03-07,"la-grange",2,"Flu ED visits pct",2026-03-21,"quantile",0.9,4.34080580580581
2026-03-07,"la-grange",2,"Flu ED visits pct",2026-03-21,"quantile",0.95,5.57243993993994
2026-03-07,"la-grange",2,"Flu ED visits pct",2026-03-21,"quantile",0.975,6.62032057057057
2026-03-07,"la-grange",3,"Flu ED visits pct",2026-03-28,"quantile",0.025,0
2026-03-07,"la-grange",3,"Flu ED visits pct",2026-03-28,"quantile",0.05,0
2026-03-07,"la-grange",3,"Flu ED visits pct",2026-03-28,"quantile",0.1,0
2026-03-07,"la-grange",3,"Flu ED visits pct",2026-03-28,"quantile",0.25,1.03862862862863
2026-03-07,"la-grange",3,"Flu ED visits pct",2026-03-28,"quantile",0.5,2.04
2026-03-07,"la-grange",3,"Flu ED visits pct",2026-03-28,"quantile",0.75,3.01899399399399
2026-03-07,"la-grange",3,"Flu ED visits pct",2026-03-28,"quantile",0.9,4.74096996996997
2026-03-07,"la-grange",3,"Flu ED visits pct",2026-03-28,"quantile",0.95,6.04728328328329
2026-03-07,"la-grange",3,"Flu ED visits pct",2026-03-28,"quantile",0.975,6.83855705705705
2026-03-07,"larimer",0,"Flu ED visits pct",2026-03-07,"quantile",0.025,0.42125
2026-03-07,"larimer",0,"Flu ED visits pct",2026-03-07,"quantile",0.05,1.04
2026-03-07,"larimer",0,"Flu ED visits pct",2026-03-07,"quantile",0.1,1.53
2026-03-07,"larimer",0,"Flu ED visits pct",2026-03-07,"quantile",0.25,1.94
2026-03-07,"larimer",0,"Flu ED visits pct",2026-03-07,"quantile",0.5,2.05
2026-03-07,"larimer",0,"Flu ED visits pct",2026-03-07,"quantile",0.75,2.16
2026-03-07,"larimer",0,"Flu ED visits pct",2026-03-07,"quantile",0.9,2.57
2026-03-07,"larimer",0,"Flu ED visits pct",2026-03-07,"quantile",0.95,3.06
2026-03-07,"larimer",0,"Flu ED visits pct",2026-03-07,"quantile",0.975,3.67875
2026-03-07,"larimer",1,"Flu ED visits pct",2026-03-14,"quantile",0.025,0
2026-03-07,"larimer",1,"Flu ED visits pct",2026-03-14,"quantile",0.05,0.426572072072072
2026-03-07,"larimer",1,"Flu ED visits pct",2026-03-14,"quantile",0.1,1.1563033033033
2026-03-07,"larimer",1,"Flu ED visits pct",2026-03-14,"quantile",0.25,1.77627877877878
2026-03-07,"larimer",1,"Flu ED visits pct",2026-03-14,"quantile",0.5,2.05
2026-03-07,"larimer",1,"Flu ED visits pct",2026-03-14,"quantile",0.75,2.35261261261261
2026-03-07,"larimer",1,"Flu ED visits pct",2026-03-14,"quantile",0.9,3.01641741741742
2026-03-07,"larimer",1,"Flu ED visits pct",2026-03-14,"quantile",0.95,3.62887187187187
2026-03-07,"larimer",1,"Flu ED visits pct",2026-03-14,"quantile",0.975,4.01806481481481
2026-03-07,"larimer",2,"Flu ED visits pct",2026-03-21,"quantile",0.025,0
2026-03-07,"larimer",2,"Flu ED visits pct",2026-03-21,"quantile",0.05,0.148375875875876
2026-03-07,"larimer",2,"Flu ED visits pct",2026-03-21,"quantile",0.1,0.865787787787788
2026-03-07,"larimer",2,"Flu ED visits pct",2026-03-21,"quantile",0.25,1.60882132132132
2026-03-07,"larimer",2,"Flu ED visits pct",2026-03-21,"quantile",0.5,2.05
2026-03-07,"larimer",2,"Flu ED visits pct",2026-03-21,"quantile",0.75,2.51045795795796
2026-03-07,"larimer",2,"Flu ED visits pct",2026-03-21,"quantile",0.9,3.31884684684684
2026-03-07,"larimer",2,"Flu ED visits pct",2026-03-21,"quantile",0.95,3.92196546546547
2026-03-07,"larimer",2,"Flu ED visits pct",2026-03-21,"quantile",0.975,4.66830855855855
2026-03-07,"larimer",3,"Flu ED visits pct",2026-03-28,"quantile",0.025,0
2026-03-07,"larimer",3,"Flu ED visits pct",2026-03-28,"quantile",0.05,0
2026-03-07,"larimer",3,"Flu ED visits pct",2026-03-28,"quantile",0.1,0.520324324324324
2026-03-07,"larimer",3,"Flu ED visits pct",2026-03-28,"quantile",0.25,1.51707957957958
2026-03-07,"larimer",3,"Flu ED visits pct",2026-03-28,"quantile",0.5,2.05
2026-03-07,"larimer",3,"Flu ED visits pct",2026-03-28,"quantile",0.75,2.68946696696697
2026-03-07,"larimer",3,"Flu ED visits pct",2026-03-28,"quantile",0.9,3.53448248248248
2026-03-07,"larimer",3,"Flu ED visits pct",2026-03-28,"quantile",0.95,4.31791691691691
2026-03-07,"larimer",3,"Flu ED visits pct",2026-03-28,"quantile",0.975,4.94490915915915
2026-03-07,"lynn",0,"Flu ED visits pct",2026-03-07,"quantile",0.025,0
2026-03-07,"lynn",0,"Flu ED visits pct",2026-03-07,"quantile",0.05,0
2026-03-07,"lynn",0,"Flu ED visits pct",2026-03-07,"quantile",0.1,0.75
2026-03-07,"lynn",0,"Flu ED visits pct",2026-03-07,"quantile",0.25,1.22
2026-03-07,"lynn",0,"Flu ED visits pct",2026-03-07,"quantile",0.5,1.31
2026-03-07,"lynn",0,"Flu ED visits pct",2026-03-07,"quantile",0.75,1.4
2026-03-07,"lynn",0,"Flu ED visits pct",2026-03-07,"quantile",0.9,1.87
2026-03-07,"lynn",0,"Flu ED visits pct",2026-03-07,"quantile",0.95,2.835
2026-03-07,"lynn",0,"Flu ED visits pct",2026-03-07,"quantile",0.975,3.39375
2026-03-07,"lynn",1,"Flu ED visits pct",2026-03-14,"quantile",0.025,0
2026-03-07,"lynn",1,"Flu ED visits pct",2026-03-14,"quantile",0.05,0
2026-03-07,"lynn",1,"Flu ED visits pct",2026-03-14,"quantile",0.1,0
2026-03-07,"lynn",1,"Flu ED visits pct",2026-03-14,"quantile",0.25,0.98
2026-03-07,"lynn",1,"Flu ED visits pct",2026-03-14,"quantile",0.5,1.31
2026-03-07,"lynn",1,"Flu ED visits pct",2026-03-14,"quantile",0.75,1.65198198198198
2026-03-07,"lynn",1,"Flu ED visits pct",2026-03-14,"quantile",0.9,2.67362462462462
2026-03-07,"lynn",1,"Flu ED visits pct",2026-03-14,"quantile",0.95,3.36126976976977
2026-03-07,"lynn",1,"Flu ED visits pct",2026-03-14,"quantile",0.975,3.79486061061061
2026-03-07,"lynn",2,"Flu ED visits pct",2026-03-21,"quantile",0.025,0
2026-03-07,"lynn",2,"Flu ED visits pct",2026-03-21,"quantile",0.05,0
2026-03-07,"lynn",2,"Flu ED visits pct",2026-03-21,"quantile",0.1,0
2026-03-07,"lynn",2,"Flu ED visits pct",2026-03-21,"quantile",0.25,0.77009009009009
2026-03-07,"lynn",2,"Flu ED visits pct",2026-03-21,"quantile",0.5,1.31
2026-03-07,"lynn",2,"Flu ED visits pct",2026-03-21,"quantile",0.75,1.82202202202202
2026-03-07,"lynn",2,"Flu ED visits pct",2026-03-21,"quantile",0.9,3.06579479479479
2026-03-07,"lynn",2,"Flu ED visits pct",2026-03-21,"quantile",0.95,3.77565115115115
2026-03-07,"lynn",2,"Flu ED visits pct",2026-03-21,"quantile",0.975,4.35662662662663
2026-03-07,"lynn",3,"Flu ED visits pct",2026-03-28,"quantile",0.025,0
2026-03-07,"lynn",3,"Flu ED visits pct",2026-03-28,"quantile",0.05,0
2026-03-07,"lynn",3,"Flu ED visits pct",2026-03-28,"quantile",0.1,0
2026-03-07,"lynn",3,"Flu ED visits pct",2026-03-28,"quantile",0.25,0.609572072072073
2026-03-07,"lynn",3,"Flu ED visits pct",2026-03-28,"quantile",0.5,1.31
2026-03-07,"lynn",3,"Flu ED visits pct",2026-03-28,"quantile",0.75,1.95667167167167
2026-03-07,"lynn",3,"Flu ED visits pct",2026-03-28,"quantile",0.9,3.42256756756757
2026-03-07,"lynn",3,"Flu ED visits pct",2026-03-28,"quantile",0.95,4.18603253253253
2026-03-07,"lynn",3,"Flu ED visits pct",2026-03-28,"quantile",0.975,4.75577027027027
2026-03-07,"macon",0,"Flu ED visits pct",2026-03-07,"quantile",0.025,0
2026-03-07,"macon",0,"Flu ED visits pct",2026-03-07,"quantile",0.05,0.4375
2026-03-07,"macon",0,"Flu ED visits pct",2026-03-07,"quantile",0.1,0.835
2026-03-07,"macon",0,"Flu ED visits pct",2026-03-07,"quantile",0.25,1.2175
2026-03-07,"macon",0,"Flu ED visits pct",2026-03-07,"quantile",0.5,1.36
2026-03-07,"macon",0,"Flu ED visits pct",2026-03-07,"quantile",0.75,1.5025
2026-03-07,"macon",0,"Flu ED visits pct",2026-03-07,"quantile",0.9,1.885
2026-03-07,"macon",0,"Flu ED visits pct",2026-03-07,"quantile",0.95,2.2825
2026-03-07,"macon",0,"Flu ED visits pct",2026-03-07,"quantile",0.975,2.85375
2026-03-07,"macon",1,"Flu ED visits pct",2026-03-14,"quantile",0.025,0
2026-03-07,"macon",1,"Flu ED visits pct",2026-03-14,"quantile",0.05,0
2026-03-07,"macon",1,"Flu ED visits pct",2026-03-14,"quantile",0.1,0.380797797797798
2026-03-07,"macon",1,"Flu ED visits pct",2026-03-14,"quantile",0.25,1.02065315315315
2026-03-07,"macon",1,"Flu ED visits pct",2026-03-14,"quantile",0.5,1.36
2026-03-07,"macon",1,"Flu ED visits pct",2026-03-14,"quantile",0.75,1.71575825825826
2026-03-07,"macon",1,"Flu ED visits pct",2026-03-14,"quantile",0.9,2.24753953953954
2026-03-07,"macon",1,"Flu ED visits pct",2026-03-14,"quantile",0.95,2.87415165165165
2026-03-07,"macon",1,"Flu ED visits pct",2026-03-14,"quantile",0.975,3.52483183183183
2026-03-07,"macon",2,"Flu ED visits pct",2026-03-21,"quantile",0.025,0
2026-03-07,"macon",2,"Flu ED visits pct",2026-03-21,"quantile",0.05,0
2026-03-07,"macon",2,"Flu ED visits pct",2026-03-21,"quantile",0.1,0.193493493493494
2026-03-07,"macon",2,"Flu ED visits pct",2026-03-21,"quantile",0.25,0.865305305305305
2026-03-07,"macon",2,"Flu ED visits pct",2026-03-21,"quantile",0.5,1.36
2026-03-07,"macon",2,"Flu ED visits pct",2026-03-21,"quantile",0.75,1.84203703703704
2026-03-07,"macon",2,"Flu ED visits pct",2026-03-21,"quantile",0.9,2.57072772772773
2026-03-07,"macon",2,"Flu ED visits pct",2026-03-21,"quantile",0.95,3.37645195195195
2026-03-07,"macon",2,"Flu ED visits pct",2026-03-21,"quantile",0.975,3.77500025025025
2026-03-07,"macon",3,"Flu ED visits pct",2026-03-28,"quantile",0.025,0
2026-03-07,"macon",3,"Flu ED visits pct",2026-03-28,"quantile",0.05,0
2026-03-07,"macon",3,"Flu ED visits pct",2026-03-28,"quantile",0.1,0
2026-03-07,"macon",3,"Flu ED visits pct",2026-03-28,"quantile",0.25,0.718058058058057
2026-03-07,"macon",3,"Flu ED visits pct",2026-03-28,"quantile",0.5,1.36
2026-03-07,"macon",3,"Flu ED visits pct",2026-03-28,"quantile",0.75,2.00371371371371
2026-03-07,"macon",3,"Flu ED visits pct",2026-03-28,"quantile",0.9,2.91292492492492
2026-03-07,"macon",3,"Flu ED visits pct",2026-03-28,"quantile",0.95,3.60967167167167
2026-03-07,"macon",3,"Flu ED visits pct",2026-03-28,"quantile",0.975,4.04504429429429
2026-03-07,"maine",0,"Flu ED visits pct",2026-03-07,"quantile",0.025,0
2026-03-07,"maine",0,"Flu ED visits pct",2026-03-07,"quantile",0.05,0.555
2026-03-07,"maine",0,"Flu ED visits pct",2026-03-07,"quantile",0.1,0.94
2026-03-07,"maine",0,"Flu ED visits pct",2026-03-07,"quantile",0.25,1.41
2026-03-07,"maine",0,"Flu ED visits pct",2026-03-07,"quantile",0.5,1.46
2026-03-07,"maine",0,"Flu ED visits pct",2026-03-07,"quantile",0.75,1.51
2026-03-07,"maine",0,"Flu ED visits pct",2026-03-07,"quantile",0.9,1.98
2026-03-07,"maine",0,"Flu ED visits pct",2026-03-07,"quantile",0.95,2.365
2026-03-07,"maine",0,"Flu ED visits pct",2026-03-07,"quantile",0.975,3.595
2026-03-07,"maine",1,"Flu ED visits pct",2026-03-14,"quantile",0.025,0
2026-03-07,"maine",1,"Flu ED visits pct",2026-03-14,"quantile",0.05,0
2026-03-07,"maine",1,"Flu ED visits pct",2026-03-14,"quantile",0.1,0.497851851851852
2026-03-07,"maine",1,"Flu ED visits pct",2026-03-14,"quantile",0.25,1.23558558558559
2026-03-07,"maine",1,"Flu ED visits pct",2026-03-14,"quantile",0.5,1.46
2026-03-07,"maine",1,"Flu ED visits pct",2026-03-14,"quantile",0.75,1.68382882882883
2026-03-07,"maine",1,"Flu ED visits pct",2026-03-14,"quantile",0.9,2.38128228228228
2026-03-07,"maine",1,"Flu ED visits pct",2026-03-14,"quantile",0.95,3.58115865865866
2026-03-07,"maine",1,"Flu ED visits pct",2026-03-14,"quantile",0.975,3.97451701701701
2026-03-07,"maine",2,"Flu ED visits pct",2026-03-21,"quantile",0.025,0
2026-03-07,"maine",2,"Flu ED visits pct",2026-03-21,"quantile",0.05,0
2026-03-07,"maine",2,"Flu ED visits pct",2026-03-21,"quantile",0.1,0.0441231231231228
2026-03-07,"maine",2,"Flu ED visits pct",2026-03-21,"quantile",0.25,1.02829079079079
2026-03-07,"maine",2,"Flu ED visits pct",2026-03-21,"quantile",0.5,1.46
2026-03-07,"maine",2,"Flu ED visits pct",2026-03-21,"quantile",0.75,1.86
2026-03-07,"maine",2,"Flu ED visits pct",2026-03-21,"quantile",0.9,2.87035535535536
2026-03-07,"maine",2,"Flu ED visits pct",2026-03-21,"quantile",0.95,3.78032082082082
2026-03-07,"maine",2,"Flu ED visits pct",2026-03-21,"quantile",0.975,4.32207632632632
2026-03-07,"maine",3,"Flu ED visits pct",2026-03-28,"quantile",0.025,0
2026-03-07,"maine",3,"Flu ED visits pct",2026-03-28,"quantile",0.05,0
2026-03-07,"maine",3,"Flu ED visits pct",2026-03-28,"quantile",0.1,0
2026-03-07,"maine",3,"Flu ED visits pct",2026-03-28,"quantile",0.25,0.86762012012012
2026-03-07,"maine",3,"Flu ED visits pct",2026-03-28,"quantile",0.5,1.46
2026-03-07,"maine",3,"Flu ED visits pct",2026-03-28,"quantile",0.75,2.05068818818819
2026-03-07,"maine",3,"Flu ED visits pct",2026-03-28,"quantile",0.9,3.28533533533534
2026-03-07,"maine",3,"Flu ED visits pct",2026-03-28,"quantile",0.95,3.92321071071071
2026-03-07,"maine",3,"Flu ED visits pct",2026-03-28,"quantile",0.975,4.71038363363363
2026-03-07,"marietta",0,"Flu ED visits pct",2026-03-07,"quantile",0.025,0
2026-03-07,"marietta",0,"Flu ED visits pct",2026-03-07,"quantile",0.05,0.575
2026-03-07,"marietta",0,"Flu ED visits pct",2026-03-07,"quantile",0.1,1.1
2026-03-07,"marietta",0,"Flu ED visits pct",2026-03-07,"quantile",0.25,1.61
2026-03-07,"marietta",0,"Flu ED visits pct",2026-03-07,"quantile",0.5,1.72
2026-03-07,"marietta",0,"Flu ED visits pct",2026-03-07,"quantile",0.75,1.83
2026-03-07,"marietta",0,"Flu ED visits pct",2026-03-07,"quantile",0.9,2.34
2026-03-07,"marietta",0,"Flu ED visits pct",2026-03-07,"quantile",0.95,2.865
2026-03-07,"marietta",0,"Flu ED visits pct",2026-03-07,"quantile",0.975,4.21
2026-03-07,"marietta",1,"Flu ED visits pct",2026-03-14,"quantile",0.025,0
2026-03-07,"marietta",1,"Flu ED visits pct",2026-03-14,"quantile",0.05,0
2026-03-07,"marietta",1,"Flu ED visits pct",2026-03-14,"quantile",0.1,0.562153153153153
2026-03-07,"marietta",1,"Flu ED visits pct",2026-03-14,"quantile",0.25,1.34762762762763
2026-03-07,"marietta",1,"Flu ED visits pct",2026-03-14,"quantile",0.5,1.72
2026-03-07,"marietta",1,"Flu ED visits pct",2026-03-14,"quantile",0.75,2.03131381381381
2026-03-07,"marietta",1,"Flu ED visits pct",2026-03-14,"quantile",0.9,2.87664064064064
2026-03-07,"marietta",1,"Flu ED visits pct",2026-03-14,"quantile",0.95,4.29175175175175
2026-03-07,"marietta",1,"Flu ED visits pct",2026-03-14,"quantile",0.975,5.22562887887887
2026-03-07,"marietta",2,"Flu ED visits pct",2026-03-21,"quantile",0.025,0
2026-03-07,"marietta",2,"Flu ED visits pct",2026-03-21,"quantile",0.05,0
2026-03-07,"marietta",2,"Flu ED visits pct",2026-03-21,"quantile",0.1,0.0433153153153123
2026-03-07,"marietta",2,"Flu ED visits pct",2026-03-21,"quantile",0.25,1.14987237237237
2026-03-07,"marietta",2,"Flu ED visits pct",2026-03-21,"quantile",0.5,1.72
2026-03-07,"marietta",2,"Flu ED visits pct",2026-03-21,"quantile",0.75,2.24734984984985
2026-03-07,"marietta",2,"Flu ED visits pct",2026-03-21,"quantile",0.9,3.40481081081081
2026-03-07,"marietta",2,"Flu ED visits pct",2026-03-21,"quantile",0.95,4.87272122122121
2026-03-07,"marietta",2,"Flu ED visits pct",2026-03-21,"quantile",0.975,5.68837637637636
2026-03-07,"marietta",3,"Flu ED visits pct",2026-03-28,"quantile",0.025,0
2026-03-07,"marietta",3,"Flu ED visits pct",2026-03-28,"quantile",0.05,0
2026-03-07,"marietta",3,"Flu ED visits pct",2026-03-28,"quantile",0.1,0
2026-03-07,"marietta",3,"Flu ED visits pct",2026-03-28,"quantile",0.25,1.03425675675676
2026-03-07,"marietta",3,"Flu ED visits pct",2026-03-28,"quantile",0.5,1.72
2026-03-07,"marietta",3,"Flu ED visits pct",2026-03-28,"quantile",0.75,2.44328328328328
2026-03-07,"marietta",3,"Flu ED visits pct",2026-03-28,"quantile",0.9,3.70287387387387
2026-03-07,"marietta",3,"Flu ED visits pct",2026-03-28,"quantile",0.95,5.05761911911913
2026-03-07,"marietta",3,"Flu ED visits pct",2026-03-28,"quantile",0.975,6.14656856856856
2026-03-07,"maryland",0,"Flu ED visits pct",2026-03-07,"quantile",0.025,0
2026-03-07,"maryland",0,"Flu ED visits pct",2026-03-07,"quantile",0.05,0
2026-03-07,"maryland",0,"Flu ED visits pct",2026-03-07,"quantile",0.1,0.405
2026-03-07,"maryland",0,"Flu ED visits pct",2026-03-07,"quantile",0.25,0.99
2026-03-07,"maryland",0,"Flu ED visits pct",2026-03-07,"quantile",0.5,1.07
2026-03-07,"maryland",0,"Flu ED visits pct",2026-03-07,"quantile",0.75,1.15
2026-03-07,"maryland",0,"Flu ED visits pct",2026-03-07,"quantile",0.9,1.735
2026-03-07,"maryland",0,"Flu ED visits pct",2026-03-07,"quantile",0.95,2.515
2026-03-07,"maryland",0,"Flu ED visits pct",2026-03-07,"quantile",0.975,3.145
2026-03-07,"maryland",1,"Flu ED visits pct",2026-03-14,"quantile",0.025,0
2026-03-07,"maryland",1,"Flu ED visits pct",2026-03-14,"quantile",0.05,0
2026-03-07,"maryland",1,"Flu ED visits pct",2026-03-14,"quantile",0.1,0
2026-03-07,"maryland",1,"Flu ED visits pct",2026-03-14,"quantile",0.25,0.701649149149149
2026-03-07,"maryland",1,"Flu ED visits pct",2026-03-14,"quantile",0.5,1.07
2026-03-07,"maryland",1,"Flu ED visits pct",2026-03-14,"quantile",0.75,1.40627627627628
2026-03-07,"maryland",1,"Flu ED visits pct",2026-03-14,"quantile",0.9,2.37815415415416
2026-03-07,"maryland",1,"Flu ED visits pct",2026-03-14,"quantile",0.95,3.1425985985986
2026-03-07,"maryland",1,"Flu ED visits pct",2026-03-14,"quantile",0.975,3.66415665665665
2026-03-07,"maryland",2,"Flu ED visits pct",2026-03-21,"quantile",0.025,0
2026-03-07,"maryland",2,"Flu ED visits pct",2026-03-21,"quantile",0.05,0
2026-03-07,"maryland",2,"Flu ED visits pct",2026-03-21,"quantile",0.1,0
2026-03-07,"maryland",2,"Flu ED visits pct",2026-03-21,"quantile",0.25,0.454066566566567
2026-03-07,"maryland",2,"Flu ED visits pct",2026-03-21,"quantile",0.5,1.07
2026-03-07,"maryland",2,"Flu ED visits pct",2026-03-21,"quantile",0.75,1.63451951951952
2026-03-07,"maryland",2,"Flu ED visits pct",2026-03-21,"quantile",0.9,2.86168168168169
2026-03-07,"maryland",2,"Flu ED visits pct",2026-03-21,"quantile",0.95,3.58001901901902
2026-03-07,"maryland",2,"Flu ED visits pct",2026-03-21,"quantile",0.975,4.35876126126127
2026-03-07,"maryland",3,"Flu ED visits pct",2026-03-28,"quantile",0.025,0
2026-03-07,"maryland",3,"Flu ED visits pct",2026-03-28,"quantile",0.05,0
2026-03-07,"maryland",3,"Flu ED visits pct",2026-03-28,"quantile",0.1,0
2026-03-07,"maryland",3,"Flu ED visits pct",2026-03-28,"quantile",0.25,0.319744744744745
2026-03-07,"maryland",3,"Flu ED visits pct",2026-03-28,"quantile",0.5,1.07
2026-03-07,"maryland",3,"Flu ED visits pct",2026-03-28,"quantile",0.75,1.80889389389389
2026-03-07,"maryland",3,"Flu ED visits pct",2026-03-28,"quantile",0.9,3.09867567567568
2026-03-07,"maryland",3,"Flu ED visits pct",2026-03-28,"quantile",0.95,4.01016666666666
2026-03-07,"maryland",3,"Flu ED visits pct",2026-03-28,"quantile",0.975,4.64648073073073
2026-03-07,"massachusetts",0,"Flu ED visits pct",2026-03-07,"quantile",0.025,0
2026-03-07,"massachusetts",0,"Flu ED visits pct",2026-03-07,"quantile",0.05,0
2026-03-07,"massachusetts",0,"Flu ED visits pct",2026-03-07,"quantile",0.1,0.82
2026-03-07,"massachusetts",0,"Flu ED visits pct",2026-03-07,"quantile",0.25,1.3
2026-03-07,"massachusetts",0,"Flu ED visits pct",2026-03-07,"quantile",0.5,1.35
2026-03-07,"massachusetts",0,"Flu ED visits pct",2026-03-07,"quantile",0.75,1.4
2026-03-07,"massachusetts",0,"Flu ED visits pct",2026-03-07,"quantile",0.9,1.88
2026-03-07,"massachusetts",0,"Flu ED visits pct",2026-03-07,"quantile",0.95,2.7475
2026-03-07,"massachusetts",0,"Flu ED visits pct",2026-03-07,"quantile",0.975,3.16
2026-03-07,"massachusetts",1,"Flu ED visits pct",2026-03-14,"quantile",0.025,0
2026-03-07,"massachusetts",1,"Flu ED visits pct",2026-03-14,"quantile",0.05,0
2026-03-07,"massachusetts",1,"Flu ED visits pct",2026-03-14,"quantile",0.1,0.00332432432432381
2026-03-07,"massachusetts",1,"Flu ED visits pct",2026-03-14,"quantile",0.25,1.07586336336336
2026-03-07,"massachusetts",1,"Flu ED visits pct",2026-03-14,"quantile",0.5,1.35
2026-03-07,"massachusetts",1,"Flu ED visits pct",2026-03-14,"quantile",0.75,1.63536786786787
2026-03-07,"massachusetts",1,"Flu ED visits pct",2026-03-14,"quantile",0.9,2.74907307307307
2026-03-07,"massachusetts",1,"Flu ED visits pct",2026-03-14,"quantile",0.95,3.19668618618618
2026-03-07,"massachusetts",1,"Flu ED visits pct",2026-03-14,"quantile",0.975,3.60066891891891
2026-03-07,"massachusetts",2,"Flu ED visits pct",2026-03-21,"quantile",0.025,0
2026-03-07,"massachusetts",2,"Flu ED visits pct",2026-03-21,"quantile",0.05,0
2026-03-07,"massachusetts",2,"Flu ED visits pct",2026-03-21,"quantile",0.1,0
2026-03-07,"massachusetts",2,"Flu ED visits pct",2026-03-21,"quantile",0.25,0.858360860860861
2026-03-07,"massachusetts",2,"Flu ED visits pct",2026-03-21,"quantile",0.5,1.35
2026-03-07,"massachusetts",2,"Flu ED visits pct",2026-03-21,"quantile",0.75,1.82853353353353
2026-03-07,"massachusetts",2,"Flu ED visits pct",2026-03-21,"quantile",0.9,2.9627047047047
2026-03-07,"massachusetts",2,"Flu ED visits pct",2026-03-21,"quantile",0.95,3.47666466466466
2026-03-07,"massachusetts",2,"Flu ED visits pct",2026-03-21,"quantile",0.975,4.28157357357357
2026-03-07,"massachusetts",3,"Flu ED visits pct",2026-03-28,"quantile",0.025,0
2026-03-07,"massachusetts",3,"Flu ED visits pct",2026-03-28,"quantile",0.05,0
2026-03-07,"massachusetts",3,"Flu ED visits pct",2026-03-28,"quantile",0.1,0
2026-03-07,"massachusetts",3,"Flu ED visits pct",2026-03-28,"quantile",0.25,0.673005505505506
2026-03-07,"massachusetts",3,"Flu ED visits pct",2026-03-28,"quantile",0.5,1.35
2026-03-07,"massachusetts",3,"Flu ED visits pct",2026-03-28,"quantile",0.75,1.98004754754755
2026-03-07,"massachusetts",3,"Flu ED visits pct",2026-03-28,"quantile",0.9,3.12045045045045
2026-03-07,"massachusetts",3,"Flu ED visits pct",2026-03-28,"quantile",0.95,3.84606156156156
2026-03-07,"massachusetts",3,"Flu ED visits pct",2026-03-28,"quantile",0.975,4.61948498498498
2026-03-07,"medford",0,"Flu ED visits pct",2026-03-07,"quantile",0.025,0.61625
2026-03-07,"medford",0,"Flu ED visits pct",2026-03-07,"quantile",0.05,1.4925
2026-03-07,"medford",0,"Flu ED visits pct",2026-03-07,"quantile",0.1,2.11
2026-03-07,"medford",0,"Flu ED visits pct",2026-03-07,"quantile",0.25,2.72
2026-03-07,"medford",0,"Flu ED visits pct",2026-03-07,"quantile",0.5,2.8
2026-03-07,"medford",0,"Flu ED visits pct",2026-03-07,"quantile",0.75,2.88
2026-03-07,"medford",0,"Flu ED visits pct",2026-03-07,"quantile",0.9,3.49
2026-03-07,"medford",0,"Flu ED visits pct",2026-03-07,"quantile",0.95,4.1075
2026-03-07,"medford",0,"Flu ED visits pct",2026-03-07,"quantile",0.975,4.98375
2026-03-07,"medford",1,"Flu ED visits pct",2026-03-14,"quantile",0.025,0
2026-03-07,"medford",1,"Flu ED visits pct",2026-03-14,"quantile",0.05,0.623211211211211
2026-03-07,"medford",1,"Flu ED visits pct",2026-03-14,"quantile",0.1,1.55414014014014
2026-03-07,"medford",1,"Flu ED visits pct",2026-03-14,"quantile",0.25,2.46985485485485
2026-03-07,"medford",1,"Flu ED visits pct",2026-03-14,"quantile",0.5,2.8
2026-03-07,"medford",1,"Flu ED visits pct",2026-03-14,"quantile",0.75,3.10573573573574
2026-03-07,"medford",1,"Flu ED visits pct",2026-03-14,"quantile",0.9,4.08954554554554
2026-03-07,"medford",1,"Flu ED visits pct",2026-03-14,"quantile",0.95,4.91685035035035
2026-03-07,"medford",1,"Flu ED visits pct",2026-03-14,"quantile",0.975,5.72195995995995
2026-03-07,"medford",2,"Flu ED visits pct",2026-03-21,"quantile",0.025,0
2026-03-07,"medford",2,"Flu ED visits pct",2026-03-21,"quantile",0.05,0.175828828828828
2026-03-07,"medford",2,"Flu ED visits pct",2026-03-21,"quantile",0.1,1.10267167167167
2026-03-07,"medford",2,"Flu ED visits pct",2026-03-21,"quantile",0.25,2.18911661661662
2026-03-07,"medford",2,"Flu ED visits pct",2026-03-21,"quantile",0.5,2.8
2026-03-07,"medford",2,"Flu ED visits pct",2026-03-21,"quantile",0.75,3.28784284284284
2026-03-07,"medford",2,"Flu ED visits pct",2026-03-21,"quantile",0.9,4.68421621621622
2026-03-07,"medford",2,"Flu ED visits pct",2026-03-21,"quantile",0.95,5.40837637637638
2026-03-07,"medford",2,"Flu ED visits pct",2026-03-21,"quantile",0.975,6.04630155155155
2026-03-07,"medford",3,"Flu ED visits pct",2026-03-28,"quantile",0.025,0
2026-03-07,"medford",3,"Flu ED visits pct",2026-03-28,"quantile",0.05,0
2026-03-07,"medford",3,"Flu ED visits pct",2026-03-28,"quantile",0.1,0.706930930930933
2026-03-07,"medford",3,"Flu ED visits pct",2026-03-28,"quantile",0.25,2.06535535535535
2026-03-07,"medford",3,"Flu ED visits pct",2026-03-28,"quantile",0.5,2.8
2026-03-07,"medford",3,"Flu ED visits pct",2026-03-28,"quantile",0.75,3.5354954954955
2026-03-07,"medford",3,"Flu ED visits pct",2026-03-28,"quantile",0.9,4.92645645645646
2026-03-07,"medford",3,"Flu ED visits pct",2026-03-28,"quantile",0.95,5.52624224224224
2026-03-07,"medford",3,"Flu ED visits pct",2026-03-28,"quantile",0.975,6.22321096096096
2026-03-07,"mesa",0,"Flu ED visits pct",2026-03-07,"quantile",0.025,0
2026-03-07,"mesa",0,"Flu ED visits pct",2026-03-07,"quantile",0.05,0.4575
2026-03-07,"mesa",0,"Flu ED visits pct",2026-03-07,"quantile",0.1,0.99
2026-03-07,"mesa",0,"Flu ED visits pct",2026-03-07,"quantile",0.25,1.4675
2026-03-07,"mesa",0,"Flu ED visits pct",2026-03-07,"quantile",0.5,1.59
2026-03-07,"mesa",0,"Flu ED visits pct",2026-03-07,"quantile",0.75,1.7125
2026-03-07,"mesa",0,"Flu ED visits pct",2026-03-07,"quantile",0.9,2.19
2026-03-07,"mesa",0,"Flu ED visits pct",2026-03-07,"quantile",0.95,2.7225
2026-03-07,"mesa",0,"Flu ED visits pct",2026-03-07,"quantile",0.975,4.195
2026-03-07,"mesa",1,"Flu ED visits pct",2026-03-14,"quantile",0.025,0
2026-03-07,"mesa",1,"Flu ED visits pct",2026-03-14,"quantile",0.05,0
2026-03-07,"mesa",1,"Flu ED visits pct",2026-03-14,"quantile",0.1,0.479072072072072
2026-03-07,"mesa",1,"Flu ED visits pct",2026-03-14,"quantile",0.25,1.29
2026-03-07,"mesa",1,"Flu ED visits pct",2026-03-14,"quantile",0.5,1.59
2026-03-07,"mesa",1,"Flu ED visits pct",2026-03-14,"quantile",0.75,1.89649399399399
2026-03-07,"mesa",1,"Flu ED visits pct",2026-03-14,"quantile",0.9,2.80802402402402
2026-03-07,"mesa",1,"Flu ED visits pct",2026-03-14,"quantile",0.95,4.14547097097097
2026-03-07,"mesa",1,"Flu ED visits pct",2026-03-14,"quantile",0.975,5.24360160160159
2026-03-07,"mesa",2,"Flu ED visits pct",2026-03-21,"quantile",0.025,0
2026-03-07,"mesa",2,"Flu ED visits pct",2026-03-21,"quantile",0.05,0
2026-03-07,"mesa",2,"Flu ED visits pct",2026-03-21,"quantile",0.1,0
2026-03-07,"mesa",2,"Flu ED visits pct",2026-03-21,"quantile",0.25,1.02316566566567
2026-03-07,"mesa",2,"Flu ED visits pct",2026-03-21,"quantile",0.5,1.59
2026-03-07,"mesa",2,"Flu ED visits pct",2026-03-21,"quantile",0.75,2.13063063063063
2026-03-07,"mesa",2,"Flu ED visits pct",2026-03-21,"quantile",0.9,3.59665365365365
2026-03-07,"mesa",2,"Flu ED visits pct",2026-03-21,"quantile",0.95,4.65753653653651
2026-03-07,"mesa",2,"Flu ED visits pct",2026-03-21,"quantile",0.975,6.18664014014014
2026-03-07,"mesa",3,"Flu ED visits pct",2026-03-28,"quantile",0.025,0
2026-03-07,"mesa",3,"Flu ED visits pct",2026-03-28,"quantile",0.05,0
2026-03-07,"mesa",3,"Flu ED visits pct",2026-03-28,"quantile",0.1,0
2026-03-07,"mesa",3,"Flu ED visits pct",2026-03-28,"quantile",0.25,0.799717217217217
2026-03-07,"mesa",3,"Flu ED visits pct",2026-03-28,"quantile",0.5,1.59
2026-03-07,"mesa",3,"Flu ED visits pct",2026-03-28,"quantile",0.75,2.37204204204204
2026-03-07,"mesa",3,"Flu ED visits pct",2026-03-28,"quantile",0.9,4.18386386386386
2026-03-07,"mesa",3,"Flu ED visits pct",2026-03-28,"quantile",0.95,5.61366566566566
2026-03-07,"mesa",3,"Flu ED visits pct",2026-03-28,"quantile",0.975,6.96234584584584
2026-03-07,"minneapolis",0,"Flu ED visits pct",2026-03-07,"quantile",0.025,0.235
2026-03-07,"minneapolis",0,"Flu ED visits pct",2026-03-07,"quantile",0.05,0.9375
2026-03-07,"minneapolis",0,"Flu ED visits pct",2026-03-07,"quantile",0.1,1.51
2026-03-07,"minneapolis",0,"Flu ED visits pct",2026-03-07,"quantile",0.25,1.94
2026-03-07,"minneapolis",0,"Flu ED visits pct",2026-03-07,"quantile",0.5,2.05
2026-03-07,"minneapolis",0,"Flu ED visits pct",2026-03-07,"quantile",0.75,2.16
2026-03-07,"minneapolis",0,"Flu ED visits pct",2026-03-07,"quantile",0.9,2.59
2026-03-07,"minneapolis",0,"Flu ED visits pct",2026-03-07,"quantile",0.95,3.1625
2026-03-07,"minneapolis",0,"Flu ED visits pct",2026-03-07,"quantile",0.975,3.865
2026-03-07,"minneapolis",1,"Flu ED visits pct",2026-03-14,"quantile",0.025,0
2026-03-07,"minneapolis",1,"Flu ED visits pct",2026-03-14,"quantile",0.05,0.144942942942943
2026-03-07,"minneapolis",1,"Flu ED visits pct",2026-03-14,"quantile",0.1,0.904008008008008
2026-03-07,"minneapolis",1,"Flu ED visits pct",2026-03-14,"quantile",0.25,1.7421021021021
2026-03-07,"minneapolis",1,"Flu ED visits pct",2026-03-14,"quantile",0.5,2.05
2026-03-07,"minneapolis",1,"Flu ED visits pct",2026-03-14,"quantile",0.75,2.38096346346346
2026-03-07,"minneapolis",1,"Flu ED visits pct",2026-03-14,"quantile",0.9,3.13194594594595
2026-03-07,"minneapolis",1,"Flu ED visits pct",2026-03-14,"quantile",0.95,3.88012462462462
2026-03-07,"minneapolis",1,"Flu ED visits pct",2026-03-14,"quantile",0.975,5.16196446446445
2026-03-07,"minneapolis",2,"Flu ED visits pct",2026-03-21,"quantile",0.025,0
2026-03-07,"minneapolis",2,"Flu ED visits pct",2026-03-21,"quantile",0.05,0
2026-03-07,"minneapolis",2,"Flu ED visits pct",2026-03-21,"quantile",0.1,0.650808808808808
2026-03-07,"minneapolis",2,"Flu ED visits pct",2026-03-21,"quantile",0.25,1.58173673673674
2026-03-07,"minneapolis",2,"Flu ED visits pct",2026-03-21,"quantile",0.5,2.05
2026-03-07,"minneapolis",2,"Flu ED visits pct",2026-03-21,"quantile",0.75,2.5441016016016
2026-03-07,"minneapolis",2,"Flu ED visits pct",2026-03-21,"quantile",0.9,3.43615715715716
2026-03-07,"minneapolis",2,"Flu ED visits pct",2026-03-21,"quantile",0.95,4.62768218218218
2026-03-07,"minneapolis",2,"Flu ED visits pct",2026-03-21,"quantile",0.975,5.57689364364364
2026-03-07,"minneapolis",3,"Flu ED visits pct",2026-03-28,"quantile",0.025,0
2026-03-07,"minneapolis",3,"Flu ED visits pct",2026-03-28,"quantile",0.05,0
2026-03-07,"minneapolis",3,"Flu ED visits pct",2026-03-28,"quantile",0.1,0.19407907907908
2026-03-07,"minneapolis",3,"Flu ED visits pct",2026-03-28,"quantile",0.25,1.36035785785786
2026-03-07,"minneapolis",3,"Flu ED visits pct",2026-03-28,"quantile",0.5,2.05
2026-03-07,"minneapolis",3,"Flu ED visits pct",2026-03-28,"quantile",0.75,2.64149149149149
2026-03-07,"minneapolis",3,"Flu ED visits pct",2026-03-28,"quantile",0.9,3.97427227227227
2026-03-07,"minneapolis",3,"Flu ED visits pct",2026-03-28,"quantile",0.95,5.08277927927928
2026-03-07,"minneapolis",3,"Flu ED visits pct",2026-03-28,"quantile",0.975,5.81423423423423
2026-03-07,"minnesota",0,"Flu ED visits pct",2026-03-07,"quantile",0.025,0.20375
2026-03-07,"minnesota",0,"Flu ED visits pct",2026-03-07,"quantile",0.05,0.8975
2026-03-07,"minnesota",0,"Flu ED visits pct",2026-03-07,"quantile",0.1,1.67
2026-03-07,"minnesota",0,"Flu ED visits pct",2026-03-07,"quantile",0.25,2.2875
2026-03-07,"minnesota",0,"Flu ED visits pct",2026-03-07,"quantile",0.5,2.37
2026-03-07,"minnesota",0,"Flu ED visits pct",2026-03-07,"quantile",0.75,2.4525
2026-03-07,"minnesota",0,"Flu ED visits pct",2026-03-07,"quantile",0.9,3.07
2026-03-07,"minnesota",0,"Flu ED visits pct",2026-03-07,"quantile",0.95,3.8425
2026-03-07,"minnesota",0,"Flu ED visits pct",2026-03-07,"quantile",0.975,4.53625
2026-03-07,"minnesota",1,"Flu ED visits pct",2026-03-14,"quantile",0.025,0
2026-03-07,"minnesota",1,"Flu ED visits pct",2026-03-14,"quantile",0.05,0.254563563563564
2026-03-07,"minnesota",1,"Flu ED visits pct",2026-03-14,"quantile",0.1,1.01062862862863
2026-03-07,"minnesota",1,"Flu ED visits pct",2026-03-14,"quantile",0.25,2.09117117117117
2026-03-07,"minnesota",1,"Flu ED visits pct",2026-03-14,"quantile",0.5,2.37
2026-03-07,"minnesota",1,"Flu ED visits pct",2026-03-14,"quantile",0.75,2.64068818818819
2026-03-07,"minnesota",1,"Flu ED visits pct",2026-03-14,"quantile",0.9,3.80783883883884
2026-03-07,"minnesota",1,"Flu ED visits pct",2026-03-14,"quantile",0.95,4.64960710710711
2026-03-07,"minnesota",1,"Flu ED visits pct",2026-03-14,"quantile",0.975,5.63412237237236
2026-03-07,"minnesota",2,"Flu ED visits pct",2026-03-21,"quantile",0.025,0
2026-03-07,"minnesota",2,"Flu ED visits pct",2026-03-21,"quantile",0.05,0
2026-03-07,"minnesota",2,"Flu ED visits pct",2026-03-21,"quantile",0.1,0.620191191191192
2026-03-07,"minnesota",2,"Flu ED visits pct",2026-03-21,"quantile",0.25,1.82463463463463
2026-03-07,"minnesota",2,"Flu ED visits pct",2026-03-21,"quantile",0.5,2.37
2026-03-07,"minnesota",2,"Flu ED visits pct",2026-03-21,"quantile",0.75,2.93307057057057
2026-03-07,"minnesota",2,"Flu ED visits pct",2026-03-21,"quantile",0.9,4.32157257257258
2026-03-07,"minnesota",2,"Flu ED visits pct",2026-03-21,"quantile",0.95,5.15520070070069
2026-03-07,"minnesota",2,"Flu ED visits pct",2026-03-21,"quantile",0.975,6.08692067067066
2026-03-07,"minnesota",3,"Flu ED visits pct",2026-03-28,"quantile",0.025,0
2026-03-07,"minnesota",3,"Flu ED visits pct",2026-03-28,"quantile",0.05,0
2026-03-07,"minnesota",3,"Flu ED visits pct",2026-03-28,"quantile",0.1,0.347655655655655
2026-03-07,"minnesota",3,"Flu ED visits pct",2026-03-28,"quantile",0.25,1.6514014014014
2026-03-07,"minnesota",3,"Flu ED visits pct",2026-03-28,"quantile",0.5,2.37
2026-03-07,"minnesota",3,"Flu ED visits pct",2026-03-28,"quantile",0.75,3.15
2026-03-07,"minnesota",3,"Flu ED visits pct",2026-03-28,"quantile",0.9,4.57628028028028
2026-03-07,"minnesota",3,"Flu ED visits pct",2026-03-28,"quantile",0.95,5.78708008008008
2026-03-07,"minnesota",3,"Flu ED visits pct",2026-03-28,"quantile",0.975,6.42628628628629
2026-03-07,"montgomery",0,"Flu ED visits pct",2026-03-07,"quantile",0.025,0
2026-03-07,"montgomery",0,"Flu ED visits pct",2026-03-07,"quantile",0.05,0
2026-03-07,"montgomery",0,"Flu ED visits pct",2026-03-07,"quantile",0.1,0.26
2026-03-07,"montgomery",0,"Flu ED visits pct",2026-03-07,"quantile",0.25,0.85
2026-03-07,"montgomery",0,"Flu ED visits pct",2026-03-07,"quantile",0.5,0.93
2026-03-07,"montgomery",0,"Flu ED visits pct",2026-03-07,"quantile",0.75,1.01
2026-03-07,"montgomery",0,"Flu ED visits pct",2026-03-07,"quantile",0.9,1.6
2026-03-07,"montgomery",0,"Flu ED visits pct",2026-03-07,"quantile",0.95,2.34
2026-03-07,"montgomery",0,"Flu ED visits pct",2026-03-07,"quantile",0.975,3.16125
2026-03-07,"montgomery",1,"Flu ED visits pct",2026-03-14,"quantile",0.025,0
2026-03-07,"montgomery",1,"Flu ED visits pct",2026-03-14,"quantile",0.05,0
2026-03-07,"montgomery",1,"Flu ED visits pct",2026-03-14,"quantile",0.1,0
2026-03-07,"montgomery",1,"Flu ED visits pct",2026-03-14,"quantile",0.25,0.569084084084084
2026-03-07,"montgomery",1,"Flu ED visits pct",2026-03-14,"quantile",0.5,0.93
2026-03-07,"montgomery",1,"Flu ED visits pct",2026-03-14,"quantile",0.75,1.27108108108108
2026-03-07,"montgomery",1,"Flu ED visits pct",2026-03-14,"quantile",0.9,2.35150650650651
2026-03-07,"montgomery",1,"Flu ED visits pct",2026-03-14,"quantile",0.95,3.20845795795796
2026-03-07,"montgomery",1,"Flu ED visits pct",2026-03-14,"quantile",0.975,3.84050125125125
2026-03-07,"montgomery",2,"Flu ED visits pct",2026-03-21,"quantile",0.025,0
2026-03-07,"montgomery",2,"Flu ED visits pct",2026-03-21,"quantile",0.05,0
2026-03-07,"montgomery",2,"Flu ED visits pct",2026-03-21,"quantile",0.1,0
2026-03-07,"montgomery",2,"Flu ED visits pct",2026-03-21,"quantile",0.25,0.320015015015015
2026-03-07,"montgomery",2,"Flu ED visits pct",2026-03-21,"quantile",0.5,0.93
2026-03-07,"montgomery",2,"Flu ED visits pct",2026-03-21,"quantile",0.75,1.48678928928929
2026-03-07,"montgomery",2,"Flu ED visits pct",2026-03-21,"quantile",0.9,2.80552752752753
2026-03-07,"montgomery",2,"Flu ED visits pct",2026-03-21,"quantile",0.95,3.43047347347347
2026-03-07,"montgomery",2,"Flu ED visits pct",2026-03-21,"quantile",0.975,4.24371271271272
2026-03-07,"montgomery",3,"Flu ED visits pct",2026-03-28,"quantile",0.025,0
2026-03-07,"montgomery",3,"Flu ED visits pct",2026-03-28,"quantile",0.05,0
2026-03-07,"montgomery",3,"Flu ED visits pct",2026-03-28,"quantile",0.1,0
2026-03-07,"montgomery",3,"Flu ED visits pct",2026-03-28,"quantile",0.25,0.129919919919921
2026-03-07,"montgomery",3,"Flu ED visits pct",2026-03-28,"quantile",0.5,0.93
2026-03-07,"montgomery",3,"Flu ED visits pct",2026-03-28,"quantile",0.75,1.69668668668669
2026-03-07,"montgomery",3,"Flu ED visits pct",2026-03-28,"quantile",0.9,3.07101601601602
2026-03-07,"montgomery",3,"Flu ED visits pct",2026-03-28,"quantile",0.95,3.75948748748748
2026-03-07,"montgomery",3,"Flu ED visits pct",2026-03-28,"quantile",0.975,4.78668893893894
2026-03-07,"nenc",0,"Flu ED visits pct",2026-03-07,"quantile",0.025,0.912517267267267
2026-03-07,"nenc",0,"Flu ED visits pct",2026-03-07,"quantile",0.05,1.44317467467467
2026-03-07,"nenc",0,"Flu ED visits pct",2026-03-07,"quantile",0.1,1.85790990990991
2026-03-07,"nenc",0,"Flu ED visits pct",2026-03-07,"quantile",0.25,2.09
2026-03-07,"nenc",0,"Flu ED visits pct",2026-03-07,"quantile",0.5,2.15
2026-03-07,"nenc",0,"Flu ED visits pct",2026-03-07,"quantile",0.75,2.21
2026-03-07,"nenc",0,"Flu ED visits pct",2026-03-07,"quantile",0.9,2.44209009009009
2026-03-07,"nenc",0,"Flu ED visits pct",2026-03-07,"quantile",0.95,2.85682532532532
2026-03-07,"nenc",0,"Flu ED visits pct",2026-03-07,"quantile",0.975,3.38748273273273
2026-03-07,"nenc",1,"Flu ED visits pct",2026-03-14,"quantile",0.025,0
2026-03-07,"nenc",1,"Flu ED visits pct",2026-03-14,"quantile",0.05,0.9223998998999
2026-03-07,"nenc",1,"Flu ED visits pct",2026-03-14,"quantile",0.1,1.5017027027027
2026-03-07,"nenc",1,"Flu ED visits pct",2026-03-14,"quantile",0.25,1.99
2026-03-07,"nenc",1,"Flu ED visits pct",2026-03-14,"quantile",0.5,2.15
2026-03-07,"nenc",1,"Flu ED visits pct",2026-03-14,"quantile",0.75,2.29
2026-03-07,"nenc",1,"Flu ED visits pct",2026-03-14,"quantile",0.9,2.78122522522523
2026-03-07,"nenc",1,"Flu ED visits pct",2026-03-14,"quantile",0.95,3.53465215215216
2026-03-07,"nenc",1,"Flu ED visits pct",2026-03-14,"quantile",0.975,4.6779637137137
2026-03-07,"nenc",2,"Flu ED visits pct",2026-03-21,"quantile",0.025,0
2026-03-07,"nenc",2,"Flu ED visits pct",2026-03-21,"quantile",0.05,0.437836836836837
2026-03-07,"nenc",2,"Flu ED visits pct",2026-03-21,"quantile",0.1,1.17927027027027
2026-03-07,"nenc",2,"Flu ED visits pct",2026-03-21,"quantile",0.25,1.85
2026-03-07,"nenc",2,"Flu ED visits pct",2026-03-21,"quantile",0.5,2.15
2026-03-07,"nenc",2,"Flu ED visits pct",2026-03-21,"quantile",0.75,2.42
2026-03-07,"nenc",2,"Flu ED visits pct",2026-03-21,"quantile",0.9,3.15051451451451
2026-03-07,"nenc",2,"Flu ED visits pct",2026-03-21,"quantile",0.95,4.0621041041041
2026-03-07,"nenc",2,"Flu ED visits pct",2026-03-21,"quantile",0.975,5.52891566566566
2026-03-07,"nenc",3,"Flu ED visits pct",2026-03-28,"quantile",0.025,0
2026-03-07,"nenc",3,"Flu ED visits pct",2026-03-28,"quantile",0.05,0
2026-03-07,"nenc",3,"Flu ED visits pct",2026-03-28,"quantile",0.1,0.954239239239239
2026-03-07,"nenc",3,"Flu ED visits pct",2026-03-28,"quantile",0.25,1.74174924924925
2026-03-07,"nenc",3,"Flu ED visits pct",2026-03-28,"quantile",0.5,2.15
2026-03-07,"nenc",3,"Flu ED visits pct",2026-03-28,"quantile",0.75,2.53125125125125
2026-03-07,"nenc",3,"Flu ED visits pct",2026-03-28,"quantile",0.9,3.41767767767768
2026-03-07,"nenc",3,"Flu ED visits pct",2026-03-28,"quantile",0.95,4.65399299299299
2026-03-07,"nenc",3,"Flu ED visits pct",2026-03-28,"quantile",0.975,5.80184309309309
2026-03-07,"new-bedford",0,"Flu ED visits pct",2026-03-07,"quantile",0.025,0
2026-03-07,"new-bedford",0,"Flu ED visits pct",2026-03-07,"quantile",0.05,0.195
2026-03-07,"new-bedford",0,"Flu ED visits pct",2026-03-07,"quantile",0.1,1.455
2026-03-07,"new-bedford",0,"Flu ED visits pct",2026-03-07,"quantile",0.25,1.86
2026-03-07,"new-bedford",0,"Flu ED visits pct",2026-03-07,"quantile",0.5,1.98
2026-03-07,"new-bedford",0,"Flu ED visits pct",2026-03-07,"quantile",0.75,2.1
2026-03-07,"new-bedford",0,"Flu ED visits pct",2026-03-07,"quantile",0.9,2.505
2026-03-07,"new-bedford",0,"Flu ED visits pct",2026-03-07,"quantile",0.95,3.765
2026-03-07,"new-bedford",0,"Flu ED visits pct",2026-03-07,"quantile",0.975,4.5725
2026-03-07,"new-bedford",1,"Flu ED visits pct",2026-03-14,"quantile",0.025,0
2026-03-07,"new-bedford",1,"Flu ED visits pct",2026-03-14,"quantile",0.05,0
2026-03-07,"new-bedford",1,"Flu ED visits pct",2026-03-14,"quantile",0.1,0.530955955955956
2026-03-07,"new-bedford",1,"Flu ED visits pct",2026-03-14,"quantile",0.25,1.65985485485485
2026-03-07,"new-bedford",1,"Flu ED visits pct",2026-03-14,"quantile",0.5,1.98
2026-03-07,"new-bedford",1,"Flu ED visits pct",2026-03-14,"quantile",0.75,2.25568568568569
2026-03-07,"new-bedford",1,"Flu ED visits pct",2026-03-14,"quantile",0.9,3.4034034034034
2026-03-07,"new-bedford",1,"Flu ED visits pct",2026-03-14,"quantile",0.95,4.43705405405406
2026-03-07,"new-bedford",1,"Flu ED visits pct",2026-03-14,"quantile",0.975,4.88984409409409
2026-03-07,"new-bedford",2,"Flu ED visits pct",2026-03-21,"quantile",0.025,0
2026-03-07,"new-bedford",2,"Flu ED visits pct",2026-03-21,"quantile",0.05,0
2026-03-07,"new-bedford",2,"Flu ED visits pct",2026-03-21,"quantile",0.1,0
2026-03-07,"new-bedford",2,"Flu ED visits pct",2026-03-21,"quantile",0.25,1.45901901901902
2026-03-07,"new-bedford",2,"Flu ED visits pct",2026-03-21,"quantile",0.5,1.98
2026-03-07,"new-bedford",2,"Flu ED visits pct",2026-03-21,"quantile",0.75,2.43070570570571
2026-03-07,"new-bedford",2,"Flu ED visits pct",2026-03-21,"quantile",0.9,4.04571371371371
2026-03-07,"new-bedford",2,"Flu ED visits pct",2026-03-21,"quantile",0.95,4.91492742742743
2026-03-07,"new-bedford",2,"Flu ED visits pct",2026-03-21,"quantile",0.975,5.75900675675676
2026-03-07,"new-bedford",3,"Flu ED visits pct",2026-03-28,"quantile",0.025,0
2026-03-07,"new-bedford",3,"Flu ED visits pct",2026-03-28,"quantile",0.05,0
2026-03-07,"new-bedford",3,"Flu ED visits pct",2026-03-28,"quantile",0.1,0
2026-03-07,"new-bedford",3,"Flu ED visits pct",2026-03-28,"quantile",0.25,1.21842342342342
2026-03-07,"new-bedford",3,"Flu ED visits pct",2026-03-28,"quantile",0.5,1.98
2026-03-07,"new-bedford",3,"Flu ED visits pct",2026-03-28,"quantile",0.75,2.66433183183183
2026-03-07,"new-bedford",3,"Flu ED visits pct",2026-03-28,"quantile",0.9,4.37927327327327
2026-03-07,"new-bedford",3,"Flu ED visits pct",2026-03-28,"quantile",0.95,5.28790140140139
2026-03-07,"new-bedford",3,"Flu ED visits pct",2026-03-28,"quantile",0.975,6.23826801801802
2026-03-07,"north-carolina",0,"Flu ED visits pct",2026-03-07,"quantile",0.025,1.51450525525526
2026-03-07,"north-carolina",0,"Flu ED visits pct",2026-03-07,"quantile",0.05,2.08012562562563
2026-03-07,"north-carolina",0,"Flu ED visits pct",2026-03-07,"quantile",0.1,2.49928828828829
2026-03-07,"north-carolina",0,"Flu ED visits pct",2026-03-07,"quantile",0.25,2.73
2026-03-07,"north-carolina",0,"Flu ED visits pct",2026-03-07,"quantile",0.5,2.76
2026-03-07,"north-carolina",0,"Flu ED visits pct",2026-03-07,"quantile",0.75,2.79
2026-03-07,"north-carolina",0,"Flu ED visits pct",2026-03-07,"quantile",0.9,3.02071171171171
2026-03-07,"north-carolina",0,"Flu ED visits pct",2026-03-07,"quantile",0.95,3.43987437437438
2026-03-07,"north-carolina",0,"Flu ED visits pct",2026-03-07,"quantile",0.975,4.00549474474474
2026-03-07,"north-carolina",1,"Flu ED visits pct",2026-03-14,"quantile",0.025,0.929872122122122
2026-03-07,"north-carolina",1,"Flu ED visits pct",2026-03-14,"quantile",0.05,1.57128578578578
2026-03-07,"north-carolina",1,"Flu ED visits pct",2026-03-14,"quantile",0.1,2.15357357357357
2026-03-07,"north-carolina",1,"Flu ED visits pct",2026-03-14,"quantile",0.25,2.64153153153153
2026-03-07,"north-carolina",1,"Flu ED visits pct",2026-03-14,"quantile",0.5,2.76
2026-03-07,"north-carolina",1,"Flu ED visits pct",2026-03-14,"quantile",0.75,2.89
2026-03-07,"north-carolina",1,"Flu ED visits pct",2026-03-14,"quantile",0.9,3.39
2026-03-07,"north-carolina",1,"Flu ED visits pct",2026-03-14,"quantile",0.95,3.97042742742743
2026-03-07,"north-carolina",1,"Flu ED visits pct",2026-03-14,"quantile",0.975,4.55790715715715
2026-03-07,"north-carolina",2,"Flu ED visits pct",2026-03-21,"quantile",0.025,0.187135135135135
2026-03-07,"north-carolina",2,"Flu ED visits pct",2026-03-21,"quantile",0.05,1.17933433433433
2026-03-07,"north-carolina",2,"Flu ED visits pct",2026-03-21,"quantile",0.1,1.74828728728729
2026-03-07,"north-carolina",2,"Flu ED visits pct",2026-03-21,"quantile",0.25,2.53
2026-03-07,"north-carolina",2,"Flu ED visits pct",2026-03-21,"quantile",0.5,2.76
2026-03-07,"north-carolina",2,"Flu ED visits pct",2026-03-21,"quantile",0.75,3
2026-03-07,"north-carolina",2,"Flu ED visits pct",2026-03-21,"quantile",0.9,3.601
2026-03-07,"north-carolina",2,"Flu ED visits pct",2026-03-21,"quantile",0.95,4.37093443443443
2026-03-07,"north-carolina",2,"Flu ED visits pct",2026-03-21,"quantile",0.975,5.41271546546547
2026-03-07,"north-carolina",3,"Flu ED visits pct",2026-03-28,"quantile",0.025,0
2026-03-07,"north-carolina",3,"Flu ED visits pct",2026-03-28,"quantile",0.05,0.710556056056056
2026-03-07,"north-carolina",3,"Flu ED visits pct",2026-03-28,"quantile",0.1,1.54864564564565
2026-03-07,"north-carolina",3,"Flu ED visits pct",2026-03-28,"quantile",0.25,2.4
2026-03-07,"north-carolina",3,"Flu ED visits pct",2026-03-28,"quantile",0.5,2.76
2026-03-07,"north-carolina",3,"Flu ED visits pct",2026-03-28,"quantile",0.75,3.13
2026-03-07,"north-carolina",3,"Flu ED visits pct",2026-03-28,"quantile",0.9,3.89978278278278
2026-03-07,"north-carolina",3,"Flu ED visits pct",2026-03-28,"quantile",0.95,4.67815165165165
2026-03-07,"north-carolina",3,"Flu ED visits pct",2026-03-28,"quantile",0.975,5.74758133133133
2026-03-07,"nyc",0,"ILI ED visits pct",2026-03-07,"quantile",0.025,1.28698348348348
2026-03-07,"nyc",0,"ILI ED visits pct",2026-03-07,"quantile",0.05,1.6485
2026-03-07,"nyc",0,"ILI ED visits pct",2026-03-07,"quantile",0.1,2.09974774774775
2026-03-07,"nyc",0,"ILI ED visits pct",2026-03-07,"quantile",0.25,2.37
2026-03-07,"nyc",0,"ILI ED visits pct",2026-03-07,"quantile",0.5,2.51
2026-03-07,"nyc",0,"ILI ED visits pct",2026-03-07,"quantile",0.75,2.65
2026-03-07,"nyc",0,"ILI ED visits pct",2026-03-07,"quantile",0.9,2.92025225225225
2026-03-07,"nyc",0,"ILI ED visits pct",2026-03-07,"quantile",0.95,3.3715
2026-03-07,"nyc",0,"ILI ED visits pct",2026-03-07,"quantile",0.975,3.73301651651651
2026-03-07,"nyc",1,"ILI ED visits pct",2026-03-14,"quantile",0.025,0.459243993993993
2026-03-07,"nyc",1,"ILI ED visits pct",2026-03-14,"quantile",0.05,1.21743793793794
2026-03-07,"nyc",1,"ILI ED visits pct",2026-03-14,"quantile",0.1,1.76761261261261
2026-03-07,"nyc",1,"ILI ED visits pct",2026-03-14,"quantile",0.25,2.23
2026-03-07,"nyc",1,"ILI ED visits pct",2026-03-14,"quantile",0.5,2.51
2026-03-07,"nyc",1,"ILI ED visits pct",2026-03-14,"quantile",0.75,2.77031281281281
2026-03-07,"nyc",1,"ILI ED visits pct",2026-03-14,"quantile",0.9,3.31015515515515
2026-03-07,"nyc",1,"ILI ED visits pct",2026-03-14,"quantile",0.95,3.71346946946947
2026-03-07,"nyc",1,"ILI ED visits pct",2026-03-14,"quantile",0.975,4.70647597597597
2026-03-07,"nyc",2,"ILI ED visits pct",2026-03-21,"quantile",0.025,0.167375375375376
2026-03-07,"nyc",2,"ILI ED visits pct",2026-03-21,"quantile",0.05,0.800375875875877
2026-03-07,"nyc",2,"ILI ED visits pct",2026-03-21,"quantile",0.1,1.41912912912913
2026-03-07,"nyc",2,"ILI ED visits pct",2026-03-21,"quantile",0.25,2.08970720720721
2026-03-07,"nyc",2,"ILI ED visits pct",2026-03-21,"quantile",0.5,2.51
2026-03-07,"nyc",2,"ILI ED visits pct",2026-03-21,"quantile",0.75,2.89411661661662
2026-03-07,"nyc",2,"ILI ED visits pct",2026-03-21,"quantile",0.9,3.60081381381381
2026-03-07,"nyc",2,"ILI ED visits pct",2026-03-21,"quantile",0.95,4.17651451451451
2026-03-07,"nyc",2,"ILI ED visits pct",2026-03-21,"quantile",0.975,4.9047917917918
2026-03-07,"nyc",3,"ILI ED visits pct",2026-03-28,"quantile",0.025,0
2026-03-07,"nyc",3,"ILI ED visits pct",2026-03-28,"quantile",0.05,0.55853003003003
2026-03-07,"nyc",3,"ILI ED visits pct",2026-03-28,"quantile",0.1,1.18158158158158
2026-03-07,"nyc",3,"ILI ED visits pct",2026-03-28,"quantile",0.25,1.97902402402402
2026-03-07,"nyc",3,"ILI ED visits pct",2026-03-28,"quantile",0.5,2.51
2026-03-07,"nyc",3,"ILI ED visits pct",2026-03-28,"quantile",0.75,3.06003753753754
2026-03-07,"nyc",3,"ILI ED visits pct",2026-03-28,"quantile",0.9,3.882004004004
2026-03-07,"nyc",3,"ILI ED visits pct",2026-03-28,"quantile",0.95,4.56844344344344
2026-03-07,"nyc",3,"ILI ED visits pct",2026-03-28,"quantile",0.975,5.17524274274277
2026-03-07,"ogden",0,"Flu ED visits pct",2026-03-07,"quantile",0.025,0.485
2026-03-07,"ogden",0,"Flu ED visits pct",2026-03-07,"quantile",0.05,1.165
2026-03-07,"ogden",0,"Flu ED visits pct",2026-03-07,"quantile",0.1,1.945
2026-03-07,"ogden",0,"Flu ED visits pct",2026-03-07,"quantile",0.25,2.29
2026-03-07,"ogden",0,"Flu ED visits pct",2026-03-07,"quantile",0.5,2.39
2026-03-07,"ogden",0,"Flu ED visits pct",2026-03-07,"quantile",0.75,2.49
2026-03-07,"ogden",0,"Flu ED visits pct",2026-03-07,"quantile",0.9,2.835
2026-03-07,"ogden",0,"Flu ED visits pct",2026-03-07,"quantile",0.95,3.615
2026-03-07,"ogden",0,"Flu ED visits pct",2026-03-07,"quantile",0.975,4.295
2026-03-07,"ogden",1,"Flu ED visits pct",2026-03-14,"quantile",0.025,0
2026-03-07,"ogden",1,"Flu ED visits pct",2026-03-14,"quantile",0.05,0.389922922922923
2026-03-07,"ogden",1,"Flu ED visits pct",2026-03-14,"quantile",0.1,1.21908308308308
2026-03-07,"ogden",1,"Flu ED visits pct",2026-03-14,"quantile",0.25,2.13533033033033
2026-03-07,"ogden",1,"Flu ED visits pct",2026-03-14,"quantile",0.5,2.39
2026-03-07,"ogden",1,"Flu ED visits pct",2026-03-14,"quantile",0.75,2.64362362362362
2026-03-07,"ogden",1,"Flu ED visits pct",2026-03-14,"quantile",0.9,3.63675875875876
2026-03-07,"ogden",1,"Flu ED visits pct",2026-03-14,"quantile",0.95,4.36576176176176
2026-03-07,"ogden",1,"Flu ED visits pct",2026-03-14,"quantile",0.975,5.06137662662662
2026-03-07,"ogden",2,"Flu ED visits pct",2026-03-21,"quantile",0.025,0
2026-03-07,"ogden",2,"Flu ED visits pct",2026-03-21,"quantile",0.05,0.177407407407408
2026-03-07,"ogden",2,"Flu ED visits pct",2026-03-21,"quantile",0.1,0.867208208208209
2026-03-07,"ogden",2,"Flu ED visits pct",2026-03-21,"quantile",0.25,1.99096596596597
2026-03-07,"ogden",2,"Flu ED visits pct",2026-03-21,"quantile",0.5,2.39
2026-03-07,"ogden",2,"Flu ED visits pct",2026-03-21,"quantile",0.75,2.83934434434435
2026-03-07,"ogden",2,"Flu ED visits pct",2026-03-21,"quantile",0.9,3.91818518518518
2026-03-07,"ogden",2,"Flu ED visits pct",2026-03-21,"quantile",0.95,4.75699749749749
2026-03-07,"ogden",2,"Flu ED visits pct",2026-03-21,"quantile",0.975,5.42935435435435
2026-03-07,"ogden",3,"Flu ED visits pct",2026-03-28,"quantile",0.025,0
2026-03-07,"ogden",3,"Flu ED visits pct",2026-03-28,"quantile",0.05,0
2026-03-07,"ogden",3,"Flu ED visits pct",2026-03-28,"quantile",0.1,0.561998998998999
2026-03-07,"ogden",3,"Flu ED visits pct",2026-03-28,"quantile",0.25,1.72814814814815
2026-03-07,"ogden",3,"Flu ED visits pct",2026-03-28,"quantile",0.5,2.39
2026-03-07,"ogden",3,"Flu ED visits pct",2026-03-28,"quantile",0.75,3.1121971971972
2026-03-07,"ogden",3,"Flu ED visits pct",2026-03-28,"quantile",0.9,4.22156356356356
2026-03-07,"ogden",3,"Flu ED visits pct",2026-03-28,"quantile",0.95,5.26288888888889
2026-03-07,"ogden",3,"Flu ED visits pct",2026-03-28,"quantile",0.975,5.82566266266266
2026-03-07,"oregon",0,"Flu ED visits pct",2026-03-07,"quantile",0.025,1.10375
2026-03-07,"oregon",0,"Flu ED visits pct",2026-03-07,"quantile",0.05,2.0225
2026-03-07,"oregon",0,"Flu ED visits pct",2026-03-07,"quantile",0.1,2.73
2026-03-07,"oregon",0,"Flu ED visits pct",2026-03-07,"quantile",0.25,3.08
2026-03-07,"oregon",0,"Flu ED visits pct",2026-03-07,"quantile",0.5,3.12
2026-03-07,"oregon",0,"Flu ED visits pct",2026-03-07,"quantile",0.75,3.16
2026-03-07,"oregon",0,"Flu ED visits pct",2026-03-07,"quantile",0.9,3.51
2026-03-07,"oregon",0,"Flu ED visits pct",2026-03-07,"quantile",0.95,4.2175
2026-03-07,"oregon",0,"Flu ED visits pct",2026-03-07,"quantile",0.975,5.13625
2026-03-07,"oregon",1,"Flu ED visits pct",2026-03-14,"quantile",0.025,0.648182432432432
2026-03-07,"oregon",1,"Flu ED visits pct",2026-03-14,"quantile",0.05,1.17611211211211
2026-03-07,"oregon",1,"Flu ED visits pct",2026-03-14,"quantile",0.1,2.07287587587588
2026-03-07,"oregon",1,"Flu ED visits pct",2026-03-14,"quantile",0.25,2.89
2026-03-07,"oregon",1,"Flu ED visits pct",2026-03-14,"quantile",0.5,3.12
2026-03-07,"oregon",1,"Flu ED visits pct",2026-03-14,"quantile",0.75,3.32573073073073
2026-03-07,"oregon",1,"Flu ED visits pct",2026-03-14,"quantile",0.9,4.1612992992993
2026-03-07,"oregon",1,"Flu ED visits pct",2026-03-14,"quantile",0.95,5.12428428428429
2026-03-07,"oregon",1,"Flu ED visits pct",2026-03-14,"quantile",0.975,5.62914864864865
2026-03-07,"oregon",2,"Flu ED visits pct",2026-03-21,"quantile",0.025,0.267694444444444
2026-03-07,"oregon",2,"Flu ED visits pct",2026-03-21,"quantile",0.05,0.711784784784785
2026-03-07,"oregon",2,"Flu ED visits pct",2026-03-21,"quantile",0.1,1.46505405405405
2026-03-07,"oregon",2,"Flu ED visits pct",2026-03-21,"quantile",0.25,2.76229229229229
2026-03-07,"oregon",2,"Flu ED visits pct",2026-03-21,"quantile",0.5,3.12
2026-03-07,"oregon",2,"Flu ED visits pct",2026-03-21,"quantile",0.75,3.46961461461461
2026-03-07,"oregon",2,"Flu ED visits pct",2026-03-21,"quantile",0.9,4.67998998998999
2026-03-07,"oregon",2,"Flu ED visits pct",2026-03-21,"quantile",0.95,5.53212362362362
2026-03-07,"oregon",2,"Flu ED visits pct",2026-03-21,"quantile",0.975,5.94452552552552
2026-03-07,"oregon",3,"Flu ED visits pct",2026-03-28,"quantile",0.025,0.0832397397397403
2026-03-07,"oregon",3,"Flu ED visits pct",2026-03-28,"quantile",0.05,0.595584084084084
2026-03-07,"oregon",3,"Flu ED visits pct",2026-03-28,"quantile",0.1,1.20861761761762
2026-03-07,"oregon",3,"Flu ED visits pct",2026-03-28,"quantile",0.25,2.59669169169169
2026-03-07,"oregon",3,"Flu ED visits pct",2026-03-28,"quantile",0.5,3.12
2026-03-07,"oregon",3,"Flu ED visits pct",2026-03-28,"quantile",0.75,3.59493993993994
2026-03-07,"oregon",3,"Flu ED visits pct",2026-03-28,"quantile",0.9,4.95485485485486
2026-03-07,"oregon",3,"Flu ED visits pct",2026-03-28,"quantile",0.95,5.66402202202202
2026-03-07,"oregon",3,"Flu ED visits pct",2026-03-28,"quantile",0.975,6.04713888888888
2026-03-07,"pittsfield",0,"Flu ED visits pct",2026-03-07,"quantile",0.025,0
2026-03-07,"pittsfield",0,"Flu ED visits pct",2026-03-07,"quantile",0.05,0
2026-03-07,"pittsfield",0,"Flu ED visits pct",2026-03-07,"quantile",0.1,0
2026-03-07,"pittsfield",0,"Flu ED visits pct",2026-03-07,"quantile",0.25,0.65
2026-03-07,"pittsfield",0,"Flu ED visits pct",2026-03-07,"quantile",0.5,0.8
2026-03-07,"pittsfield",0,"Flu ED visits pct",2026-03-07,"quantile",0.75,0.95
2026-03-07,"pittsfield",0,"Flu ED visits pct",2026-03-07,"quantile",0.9,1.63
2026-03-07,"pittsfield",0,"Flu ED visits pct",2026-03-07,"quantile",0.95,2.4175
2026-03-07,"pittsfield",0,"Flu ED visits pct",2026-03-07,"quantile",0.975,3.72125
2026-03-07,"pittsfield",1,"Flu ED visits pct",2026-03-14,"quantile",0.025,0
2026-03-07,"pittsfield",1,"Flu ED visits pct",2026-03-14,"quantile",0.05,0
2026-03-07,"pittsfield",1,"Flu ED visits pct",2026-03-14,"quantile",0.1,0
2026-03-07,"pittsfield",1,"Flu ED visits pct",2026-03-14,"quantile",0.25,0.437087087087087
2026-03-07,"pittsfield",1,"Flu ED visits pct",2026-03-14,"quantile",0.5,0.8
2026-03-07,"pittsfield",1,"Flu ED visits pct",2026-03-14,"quantile",0.75,1.19669169169169
2026-03-07,"pittsfield",1,"Flu ED visits pct",2026-03-14,"quantile",0.9,2.40087887887888
2026-03-07,"pittsfield",1,"Flu ED visits pct",2026-03-14,"quantile",0.95,3.5395995995996
2026-03-07,"pittsfield",1,"Flu ED visits pct",2026-03-14,"quantile",0.975,4.1298506006006
2026-03-07,"pittsfield",2,"Flu ED visits pct",2026-03-21,"quantile",0.025,0
2026-03-07,"pittsfield",2,"Flu ED visits pct",2026-03-21,"quantile",0.05,0
2026-03-07,"pittsfield",2,"Flu ED visits pct",2026-03-21,"quantile",0.1,0
2026-03-07,"pittsfield",2,"Flu ED visits pct",2026-03-21,"quantile",0.25,0.0742967967967971
2026-03-07,"pittsfield",2,"Flu ED visits pct",2026-03-21,"quantile",0.5,0.8
2026-03-07,"pittsfield",2,"Flu ED visits pct",2026-03-21,"quantile",0.75,1.49713963963964
2026-03-07,"pittsfield",2,"Flu ED visits pct",2026-03-21,"quantile",0.9,2.71515815815816
2026-03-07,"pittsfield",2,"Flu ED visits pct",2026-03-21,"quantile",0.95,3.93736086086086
2026-03-07,"pittsfield",2,"Flu ED visits pct",2026-03-21,"quantile",0.975,4.50168618618618
2026-03-07,"pittsfield",3,"Flu ED visits pct",2026-03-28,"quantile",0.025,0
2026-03-07,"pittsfield",3,"Flu ED visits pct",2026-03-28,"quantile",0.05,0
2026-03-07,"pittsfield",3,"Flu ED visits pct",2026-03-28,"quantile",0.1,0
2026-03-07,"pittsfield",3,"Flu ED visits pct",2026-03-28,"quantile",0.25,0
2026-03-07,"pittsfield",3,"Flu ED visits pct",2026-03-28,"quantile",0.5,0.8
2026-03-07,"pittsfield",3,"Flu ED visits pct",2026-03-28,"quantile",0.75,1.72280530530531
2026-03-07,"pittsfield",3,"Flu ED visits pct",2026-03-28,"quantile",0.9,3.24051051051051
2026-03-07,"pittsfield",3,"Flu ED visits pct",2026-03-28,"quantile",0.95,4.15183033033033
2026-03-07,"pittsfield",3,"Flu ED visits pct",2026-03-28,"quantile",0.975,4.75510185185185
2026-03-07,"portland",0,"Flu ED visits pct",2026-03-07,"quantile",0.025,0
2026-03-07,"portland",0,"Flu ED visits pct",2026-03-07,"quantile",0.05,0.28
2026-03-07,"portland",0,"Flu ED visits pct",2026-03-07,"quantile",0.1,0.73
2026-03-07,"portland",0,"Flu ED visits pct",2026-03-07,"quantile",0.25,1.08
2026-03-07,"portland",0,"Flu ED visits pct",2026-03-07,"quantile",0.5,1.15
2026-03-07,"portland",0,"Flu ED visits pct",2026-03-07,"quantile",0.75,1.22
2026-03-07,"portland",0,"Flu ED visits pct",2026-03-07,"quantile",0.9,1.57
2026-03-07,"portland",0,"Flu ED visits pct",2026-03-07,"quantile",0.95,2.02
2026-03-07,"portland",0,"Flu ED visits pct",2026-03-07,"quantile",0.975,2.63
2026-03-07,"portland",1,"Flu ED visits pct",2026-03-14,"quantile",0.025,0
2026-03-07,"portland",1,"Flu ED visits pct",2026-03-14,"quantile",0.05,0
2026-03-07,"portland",1,"Flu ED visits pct",2026-03-14,"quantile",0.1,0.291640640640641
2026-03-07,"portland",1,"Flu ED visits pct",2026-03-14,"quantile",0.25,0.94
2026-03-07,"portland",1,"Flu ED visits pct",2026-03-14,"quantile",0.5,1.15
2026-03-07,"portland",1,"Flu ED visits pct",2026-03-14,"quantile",0.75,1.35
2026-03-07,"portland",1,"Flu ED visits pct",2026-03-14,"quantile",0.9,2.03293593593594
2026-03-07,"portland",1,"Flu ED visits pct",2026-03-14,"quantile",0.95,2.6733028028028
2026-03-07,"portland",1,"Flu ED visits pct",2026-03-14,"quantile",0.975,3.16258633633633
2026-03-07,"portland",2,"Flu ED visits pct",2026-03-21,"quantile",0.025,0
2026-03-07,"portland",2,"Flu ED visits pct",2026-03-21,"quantile",0.05,0
2026-03-07,"portland",2,"Flu ED visits pct",2026-03-21,"quantile",0.1,0.0502022022022023
2026-03-07,"portland",2,"Flu ED visits pct",2026-03-21,"quantile",0.25,0.759604604604604
2026-03-07,"portland",2,"Flu ED visits pct",2026-03-21,"quantile",0.5,1.15
2026-03-07,"portland",2,"Flu ED visits pct",2026-03-21,"quantile",0.75,1.54244744744745
2026-03-07,"portland",2,"Flu ED visits pct",2026-03-21,"quantile",0.9,2.27509309309309
2026-03-07,"portland",2,"Flu ED visits pct",2026-03-21,"quantile",0.95,3.04383783783784
2026-03-07,"portland",2,"Flu ED visits pct",2026-03-21,"quantile",0.975,3.34438463463463
2026-03-07,"portland",3,"Flu ED visits pct",2026-03-28,"quantile",0.025,0
2026-03-07,"portland",3,"Flu ED visits pct",2026-03-28,"quantile",0.05,0
2026-03-07,"portland",3,"Flu ED visits pct",2026-03-28,"quantile",0.1,0
2026-03-07,"portland",3,"Flu ED visits pct",2026-03-28,"quantile",0.25,0.632329829829829
2026-03-07,"portland",3,"Flu ED visits pct",2026-03-28,"quantile",0.5,1.15
2026-03-07,"portland",3,"Flu ED visits pct",2026-03-28,"quantile",0.75,1.6380980980981
2026-03-07,"portland",3,"Flu ED visits pct",2026-03-28,"quantile",0.9,2.61784584584585
2026-03-07,"portland",3,"Flu ED visits pct",2026-03-28,"quantile",0.95,3.20877727727728
2026-03-07,"portland",3,"Flu ED visits pct",2026-03-28,"quantile",0.975,3.51155005005005
2026-03-07,"portland-or",0,"Flu ED visits pct",2026-03-07,"quantile",0.025,1.1125
2026-03-07,"portland-or",0,"Flu ED visits pct",2026-03-07,"quantile",0.05,2.1825
2026-03-07,"portland-or",0,"Flu ED visits pct",2026-03-07,"quantile",0.1,2.695
2026-03-07,"portland-or",0,"Flu ED visits pct",2026-03-07,"quantile",0.25,3.0775
2026-03-07,"portland-or",0,"Flu ED visits pct",2026-03-07,"quantile",0.5,3.15
2026-03-07,"portland-or",0,"Flu ED visits pct",2026-03-07,"quantile",0.75,3.2225
2026-03-07,"portland-or",0,"Flu ED visits pct",2026-03-07,"quantile",0.9,3.605
2026-03-07,"portland-or",0,"Flu ED visits pct",2026-03-07,"quantile",0.95,4.1175
2026-03-07,"portland-or",0,"Flu ED visits pct",2026-03-07,"quantile",0.975,5.1875
2026-03-07,"portland-or",1,"Flu ED visits pct",2026-03-14,"quantile",0.025,0.723936186186185
2026-03-07,"portland-or",1,"Flu ED visits pct",2026-03-14,"quantile",0.05,1.22283533533534
2026-03-07,"portland-or",1,"Flu ED visits pct",2026-03-14,"quantile",0.1,2.18848348348348
2026-03-07,"portland-or",1,"Flu ED visits pct",2026-03-14,"quantile",0.25,2.94953953953954
2026-03-07,"portland-or",1,"Flu ED visits pct",2026-03-14,"quantile",0.5,3.15
2026-03-07,"portland-or",1,"Flu ED visits pct",2026-03-14,"quantile",0.75,3.33921171171171
2026-03-07,"portland-or",1,"Flu ED visits pct",2026-03-14,"quantile",0.9,4.09663963963964
2026-03-07,"portland-or",1,"Flu ED visits pct",2026-03-14,"quantile",0.95,4.9785975975976
2026-03-07,"portland-or",1,"Flu ED visits pct",2026-03-14,"quantile",0.975,5.61234659659659
2026-03-07,"portland-or",2,"Flu ED visits pct",2026-03-21,"quantile",0.025,0.449745495495496
2026-03-07,"portland-or",2,"Flu ED visits pct",2026-03-21,"quantile",0.05,0.91901001001001
2026-03-07,"portland-or",2,"Flu ED visits pct",2026-03-21,"quantile",0.1,1.74922722722723
2026-03-07,"portland-or",2,"Flu ED visits pct",2026-03-21,"quantile",0.25,2.7769044044044
2026-03-07,"portland-or",2,"Flu ED visits pct",2026-03-21,"quantile",0.5,3.15
2026-03-07,"portland-or",2,"Flu ED visits pct",2026-03-21,"quantile",0.75,3.48554304304304
2026-03-07,"portland-or",2,"Flu ED visits pct",2026-03-21,"quantile",0.9,4.70178278278278
2026-03-07,"portland-or",2,"Flu ED visits pct",2026-03-21,"quantile",0.95,5.41146146146146
2026-03-07,"portland-or",2,"Flu ED visits pct",2026-03-21,"quantile",0.975,5.94445395395396
2026-03-07,"portland-or",3,"Flu ED visits pct",2026-03-28,"quantile",0.025,0.128563813813814
2026-03-07,"portland-or",3,"Flu ED visits pct",2026-03-28,"quantile",0.05,0.690713713713713
2026-03-07,"portland-or",3,"Flu ED visits pct",2026-03-28,"quantile",0.1,1.36831131131131
2026-03-07,"portland-or",3,"Flu ED visits pct",2026-03-28,"quantile",0.25,2.56815065065065
2026-03-07,"portland-or",3,"Flu ED visits pct",2026-03-28,"quantile",0.5,3.15
2026-03-07,"portland-or",3,"Flu ED visits pct",2026-03-28,"quantile",0.75,3.68236736736737
2026-03-07,"portland-or",3,"Flu ED visits pct",2026-03-28,"quantile",0.9,5.00372872872873
2026-03-07,"portland-or",3,"Flu ED visits pct",2026-03-28,"quantile",0.95,5.74089739739739
2026-03-07,"portland-or",3,"Flu ED visits pct",2026-03-28,"quantile",0.975,6.21179804804805
2026-03-07,"provo",0,"Flu ED visits pct",2026-03-07,"quantile",0.025,0
2026-03-07,"provo",0,"Flu ED visits pct",2026-03-07,"quantile",0.05,0
2026-03-07,"provo",0,"Flu ED visits pct",2026-03-07,"quantile",0.1,0.41
2026-03-07,"provo",0,"Flu ED visits pct",2026-03-07,"quantile",0.25,0.9375
2026-03-07,"provo",0,"Flu ED visits pct",2026-03-07,"quantile",0.5,1.05
2026-03-07,"provo",0,"Flu ED visits pct",2026-03-07,"quantile",0.75,1.1625
2026-03-07,"provo",0,"Flu ED visits pct",2026-03-07,"quantile",0.9,1.69
2026-03-07,"provo",0,"Flu ED visits pct",2026-03-07,"quantile",0.95,2.21
2026-03-07,"provo",0,"Flu ED visits pct",2026-03-07,"quantile",0.975,3.43125
2026-03-07,"provo",1,"Flu ED visits pct",2026-03-14,"quantile",0.025,0
2026-03-07,"provo",1,"Flu ED visits pct",2026-03-14,"quantile",0.05,0
2026-03-07,"provo",1,"Flu ED visits pct",2026-03-14,"quantile",0.1,0
2026-03-07,"provo",1,"Flu ED visits pct",2026-03-14,"quantile",0.25,0.758493493493493
2026-03-07,"provo",1,"Flu ED visits pct",2026-03-14,"quantile",0.5,1.05
2026-03-07,"provo",1,"Flu ED visits pct",2026-03-14,"quantile",0.75,1.37083833833834
2026-03-07,"provo",1,"Flu ED visits pct",2026-03-14,"quantile",0.9,2.18576576576577
2026-03-07,"provo",1,"Flu ED visits pct",2026-03-14,"quantile",0.95,3.54754404404404
2026-03-07,"provo",1,"Flu ED visits pct",2026-03-14,"quantile",0.975,4.38426176176176
2026-03-07,"provo",2,"Flu ED visits pct",2026-03-21,"quantile",0.025,0
2026-03-07,"provo",2,"Flu ED visits pct",2026-03-21,"quantile",0.05,0
2026-03-07,"provo",2,"Flu ED visits pct",2026-03-21,"quantile",0.1,0
2026-03-07,"provo",2,"Flu ED visits pct",2026-03-21,"quantile",0.25,0.546251251251252
2026-03-07,"provo",2,"Flu ED visits pct",2026-03-21,"quantile",0.5,1.05
2026-03-07,"provo",2,"Flu ED visits pct",2026-03-21,"quantile",0.75,1.62476726726727
2026-03-07,"provo",2,"Flu ED visits pct",2026-03-21,"quantile",0.9,2.78044544544545
2026-03-07,"provo",2,"Flu ED visits pct",2026-03-21,"quantile",0.95,4.19224524524524
2026-03-07,"provo",2,"Flu ED visits pct",2026-03-21,"quantile",0.975,4.61769219219219
2026-03-07,"provo",3,"Flu ED visits pct",2026-03-28,"quantile",0.025,0
2026-03-07,"provo",3,"Flu ED visits pct",2026-03-28,"quantile",0.05,0
2026-03-07,"provo",3,"Flu ED visits pct",2026-03-28,"quantile",0.1,0
2026-03-07,"provo",3,"Flu ED visits pct",2026-03-28,"quantile",0.25,0.32523023023023
2026-03-07,"provo",3,"Flu ED visits pct",2026-03-28,"quantile",0.5,1.05
2026-03-07,"provo",3,"Flu ED visits pct",2026-03-28,"quantile",0.75,1.82450950950951
2026-03-07,"provo",3,"Flu ED visits pct",2026-03-28,"quantile",0.9,3.37758258258258
2026-03-07,"provo",3,"Flu ED visits pct",2026-03-28,"quantile",0.95,4.34589639639639
2026-03-07,"provo",3,"Flu ED visits pct",2026-03-28,"quantile",0.975,5.22265315315315
2026-03-07,"roanoke",0,"Flu ED visits pct",2026-03-07,"quantile",0.025,1.0025
2026-03-07,"roanoke",0,"Flu ED visits pct",2026-03-07,"quantile",0.05,2.5825
2026-03-07,"roanoke",0,"Flu ED visits pct",2026-03-07,"quantile",0.1,3.105
2026-03-07,"roanoke",0,"Flu ED visits pct",2026-03-07,"quantile",0.25,3.7975
2026-03-07,"roanoke",0,"Flu ED visits pct",2026-03-07,"quantile",0.5,3.92
2026-03-07,"roanoke",0,"Flu ED visits pct",2026-03-07,"quantile",0.75,4.0425
2026-03-07,"roanoke",0,"Flu ED visits pct",2026-03-07,"quantile",0.9,4.735
2026-03-07,"roanoke",0,"Flu ED visits pct",2026-03-07,"quantile",0.95,5.2575
2026-03-07,"roanoke",0,"Flu ED visits pct",2026-03-07,"quantile",0.975,6.8375
2026-03-07,"roanoke",1,"Flu ED visits pct",2026-03-14,"quantile",0.025,0.315438438438439
2026-03-07,"roanoke",1,"Flu ED visits pct",2026-03-14,"quantile",0.05,1.00345045045045
2026-03-07,"roanoke",1,"Flu ED visits pct",2026-03-14,"quantile",0.1,2.47346346346346
2026-03-07,"roanoke",1,"Flu ED visits pct",2026-03-14,"quantile",0.25,3.53747497497497
2026-03-07,"roanoke",1,"Flu ED visits pct",2026-03-14,"quantile",0.5,3.92
2026-03-07,"roanoke",1,"Flu ED visits pct",2026-03-14,"quantile",0.75,4.33637887887888
2026-03-07,"roanoke",1,"Flu ED visits pct",2026-03-14,"quantile",0.9,5.31758658658659
2026-03-07,"roanoke",1,"Flu ED visits pct",2026-03-14,"quantile",0.95,6.72598448448449
2026-03-07,"roanoke",1,"Flu ED visits pct",2026-03-14,"quantile",0.975,7.54807532532532
2026-03-07,"roanoke",2,"Flu ED visits pct",2026-03-21,"quantile",0.025,0
2026-03-07,"roanoke",2,"Flu ED visits pct",2026-03-21,"quantile",0.05,0.576890890890891
2026-03-07,"roanoke",2,"Flu ED visits pct",2026-03-21,"quantile",0.1,1.81121521521522
2026-03-07,"roanoke",2,"Flu ED visits pct",2026-03-21,"quantile",0.25,3.16887637637638
2026-03-07,"roanoke",2,"Flu ED visits pct",2026-03-21,"quantile",0.5,3.92
2026-03-07,"roanoke",2,"Flu ED visits pct",2026-03-21,"quantile",0.75,4.6141041041041
2026-03-07,"roanoke",2,"Flu ED visits pct",2026-03-21,"quantile",0.9,6.12754454454454
2026-03-07,"roanoke",2,"Flu ED visits pct",2026-03-21,"quantile",0.95,7.4358938938939
2026-03-07,"roanoke",2,"Flu ED visits pct",2026-03-21,"quantile",0.975,8.16991216216217
2026-03-07,"roanoke",3,"Flu ED visits pct",2026-03-28,"quantile",0.025,0
2026-03-07,"roanoke",3,"Flu ED visits pct",2026-03-28,"quantile",0.05,0.211421421421421
2026-03-07,"roanoke",3,"Flu ED visits pct",2026-03-28,"quantile",0.1,1.2288988988989
2026-03-07,"roanoke",3,"Flu ED visits pct",2026-03-28,"quantile",0.25,2.99851351351351
2026-03-07,"roanoke",3,"Flu ED visits pct",2026-03-28,"quantile",0.5,3.92
2026-03-07,"roanoke",3,"Flu ED visits pct",2026-03-28,"quantile",0.75,4.78039289289289
2026-03-07,"roanoke",3,"Flu ED visits pct",2026-03-28,"quantile",0.9,6.69196296296296
2026-03-07,"roanoke",3,"Flu ED visits pct",2026-03-28,"quantile",0.95,7.73755105105105
2026-03-07,"roanoke",3,"Flu ED visits pct",2026-03-28,"quantile",0.975,8.3939587087087
2026-03-07,"rochester",0,"Flu ED visits pct",2026-03-07,"quantile",0.025,1.705
2026-03-07,"rochester",0,"Flu ED visits pct",2026-03-07,"quantile",0.05,2.565
2026-03-07,"rochester",0,"Flu ED visits pct",2026-03-07,"quantile",0.1,3.23
2026-03-07,"rochester",0,"Flu ED visits pct",2026-03-07,"quantile",0.25,3.85
2026-03-07,"rochester",0,"Flu ED visits pct",2026-03-07,"quantile",0.5,4
2026-03-07,"rochester",0,"Flu ED visits pct",2026-03-07,"quantile",0.75,4.15
2026-03-07,"rochester",0,"Flu ED visits pct",2026-03-07,"quantile",0.9,4.77
2026-03-07,"rochester",0,"Flu ED visits pct",2026-03-07,"quantile",0.95,5.435
2026-03-07,"rochester",0,"Flu ED visits pct",2026-03-07,"quantile",0.975,6.295
2026-03-07,"rochester",1,"Flu ED visits pct",2026-03-14,"quantile",0.025,0.815576076076076
2026-03-07,"rochester",1,"Flu ED visits pct",2026-03-14,"quantile",0.05,1.82958758758759
2026-03-07,"rochester",1,"Flu ED visits pct",2026-03-14,"quantile",0.1,2.67051151151151
2026-03-07,"rochester",1,"Flu ED visits pct",2026-03-14,"quantile",0.25,3.5991041041041
2026-03-07,"rochester",1,"Flu ED visits pct",2026-03-14,"quantile",0.5,4
2026-03-07,"rochester",1,"Flu ED visits pct",2026-03-14,"quantile",0.75,4.3753953953954
2026-03-07,"rochester",1,"Flu ED visits pct",2026-03-14,"quantile",0.9,5.28638738738739
2026-03-07,"rochester",1,"Flu ED visits pct",2026-03-14,"quantile",0.95,6.29864964964964
2026-03-07,"rochester",1,"Flu ED visits pct",2026-03-14,"quantile",0.975,7.15107432432432
2026-03-07,"rochester",2,"Flu ED visits pct",2026-03-21,"quantile",0.025,0.376696946946947
2026-03-07,"rochester",2,"Flu ED visits pct",2026-03-21,"quantile",0.05,1.28648148148148
2026-03-07,"rochester",2,"Flu ED visits pct",2026-03-21,"quantile",0.1,2.28940540540541
2026-03-07,"rochester",2,"Flu ED visits pct",2026-03-21,"quantile",0.25,3.31024024024024
2026-03-07,"rochester",2,"Flu ED visits pct",2026-03-21,"quantile",0.5,4
2026-03-07,"rochester",2,"Flu ED visits pct",2026-03-21,"quantile",0.75,4.5918993993994
2026-03-07,"rochester",2,"Flu ED visits pct",2026-03-21,"quantile",0.9,5.9196036036036
2026-03-07,"rochester",2,"Flu ED visits pct",2026-03-21,"quantile",0.95,6.77896196196196
2026-03-07,"rochester",2,"Flu ED visits pct",2026-03-21,"quantile",0.975,7.54201526526527
2026-03-07,"rochester",3,"Flu ED visits pct",2026-03-28,"quantile",0.025,0.0569094094094093
2026-03-07,"rochester",3,"Flu ED visits pct",2026-03-28,"quantile",0.05,0.726806306306306
2026-03-07,"rochester",3,"Flu ED visits pct",2026-03-28,"quantile",0.1,1.64208908908909
2026-03-07,"rochester",3,"Flu ED visits pct",2026-03-28,"quantile",0.25,3.141001001001
2026-03-07,"rochester",3,"Flu ED visits pct",2026-03-28,"quantile",0.5,4
2026-03-07,"rochester",3,"Flu ED visits pct",2026-03-28,"quantile",0.75,4.83702452452452
2026-03-07,"rochester",3,"Flu ED visits pct",2026-03-28,"quantile",0.9,6.32292792792793
2026-03-07,"rochester",3,"Flu ED visits pct",2026-03-28,"quantile",0.95,7.26018018018017
2026-03-07,"rochester",3,"Flu ED visits pct",2026-03-28,"quantile",0.975,8.1417107107107
2026-03-07,"rock-hill",0,"Flu ED visits pct",2026-03-07,"quantile",0.025,0
2026-03-07,"rock-hill",0,"Flu ED visits pct",2026-03-07,"quantile",0.05,0
2026-03-07,"rock-hill",0,"Flu ED visits pct",2026-03-07,"quantile",0.1,0
2026-03-07,"rock-hill",0,"Flu ED visits pct",2026-03-07,"quantile",0.25,0.17
2026-03-07,"rock-hill",0,"Flu ED visits pct",2026-03-07,"quantile",0.5,0.38
2026-03-07,"rock-hill",0,"Flu ED visits pct",2026-03-07,"quantile",0.75,0.59
2026-03-07,"rock-hill",0,"Flu ED visits pct",2026-03-07,"quantile",0.9,1.53
2026-03-07,"rock-hill",0,"Flu ED visits pct",2026-03-07,"quantile",0.95,3.1325
2026-03-07,"rock-hill",0,"Flu ED visits pct",2026-03-07,"quantile",0.975,4.65
2026-03-07,"rock-hill",1,"Flu ED visits pct",2026-03-14,"quantile",0.025,0
2026-03-07,"rock-hill",1,"Flu ED visits pct",2026-03-14,"quantile",0.05,0
2026-03-07,"rock-hill",1,"Flu ED visits pct",2026-03-14,"quantile",0.1,0
2026-03-07,"rock-hill",1,"Flu ED visits pct",2026-03-14,"quantile",0.25,0
2026-03-07,"rock-hill",1,"Flu ED visits pct",2026-03-14,"quantile",0.5,0.38
2026-03-07,"rock-hill",1,"Flu ED visits pct",2026-03-14,"quantile",0.75,0.939491991991992
2026-03-07,"rock-hill",1,"Flu ED visits pct",2026-03-14,"quantile",0.9,3.04466366366366
2026-03-07,"rock-hill",1,"Flu ED visits pct",2026-03-14,"quantile",0.95,4.65062512512513
2026-03-07,"rock-hill",1,"Flu ED visits pct",2026-03-14,"quantile",0.975,6.2110573073073
2026-03-07,"rock-hill",2,"Flu ED visits pct",2026-03-21,"quantile",0.025,0
2026-03-07,"rock-hill",2,"Flu ED visits pct",2026-03-21,"quantile",0.05,0
2026-03-07,"rock-hill",2,"Flu ED visits pct",2026-03-21,"quantile",0.1,0
2026-03-07,"rock-hill",2,"Flu ED visits pct",2026-03-21,"quantile",0.25,0
2026-03-07,"rock-hill",2,"Flu ED visits pct",2026-03-21,"quantile",0.5,0.38
2026-03-07,"rock-hill",2,"Flu ED visits pct",2026-03-21,"quantile",0.75,1.38209209209209
2026-03-07,"rock-hill",2,"Flu ED visits pct",2026-03-21,"quantile",0.9,3.76103003003003
2026-03-07,"rock-hill",2,"Flu ED visits pct",2026-03-21,"quantile",0.95,5.89722322322322
2026-03-07,"rock-hill",2,"Flu ED visits pct",2026-03-21,"quantile",0.975,8.36353003003001
2026-03-07,"rock-hill",3,"Flu ED visits pct",2026-03-28,"quantile",0.025,0
2026-03-07,"rock-hill",3,"Flu ED visits pct",2026-03-28,"quantile",0.05,0
2026-03-07,"rock-hill",3,"Flu ED visits pct",2026-03-28,"quantile",0.1,0
2026-03-07,"rock-hill",3,"Flu ED visits pct",2026-03-28,"quantile",0.25,0
2026-03-07,"rock-hill",3,"Flu ED visits pct",2026-03-28,"quantile",0.5,0.38
2026-03-07,"rock-hill",3,"Flu ED visits pct",2026-03-28,"quantile",0.75,1.81476476476476
2026-03-07,"rock-hill",3,"Flu ED visits pct",2026-03-28,"quantile",0.9,4.60035735735736
2026-03-07,"rock-hill",3,"Flu ED visits pct",2026-03-28,"quantile",0.95,6.43019419419419
2026-03-07,"rock-hill",3,"Flu ED visits pct",2026-03-28,"quantile",0.975,8.81341266266266
2026-03-07,"rtp-area",0,"Flu ED visits pct",2026-03-07,"quantile",0.025,0.940732732732733
2026-03-07,"rtp-area",0,"Flu ED visits pct",2026-03-07,"quantile",0.05,1.5595
2026-03-07,"rtp-area",0,"Flu ED visits pct",2026-03-07,"quantile",0.1,2.04
2026-03-07,"rtp-area",0,"Flu ED visits pct",2026-03-07,"quantile",0.25,2.25
2026-03-07,"rtp-area",0,"Flu ED visits pct",2026-03-07,"quantile",0.5,2.29
2026-03-07,"rtp-area",0,"Flu ED visits pct",2026-03-07,"quantile",0.75,2.33
2026-03-07,"rtp-area",0,"Flu ED visits pct",2026-03-07,"quantile",0.9,2.54
2026-03-07,"rtp-area",0,"Flu ED visits pct",2026-03-07,"quantile",0.95,3.0205
2026-03-07,"rtp-area",0,"Flu ED visits pct",2026-03-07,"quantile",0.975,3.63926726726727
2026-03-07,"rtp-area",1,"Flu ED visits pct",2026-03-14,"quantile",0.025,0.625145395395395
2026-03-07,"rtp-area",1,"Flu ED visits pct",2026-03-14,"quantile",0.05,1.01707957957958
2026-03-07,"rtp-area",1,"Flu ED visits pct",2026-03-14,"quantile",0.1,1.5655045045045
2026-03-07,"rtp-area",1,"Flu ED visits pct",2026-03-14,"quantile",0.25,2.16
2026-03-07,"rtp-area",1,"Flu ED visits pct",2026-03-14,"quantile",0.5,2.29
2026-03-07,"rtp-area",1,"Flu ED visits pct",2026-03-14,"quantile",0.75,2.42793543543543
2026-03-07,"rtp-area",1,"Flu ED visits pct",2026-03-14,"quantile",0.9,2.92455355355355
2026-03-07,"rtp-area",1,"Flu ED visits pct",2026-03-14,"quantile",0.95,3.60990840840841
2026-03-07,"rtp-area",1,"Flu ED visits pct",2026-03-14,"quantile",0.975,3.97079204204204
2026-03-07,"rtp-area",2,"Flu ED visits pct",2026-03-21,"quantile",0.025,0.0958435935935937
2026-03-07,"rtp-area",2,"Flu ED visits pct",2026-03-21,"quantile",0.05,0.702498498498498
2026-03-07,"rtp-area",2,"Flu ED visits pct",2026-03-21,"quantile",0.1,1.30531931931932
2026-03-07,"rtp-area",2,"Flu ED visits pct",2026-03-21,"quantile",0.25,2.05
2026-03-07,"rtp-area",2,"Flu ED visits pct",2026-03-21,"quantile",0.5,2.29
2026-03-07,"rtp-area",2,"Flu ED visits pct",2026-03-21,"quantile",0.75,2.51
2026-03-07,"rtp-area",2,"Flu ED visits pct",2026-03-21,"quantile",0.9,3.3682972972973
2026-03-07,"rtp-area",2,"Flu ED visits pct",2026-03-21,"quantile",0.95,3.84788038038038
2026-03-07,"rtp-area",2,"Flu ED visits pct",2026-03-21,"quantile",0.975,4.24000225225225
2026-03-07,"rtp-area",3,"Flu ED visits pct",2026-03-28,"quantile",0.025,0
2026-03-07,"rtp-area",3,"Flu ED visits pct",2026-03-28,"quantile",0.05,0.538676676676677
2026-03-07,"rtp-area",3,"Flu ED visits pct",2026-03-28,"quantile",0.1,1.10983583583584
2026-03-07,"rtp-area",3,"Flu ED visits pct",2026-03-28,"quantile",0.25,1.91452202202202
2026-03-07,"rtp-area",3,"Flu ED visits pct",2026-03-28,"quantile",0.5,2.29
2026-03-07,"rtp-area",3,"Flu ED visits pct",2026-03-28,"quantile",0.75,2.6
2026-03-07,"rtp-area",3,"Flu ED visits pct",2026-03-28,"quantile",0.9,3.61132932932933
2026-03-07,"rtp-area",3,"Flu ED visits pct",2026-03-28,"quantile",0.95,4.04418818818819
2026-03-07,"rtp-area",3,"Flu ED visits pct",2026-03-28,"quantile",0.975,4.87446471471471
2026-03-07,"salem",0,"Flu ED visits pct",2026-03-07,"quantile",0.025,1.055
2026-03-07,"salem",0,"Flu ED visits pct",2026-03-07,"quantile",0.05,2.665
2026-03-07,"salem",0,"Flu ED visits pct",2026-03-07,"quantile",0.1,3.3
2026-03-07,"salem",0,"Flu ED visits pct",2026-03-07,"quantile",0.25,3.71
2026-03-07,"salem",0,"Flu ED visits pct",2026-03-07,"quantile",0.5,3.8
2026-03-07,"salem",0,"Flu ED visits pct",2026-03-07,"quantile",0.75,3.89
2026-03-07,"salem",0,"Flu ED visits pct",2026-03-07,"quantile",0.9,4.3
2026-03-07,"salem",0,"Flu ED visits pct",2026-03-07,"quantile",0.95,4.935
2026-03-07,"salem",0,"Flu ED visits pct",2026-03-07,"quantile",0.975,6.545
2026-03-07,"salem",1,"Flu ED visits pct",2026-03-14,"quantile",0.025,0.177455205205206
2026-03-07,"salem",1,"Flu ED visits pct",2026-03-14,"quantile",0.05,1.23955305305305
2026-03-07,"salem",1,"Flu ED visits pct",2026-03-14,"quantile",0.1,2.73860660660661
2026-03-07,"salem",1,"Flu ED visits pct",2026-03-14,"quantile",0.25,3.52
2026-03-07,"salem",1,"Flu ED visits pct",2026-03-14,"quantile",0.5,3.8
2026-03-07,"salem",1,"Flu ED visits pct",2026-03-14,"quantile",0.75,4.0682007007007
2026-03-07,"salem",1,"Flu ED visits pct",2026-03-14,"quantile",0.9,4.91606606606607
2026-03-07,"salem",1,"Flu ED visits pct",2026-03-14,"quantile",0.95,6.48728578578579
2026-03-07,"salem",1,"Flu ED visits pct",2026-03-14,"quantile",0.975,7.34125
2026-03-07,"salem",2,"Flu ED visits pct",2026-03-21,"quantile",0.025,0
2026-03-07,"salem",2,"Flu ED visits pct",2026-03-21,"quantile",0.05,0.42841941941942
2026-03-07,"salem",2,"Flu ED visits pct",2026-03-21,"quantile",0.1,1.97892392392392
2026-03-07,"salem",2,"Flu ED visits pct",2026-03-21,"quantile",0.25,3.34767517517517
2026-03-07,"salem",2,"Flu ED visits pct",2026-03-21,"quantile",0.5,3.8
2026-03-07,"salem",2,"Flu ED visits pct",2026-03-21,"quantile",0.75,4.29833083083083
2026-03-07,"salem",2,"Flu ED visits pct",2026-03-21,"quantile",0.9,5.68659159159159
2026-03-07,"salem",2,"Flu ED visits pct",2026-03-21,"quantile",0.95,7.18077427427427
2026-03-07,"salem",2,"Flu ED visits pct",2026-03-21,"quantile",0.975,7.97757732732733
2026-03-07,"salem",3,"Flu ED visits pct",2026-03-28,"quantile",0.025,0
2026-03-07,"salem",3,"Flu ED visits pct",2026-03-28,"quantile",0.05,0.0537937937937938
2026-03-07,"salem",3,"Flu ED visits pct",2026-03-28,"quantile",0.1,1.3632022022022
2026-03-07,"salem",3,"Flu ED visits pct",2026-03-28,"quantile",0.25,3.10798798798799
2026-03-07,"salem",3,"Flu ED visits pct",2026-03-28,"quantile",0.5,3.8
2026-03-07,"salem",3,"Flu ED visits pct",2026-03-28,"quantile",0.75,4.49858108108108
2026-03-07,"salem",3,"Flu ED visits pct",2026-03-28,"quantile",0.9,6.34011011011011
2026-03-07,"salem",3,"Flu ED visits pct",2026-03-28,"quantile",0.95,7.47958508508509
2026-03-07,"salem",3,"Flu ED visits pct",2026-03-28,"quantile",0.975,8.38480805805806
2026-03-07,"salt-lake-city",0,"Flu ED visits pct",2026-03-07,"quantile",0.025,0.18875
2026-03-07,"salt-lake-city",0,"Flu ED visits pct",2026-03-07,"quantile",0.05,0.9
2026-03-07,"salt-lake-city",0,"Flu ED visits pct",2026-03-07,"quantile",0.1,1.455
2026-03-07,"salt-lake-city",0,"Flu ED visits pct",2026-03-07,"quantile",0.25,1.92
2026-03-07,"salt-lake-city",0,"Flu ED visits pct",2026-03-07,"quantile",0.5,2.02
2026-03-07,"salt-lake-city",0,"Flu ED visits pct",2026-03-07,"quantile",0.75,2.12
2026-03-07,"salt-lake-city",0,"Flu ED visits pct",2026-03-07,"quantile",0.9,2.585
2026-03-07,"salt-lake-city",0,"Flu ED visits pct",2026-03-07,"quantile",0.95,3.14
2026-03-07,"salt-lake-city",0,"Flu ED visits pct",2026-03-07,"quantile",0.975,3.85125
2026-03-07,"salt-lake-city",1,"Flu ED visits pct",2026-03-14,"quantile",0.025,0
2026-03-07,"salt-lake-city",1,"Flu ED visits pct",2026-03-14,"quantile",0.05,0.053836336336336
2026-03-07,"salt-lake-city",1,"Flu ED visits pct",2026-03-14,"quantile",0.1,0.949861861861862
2026-03-07,"salt-lake-city",1,"Flu ED visits pct",2026-03-14,"quantile",0.25,1.74764014014014
2026-03-07,"salt-lake-city",1,"Flu ED visits pct",2026-03-14,"quantile",0.5,2.02
2026-03-07,"salt-lake-city",1,"Flu ED visits pct",2026-03-14,"quantile",0.75,2.32307557557558
2026-03-07,"salt-lake-city",1,"Flu ED visits pct",2026-03-14,"quantile",0.9,3.08841441441442
2026-03-07,"salt-lake-city",1,"Flu ED visits pct",2026-03-14,"quantile",0.95,3.85837987987988
2026-03-07,"salt-lake-city",1,"Flu ED visits pct",2026-03-14,"quantile",0.975,4.62233358358357
2026-03-07,"salt-lake-city",2,"Flu ED visits pct",2026-03-21,"quantile",0.025,0
2026-03-07,"salt-lake-city",2,"Flu ED visits pct",2026-03-21,"quantile",0.05,0
2026-03-07,"salt-lake-city",2,"Flu ED visits pct",2026-03-21,"quantile",0.1,0.568727727727728
2026-03-07,"salt-lake-city",2,"Flu ED visits pct",2026-03-21,"quantile",0.25,1.53027027027027
2026-03-07,"salt-lake-city",2,"Flu ED visits pct",2026-03-21,"quantile",0.5,2.02
2026-03-07,"salt-lake-city",2,"Flu ED visits pct",2026-03-21,"quantile",0.75,2.51152152152152
2026-03-07,"salt-lake-city",2,"Flu ED visits pct",2026-03-21,"quantile",0.9,3.42405605605606
2026-03-07,"salt-lake-city",2,"Flu ED visits pct",2026-03-21,"quantile",0.95,4.15109209209209
2026-03-07,"salt-lake-city",2,"Flu ED visits pct",2026-03-21,"quantile",0.975,4.80521396396396
2026-03-07,"salt-lake-city",3,"Flu ED visits pct",2026-03-28,"quantile",0.025,0
2026-03-07,"salt-lake-city",3,"Flu ED visits pct",2026-03-28,"quantile",0.05,0
2026-03-07,"salt-lake-city",3,"Flu ED visits pct",2026-03-28,"quantile",0.1,0.254083083083083
2026-03-07,"salt-lake-city",3,"Flu ED visits pct",2026-03-28,"quantile",0.25,1.34083833833834
2026-03-07,"salt-lake-city",3,"Flu ED visits pct",2026-03-28,"quantile",0.5,2.02
2026-03-07,"salt-lake-city",3,"Flu ED visits pct",2026-03-28,"quantile",0.75,2.66901901901902
2026-03-07,"salt-lake-city",3,"Flu ED visits pct",2026-03-28,"quantile",0.9,3.82025925925926
2026-03-07,"salt-lake-city",3,"Flu ED visits pct",2026-03-28,"quantile",0.95,4.66436036036036
2026-03-07,"salt-lake-city",3,"Flu ED visits pct",2026-03-28,"quantile",0.975,5.10447597597597
2026-03-07,"san-antonio",0,"Flu ED visits pct",2026-03-07,"quantile",0.025,1.98625
2026-03-07,"san-antonio",0,"Flu ED visits pct",2026-03-07,"quantile",0.05,2.605
2026-03-07,"san-antonio",0,"Flu ED visits pct",2026-03-07,"quantile",0.1,3.52
2026-03-07,"san-antonio",0,"Flu ED visits pct",2026-03-07,"quantile",0.25,4.32
2026-03-07,"san-antonio",0,"Flu ED visits pct",2026-03-07,"quantile",0.5,4.41
2026-03-07,"san-antonio",0,"Flu ED visits pct",2026-03-07,"quantile",0.75,4.5
2026-03-07,"san-antonio",0,"Flu ED visits pct",2026-03-07,"quantile",0.9,5.3
2026-03-07,"san-antonio",0,"Flu ED visits pct",2026-03-07,"quantile",0.95,6.215
2026-03-07,"san-antonio",0,"Flu ED visits pct",2026-03-07,"quantile",0.975,6.83375
2026-03-07,"san-antonio",1,"Flu ED visits pct",2026-03-14,"quantile",0.025,1.189748998999
2026-03-07,"san-antonio",1,"Flu ED visits pct",2026-03-14,"quantile",0.05,2.01841541541542
2026-03-07,"san-antonio",1,"Flu ED visits pct",2026-03-14,"quantile",0.1,2.74775475475476
2026-03-07,"san-antonio",1,"Flu ED visits pct",2026-03-14,"quantile",0.25,4.09061061061061
2026-03-07,"san-antonio",1,"Flu ED visits pct",2026-03-14,"quantile",0.5,4.41
2026-03-07,"san-antonio",1,"Flu ED visits pct",2026-03-14,"quantile",0.75,4.72684934934935
2026-03-07,"san-antonio",1,"Flu ED visits pct",2026-03-14,"quantile",0.9,6.00015415415416
2026-03-07,"san-antonio",1,"Flu ED visits pct",2026-03-14,"quantile",0.95,6.9322997997998
2026-03-07,"san-antonio",1,"Flu ED visits pct",2026-03-14,"quantile",0.975,7.70067142142142
2026-03-07,"san-antonio",2,"Flu ED visits pct",2026-03-21,"quantile",0.025,1.00987937937938
2026-03-07,"san-antonio",2,"Flu ED visits pct",2026-03-21,"quantile",0.05,1.38543043043043
2026-03-07,"san-antonio",2,"Flu ED visits pct",2026-03-21,"quantile",0.1,2.16308108108108
2026-03-07,"san-antonio",2,"Flu ED visits pct",2026-03-21,"quantile",0.25,3.59578578578579
2026-03-07,"san-antonio",2,"Flu ED visits pct",2026-03-21,"quantile",0.5,4.41
2026-03-07,"san-antonio",2,"Flu ED visits pct",2026-03-21,"quantile",0.75,5.14681931931932
2026-03-07,"san-antonio",2,"Flu ED visits pct",2026-03-21,"quantile",0.9,6.42817017017017
2026-03-07,"san-antonio",2,"Flu ED visits pct",2026-03-21,"quantile",0.95,7.47167067067067
2026-03-07,"san-antonio",2,"Flu ED visits pct",2026-03-21,"quantile",0.975,7.90877727727727
2026-03-07,"san-antonio",3,"Flu ED visits pct",2026-03-28,"quantile",0.025,0.625614864864863
2026-03-07,"san-antonio",3,"Flu ED visits pct",2026-03-28,"quantile",0.05,1.26356356356357
2026-03-07,"san-antonio",3,"Flu ED visits pct",2026-03-28,"quantile",0.1,2.03841341341341
2026-03-07,"san-antonio",3,"Flu ED visits pct",2026-03-28,"quantile",0.25,3.36770770770771
2026-03-07,"san-antonio",3,"Flu ED visits pct",2026-03-28,"quantile",0.5,4.41
2026-03-07,"san-antonio",3,"Flu ED visits pct",2026-03-28,"quantile",0.75,5.33971471471471
2026-03-07,"san-antonio",3,"Flu ED visits pct",2026-03-28,"quantile",0.9,6.8303973973974
2026-03-07,"san-antonio",3,"Flu ED visits pct",2026-03-28,"quantile",0.95,7.63503603603603
2026-03-07,"san-antonio",3,"Flu ED visits pct",2026-03-28,"quantile",0.975,8.72215065065065
2026-03-07,"savannah",0,"Flu ED visits pct",2026-03-07,"quantile",0.025,0
2026-03-07,"savannah",0,"Flu ED visits pct",2026-03-07,"quantile",0.05,0.41
2026-03-07,"savannah",0,"Flu ED visits pct",2026-03-07,"quantile",0.1,0.69
2026-03-07,"savannah",0,"Flu ED visits pct",2026-03-07,"quantile",0.25,0.8875
2026-03-07,"savannah",0,"Flu ED visits pct",2026-03-07,"quantile",0.5,0.96
2026-03-07,"savannah",0,"Flu ED visits pct",2026-03-07,"quantile",0.75,1.0325
2026-03-07,"savannah",0,"Flu ED visits pct",2026-03-07,"quantile",0.9,1.23
2026-03-07,"savannah",0,"Flu ED visits pct",2026-03-07,"quantile",0.95,1.51
2026-03-07,"savannah",0,"Flu ED visits pct",2026-03-07,"quantile",0.975,1.98125
2026-03-07,"savannah",1,"Flu ED visits pct",2026-03-14,"quantile",0.025,0
2026-03-07,"savannah",1,"Flu ED visits pct",2026-03-14,"quantile",0.05,0.0262912912912912
2026-03-07,"savannah",1,"Flu ED visits pct",2026-03-14,"quantile",0.1,0.437941941941942
2026-03-07,"savannah",1,"Flu ED visits pct",2026-03-14,"quantile",0.25,0.786298798798799
2026-03-07,"savannah",1,"Flu ED visits pct",2026-03-14,"quantile",0.5,0.96
2026-03-07,"savannah",1,"Flu ED visits pct",2026-03-14,"quantile",0.75,1.13850600600601
2026-03-07,"savannah",1,"Flu ED visits pct",2026-03-14,"quantile",0.9,1.49176276276276
2026-03-07,"savannah",1,"Flu ED visits pct",2026-03-14,"quantile",0.95,2.0192067067067
2026-03-07,"savannah",1,"Flu ED visits pct",2026-03-14,"quantile",0.975,2.5340573073073
2026-03-07,"savannah",2,"Flu ED visits pct",2026-03-21,"quantile",0.025,0
2026-03-07,"savannah",2,"Flu ED visits pct",2026-03-21,"quantile",0.05,0
2026-03-07,"savannah",2,"Flu ED visits pct",2026-03-21,"quantile",0.1,0.149778778778779
2026-03-07,"savannah",2,"Flu ED visits pct",2026-03-21,"quantile",0.25,0.700342842842843
2026-03-07,"savannah",2,"Flu ED visits pct",2026-03-21,"quantile",0.5,0.96
2026-03-07,"savannah",2,"Flu ED visits pct",2026-03-21,"quantile",0.75,1.23072072072072
2026-03-07,"savannah",2,"Flu ED visits pct",2026-03-21,"quantile",0.9,1.79028828828829
2026-03-07,"savannah",2,"Flu ED visits pct",2026-03-21,"quantile",0.95,2.35785385385385
2026-03-07,"savannah",2,"Flu ED visits pct",2026-03-21,"quantile",0.975,2.83719019019019
2026-03-07,"savannah",3,"Flu ED visits pct",2026-03-28,"quantile",0.025,0
2026-03-07,"savannah",3,"Flu ED visits pct",2026-03-28,"quantile",0.05,0
2026-03-07,"savannah",3,"Flu ED visits pct",2026-03-28,"quantile",0.1,0
2026-03-07,"savannah",3,"Flu ED visits pct",2026-03-28,"quantile",0.25,0.621046046046046
2026-03-07,"savannah",3,"Flu ED visits pct",2026-03-28,"quantile",0.5,0.96
2026-03-07,"savannah",3,"Flu ED visits pct",2026-03-28,"quantile",0.75,1.30631131131131
2026-03-07,"savannah",3,"Flu ED visits pct",2026-03-28,"quantile",0.9,2.07261361361361
2026-03-07,"savannah",3,"Flu ED visits pct",2026-03-28,"quantile",0.95,2.64786936936937
2026-03-07,"savannah",3,"Flu ED visits pct",2026-03-28,"quantile",0.975,3.06161061061061
2026-03-07,"senc",0,"Flu ED visits pct",2026-03-07,"quantile",0.025,0.189698198198199
2026-03-07,"senc",0,"Flu ED visits pct",2026-03-07,"quantile",0.05,0.674174674674675
2026-03-07,"senc",0,"Flu ED visits pct",2026-03-07,"quantile",0.1,1.04909009009009
2026-03-07,"senc",0,"Flu ED visits pct",2026-03-07,"quantile",0.25,1.32
2026-03-07,"senc",0,"Flu ED visits pct",2026-03-07,"quantile",0.5,1.37
2026-03-07,"senc",0,"Flu ED visits pct",2026-03-07,"quantile",0.75,1.42
2026-03-07,"senc",0,"Flu ED visits pct",2026-03-07,"quantile",0.9,1.69090990990991
2026-03-07,"senc",0,"Flu ED visits pct",2026-03-07,"quantile",0.95,2.06582532532533
2026-03-07,"senc",0,"Flu ED visits pct",2026-03-07,"quantile",0.975,2.5503018018018
2026-03-07,"senc",1,"Flu ED visits pct",2026-03-14,"quantile",0.025,0
2026-03-07,"senc",1,"Flu ED visits pct",2026-03-14,"quantile",0.05,0.202403903903904
2026-03-07,"senc",1,"Flu ED visits pct",2026-03-14,"quantile",0.1,0.7
2026-03-07,"senc",1,"Flu ED visits pct",2026-03-14,"quantile",0.25,1.23
2026-03-07,"senc",1,"Flu ED visits pct",2026-03-14,"quantile",0.5,1.37
2026-03-07,"senc",1,"Flu ED visits pct",2026-03-14,"quantile",0.75,1.5
2026-03-07,"senc",1,"Flu ED visits pct",2026-03-14,"quantile",0.9,2.05040540540541
2026-03-07,"senc",1,"Flu ED visits pct",2026-03-14,"quantile",0.95,2.54322972972973
2026-03-07,"senc",1,"Flu ED visits pct",2026-03-14,"quantile",0.975,3.16061861861862
2026-03-07,"senc",2,"Flu ED visits pct",2026-03-21,"quantile",0.025,0
2026-03-07,"senc",2,"Flu ED visits pct",2026-03-21,"quantile",0.05,0
2026-03-07,"senc",2,"Flu ED visits pct",2026-03-21,"quantile",0.1,0.451171171171171
2026-03-07,"senc",2,"Flu ED visits pct",2026-03-21,"quantile",0.25,1.1
2026-03-07,"senc",2,"Flu ED visits pct",2026-03-21,"quantile",0.5,1.37
2026-03-07,"senc",2,"Flu ED visits pct",2026-03-21,"quantile",0.75,1.64
2026-03-07,"senc",2,"Flu ED visits pct",2026-03-21,"quantile",0.9,2.26863063063063
2026-03-07,"senc",2,"Flu ED visits pct",2026-03-21,"quantile",0.95,2.82274174174174
2026-03-07,"senc",2,"Flu ED visits pct",2026-03-21,"quantile",0.975,3.58026026026026
2026-03-07,"senc",3,"Flu ED visits pct",2026-03-28,"quantile",0.025,0
2026-03-07,"senc",3,"Flu ED visits pct",2026-03-28,"quantile",0.05,0
2026-03-07,"senc",3,"Flu ED visits pct",2026-03-28,"quantile",0.1,0.202565565565565
2026-03-07,"senc",3,"Flu ED visits pct",2026-03-28,"quantile",0.25,0.98
2026-03-07,"senc",3,"Flu ED visits pct",2026-03-28,"quantile",0.5,1.37
2026-03-07,"senc",3,"Flu ED visits pct",2026-03-28,"quantile",0.75,1.75417167167167
2026-03-07,"senc",3,"Flu ED visits pct",2026-03-28,"quantile",0.9,2.48848648648649
2026-03-07,"senc",3,"Flu ED visits pct",2026-03-28,"quantile",0.95,3.1605
2026-03-07,"senc",3,"Flu ED visits pct",2026-03-28,"quantile",0.975,4.00409134134134
2026-03-07,"south-augusta",0,"Flu ED visits pct",2026-03-07,"quantile",0.025,1.24875
2026-03-07,"south-augusta",0,"Flu ED visits pct",2026-03-07,"quantile",0.05,1.5925
2026-03-07,"south-augusta",0,"Flu ED visits pct",2026-03-07,"quantile",0.1,1.96
2026-03-07,"south-augusta",0,"Flu ED visits pct",2026-03-07,"quantile",0.25,2.29
2026-03-07,"south-augusta",0,"Flu ED visits pct",2026-03-07,"quantile",0.5,2.38
2026-03-07,"south-augusta",0,"Flu ED visits pct",2026-03-07,"quantile",0.75,2.47
2026-03-07,"south-augusta",0,"Flu ED visits pct",2026-03-07,"quantile",0.9,2.8
2026-03-07,"south-augusta",0,"Flu ED visits pct",2026-03-07,"quantile",0.95,3.1675
2026-03-07,"south-augusta",0,"Flu ED visits pct",2026-03-07,"quantile",0.975,3.51125
2026-03-07,"south-augusta",1,"Flu ED visits pct",2026-03-14,"quantile",0.025,0.825551801801801
2026-03-07,"south-augusta",1,"Flu ED visits pct",2026-03-14,"quantile",0.05,1.15195545545545
2026-03-07,"south-augusta",1,"Flu ED visits pct",2026-03-14,"quantile",0.1,1.66043943943944
2026-03-07,"south-augusta",1,"Flu ED visits pct",2026-03-14,"quantile",0.25,2.15911411411411
2026-03-07,"south-augusta",1,"Flu ED visits pct",2026-03-14,"quantile",0.5,2.38
2026-03-07,"south-augusta",1,"Flu ED visits pct",2026-03-14,"quantile",0.75,2.63291791791792
2026-03-07,"south-augusta",1,"Flu ED visits pct",2026-03-14,"quantile",0.9,3.15947247247247
2026-03-07,"south-augusta",1,"Flu ED visits pct",2026-03-14,"quantile",0.95,3.48023923923924
2026-03-07,"south-augusta",1,"Flu ED visits pct",2026-03-14,"quantile",0.975,3.88775525525525
2026-03-07,"south-augusta",2,"Flu ED visits pct",2026-03-21,"quantile",0.025,0.4886498998999
2026-03-07,"south-augusta",2,"Flu ED visits pct",2026-03-21,"quantile",0.05,0.897324824824825
2026-03-07,"south-augusta",2,"Flu ED visits pct",2026-03-21,"quantile",0.1,1.44198898898899
2026-03-07,"south-augusta",2,"Flu ED visits pct",2026-03-21,"quantile",0.25,2.02558558558558
2026-03-07,"south-augusta",2,"Flu ED visits pct",2026-03-21,"quantile",0.5,2.38
2026-03-07,"south-augusta",2,"Flu ED visits pct",2026-03-21,"quantile",0.75,2.77984984984985
2026-03-07,"south-augusta",2,"Flu ED visits pct",2026-03-21,"quantile",0.9,3.33275175175175
2026-03-07,"south-augusta",2,"Flu ED visits pct",2026-03-21,"quantile",0.95,3.84938938938939
2026-03-07,"south-augusta",2,"Flu ED visits pct",2026-03-21,"quantile",0.975,4.15274949949949
2026-03-07,"south-augusta",3,"Flu ED visits pct",2026-03-28,"quantile",0.025,0.0942379879879875
2026-03-07,"south-augusta",3,"Flu ED visits pct",2026-03-28,"quantile",0.05,0.639617617617617
2026-03-07,"south-augusta",3,"Flu ED visits pct",2026-03-28,"quantile",0.1,1.07380880880881
2026-03-07,"south-augusta",3,"Flu ED visits pct",2026-03-28,"quantile",0.25,1.90174174174174
2026-03-07,"south-augusta",3,"Flu ED visits pct",2026-03-28,"quantile",0.5,2.38
2026-03-07,"south-augusta",3,"Flu ED visits pct",2026-03-28,"quantile",0.75,2.91031031031031
2026-03-07,"south-augusta",3,"Flu ED visits pct",2026-03-28,"quantile",0.9,3.50634434434434
2026-03-07,"south-augusta",3,"Flu ED visits pct",2026-03-28,"quantile",0.95,3.97090890890891
2026-03-07,"south-augusta",3,"Flu ED visits pct",2026-03-28,"quantile",0.975,4.46473048048047
2026-03-07,"south-carolina",0,"Flu ED visits pct",2026-03-07,"quantile",0.025,0
2026-03-07,"south-carolina",0,"Flu ED visits pct",2026-03-07,"quantile",0.05,0.6175
2026-03-07,"south-carolina",0,"Flu ED visits pct",2026-03-07,"quantile",0.1,1.825
2026-03-07,"south-carolina",0,"Flu ED visits pct",2026-03-07,"quantile",0.25,2.41
2026-03-07,"south-carolina",0,"Flu ED visits pct",2026-03-07,"quantile",0.5,2.48
2026-03-07,"south-carolina",0,"Flu ED visits pct",2026-03-07,"quantile",0.75,2.55
2026-03-07,"south-carolina",0,"Flu ED visits pct",2026-03-07,"quantile",0.9,3.135
2026-03-07,"south-carolina",0,"Flu ED visits pct",2026-03-07,"quantile",0.95,4.3425
2026-03-07,"south-carolina",0,"Flu ED visits pct",2026-03-07,"quantile",0.975,5.41
2026-03-07,"south-carolina",1,"Flu ED visits pct",2026-03-14,"quantile",0.025,0
2026-03-07,"south-carolina",1,"Flu ED visits pct",2026-03-14,"quantile",0.05,0
2026-03-07,"south-carolina",1,"Flu ED visits pct",2026-03-14,"quantile",0.1,1.09661961961962
2026-03-07,"south-carolina",1,"Flu ED visits pct",2026-03-14,"quantile",0.25,2.2141041041041
2026-03-07,"south-carolina",1,"Flu ED visits pct",2026-03-14,"quantile",0.5,2.48
2026-03-07,"south-carolina",1,"Flu ED visits pct",2026-03-14,"quantile",0.75,2.78154654654655
2026-03-07,"south-carolina",1,"Flu ED visits pct",2026-03-14,"quantile",0.9,3.87688888888889
2026-03-07,"south-carolina",1,"Flu ED visits pct",2026-03-14,"quantile",0.95,5.37884934934935
2026-03-07,"south-carolina",1,"Flu ED visits pct",2026-03-14,"quantile",0.975,6.42299449449449
2026-03-07,"south-carolina",2,"Flu ED visits pct",2026-03-21,"quantile",0.025,0
2026-03-07,"south-carolina",2,"Flu ED visits pct",2026-03-21,"quantile",0.05,0
2026-03-07,"south-carolina",2,"Flu ED visits pct",2026-03-21,"quantile",0.1,0.316045045045046
2026-03-07,"south-carolina",2,"Flu ED visits pct",2026-03-21,"quantile",0.25,1.92951201201201
2026-03-07,"south-carolina",2,"Flu ED visits pct",2026-03-21,"quantile",0.5,2.48
2026-03-07,"south-carolina",2,"Flu ED visits pct",2026-03-21,"quantile",0.75,3.04200950950951
2026-03-07,"south-carolina",2,"Flu ED visits pct",2026-03-21,"quantile",0.9,4.69077777777778
2026-03-07,"south-carolina",2,"Flu ED visits pct",2026-03-21,"quantile",0.95,6.23093593593592
2026-03-07,"south-carolina",2,"Flu ED visits pct",2026-03-21,"quantile",0.975,6.83185035035035
2026-03-07,"south-carolina",3,"Flu ED visits pct",2026-03-28,"quantile",0.025,0
2026-03-07,"south-carolina",3,"Flu ED visits pct",2026-03-28,"quantile",0.05,0
2026-03-07,"south-carolina",3,"Flu ED visits pct",2026-03-28,"quantile",0.1,0
2026-03-07,"south-carolina",3,"Flu ED visits pct",2026-03-28,"quantile",0.25,1.63798298298298
2026-03-07,"south-carolina",3,"Flu ED visits pct",2026-03-28,"quantile",0.5,2.48
2026-03-07,"south-carolina",3,"Flu ED visits pct",2026-03-28,"quantile",0.75,3.35954954954955
2026-03-07,"south-carolina",3,"Flu ED visits pct",2026-03-28,"quantile",0.9,5.1965005005005
2026-03-07,"south-carolina",3,"Flu ED visits pct",2026-03-28,"quantile",0.95,6.52678178178178
2026-03-07,"south-carolina",3,"Flu ED visits pct",2026-03-28,"quantile",0.975,7.28711186186186
2026-03-07,"springfield",0,"Flu ED visits pct",2026-03-07,"quantile",0.025,0
2026-03-07,"springfield",0,"Flu ED visits pct",2026-03-07,"quantile",0.05,0
2026-03-07,"springfield",0,"Flu ED visits pct",2026-03-07,"quantile",0.1,0.85
2026-03-07,"springfield",0,"Flu ED visits pct",2026-03-07,"quantile",0.25,1.35
2026-03-07,"springfield",0,"Flu ED visits pct",2026-03-07,"quantile",0.5,1.44
2026-03-07,"springfield",0,"Flu ED visits pct",2026-03-07,"quantile",0.75,1.53
2026-03-07,"springfield",0,"Flu ED visits pct",2026-03-07,"quantile",0.9,2.03
2026-03-07,"springfield",0,"Flu ED visits pct",2026-03-07,"quantile",0.95,3.3025
2026-03-07,"springfield",0,"Flu ED visits pct",2026-03-07,"quantile",0.975,4.25125
2026-03-07,"springfield",1,"Flu ED visits pct",2026-03-14,"quantile",0.025,0
2026-03-07,"springfield",1,"Flu ED visits pct",2026-03-14,"quantile",0.05,0
2026-03-07,"springfield",1,"Flu ED visits pct",2026-03-14,"quantile",0.1,0
2026-03-07,"springfield",1,"Flu ED visits pct",2026-03-14,"quantile",0.25,1.17906906906907
2026-03-07,"springfield",1,"Flu ED visits pct",2026-03-14,"quantile",0.5,1.44
2026-03-07,"springfield",1,"Flu ED visits pct",2026-03-14,"quantile",0.75,1.6902952952953
2026-03-07,"springfield",1,"Flu ED visits pct",2026-03-14,"quantile",0.9,3.00345645645646
2026-03-07,"springfield",1,"Flu ED visits pct",2026-03-14,"quantile",0.95,4.13475825825826
2026-03-07,"springfield",1,"Flu ED visits pct",2026-03-14,"quantile",0.975,5.22341891891891
2026-03-07,"springfield",2,"Flu ED visits pct",2026-03-21,"quantile",0.025,0
2026-03-07,"springfield",2,"Flu ED visits pct",2026-03-21,"quantile",0.05,0
2026-03-07,"springfield",2,"Flu ED visits pct",2026-03-21,"quantile",0.1,0
2026-03-07,"springfield",2,"Flu ED visits pct",2026-03-21,"quantile",0.25,0.858671171171171
2026-03-07,"springfield",2,"Flu ED visits pct",2026-03-21,"quantile",0.5,1.44
2026-03-07,"springfield",2,"Flu ED visits pct",2026-03-21,"quantile",0.75,1.99411411411411
2026-03-07,"springfield",2,"Flu ED visits pct",2026-03-21,"quantile",0.9,3.77626126126126
2026-03-07,"springfield",2,"Flu ED visits pct",2026-03-21,"quantile",0.95,4.95362712712714
2026-03-07,"springfield",2,"Flu ED visits pct",2026-03-21,"quantile",0.975,6.39207882882882
2026-03-07,"springfield",3,"Flu ED visits pct",2026-03-28,"quantile",0.025,0
2026-03-07,"springfield",3,"Flu ED visits pct",2026-03-28,"quantile",0.05,0
2026-03-07,"springfield",3,"Flu ED visits pct",2026-03-28,"quantile",0.1,0
2026-03-07,"springfield",3,"Flu ED visits pct",2026-03-28,"quantile",0.25,0.603903903903904
2026-03-07,"springfield",3,"Flu ED visits pct",2026-03-28,"quantile",0.5,1.44
2026-03-07,"springfield",3,"Flu ED visits pct",2026-03-28,"quantile",0.75,2.23334334334334
2026-03-07,"springfield",3,"Flu ED visits pct",2026-03-28,"quantile",0.9,4.18287287287287
2026-03-07,"springfield",3,"Flu ED visits pct",2026-03-28,"quantile",0.95,5.66514914914914
2026-03-07,"springfield",3,"Flu ED visits pct",2026-03-28,"quantile",0.975,7.05234259259258
2026-03-07,"st-cloud",0,"Flu ED visits pct",2026-03-07,"quantile",0.025,0
2026-03-07,"st-cloud",0,"Flu ED visits pct",2026-03-07,"quantile",0.05,1.3825
2026-03-07,"st-cloud",0,"Flu ED visits pct",2026-03-07,"quantile",0.1,2.195
2026-03-07,"st-cloud",0,"Flu ED visits pct",2026-03-07,"quantile",0.25,2.92
2026-03-07,"st-cloud",0,"Flu ED visits pct",2026-03-07,"quantile",0.5,3.08
2026-03-07,"st-cloud",0,"Flu ED visits pct",2026-03-07,"quantile",0.75,3.24
2026-03-07,"st-cloud",0,"Flu ED visits pct",2026-03-07,"quantile",0.9,3.965
2026-03-07,"st-cloud",0,"Flu ED visits pct",2026-03-07,"quantile",0.95,4.7775
2026-03-07,"st-cloud",0,"Flu ED visits pct",2026-03-07,"quantile",0.975,6.68125
2026-03-07,"st-cloud",1,"Flu ED visits pct",2026-03-14,"quantile",0.025,0
2026-03-07,"st-cloud",1,"Flu ED visits pct",2026-03-14,"quantile",0.05,0.221716716716716
2026-03-07,"st-cloud",1,"Flu ED visits pct",2026-03-14,"quantile",0.1,1.46558158158158
2026-03-07,"st-cloud",1,"Flu ED visits pct",2026-03-14,"quantile",0.25,2.67714964964965
2026-03-07,"st-cloud",1,"Flu ED visits pct",2026-03-14,"quantile",0.5,3.08
2026-03-07,"st-cloud",1,"Flu ED visits pct",2026-03-14,"quantile",0.75,3.49848098098098
2026-03-07,"st-cloud",1,"Flu ED visits pct",2026-03-14,"quantile",0.9,4.80201101101101
2026-03-07,"st-cloud",1,"Flu ED visits pct",2026-03-14,"quantile",0.95,6.47064814814816
2026-03-07,"st-cloud",1,"Flu ED visits pct",2026-03-14,"quantile",0.975,7.79970020020019
2026-03-07,"st-cloud",2,"Flu ED visits pct",2026-03-21,"quantile",0.025,0
2026-03-07,"st-cloud",2,"Flu ED visits pct",2026-03-21,"quantile",0.05,0
2026-03-07,"st-cloud",2,"Flu ED visits pct",2026-03-21,"quantile",0.1,0.873592592592593
2026-03-07,"st-cloud",2,"Flu ED visits pct",2026-03-21,"quantile",0.25,2.30605605605606
2026-03-07,"st-cloud",2,"Flu ED visits pct",2026-03-21,"quantile",0.5,3.08
2026-03-07,"st-cloud",2,"Flu ED visits pct",2026-03-21,"quantile",0.75,3.78343343343343
2026-03-07,"st-cloud",2,"Flu ED visits pct",2026-03-21,"quantile",0.9,5.41313313313313
2026-03-07,"st-cloud",2,"Flu ED visits pct",2026-03-21,"quantile",0.95,7.21681531531531
2026-03-07,"st-cloud",2,"Flu ED visits pct",2026-03-21,"quantile",0.975,8.66391566566566
2026-03-07,"st-cloud",3,"Flu ED visits pct",2026-03-28,"quantile",0.025,0
2026-03-07,"st-cloud",3,"Flu ED visits pct",2026-03-28,"quantile",0.05,0
2026-03-07,"st-cloud",3,"Flu ED visits pct",2026-03-28,"quantile",0.1,0.122693693693693
2026-03-07,"st-cloud",3,"Flu ED visits pct",2026-03-28,"quantile",0.25,1.9766016016016
2026-03-07,"st-cloud",3,"Flu ED visits pct",2026-03-28,"quantile",0.5,3.08
2026-03-07,"st-cloud",3,"Flu ED visits pct",2026-03-28,"quantile",0.75,4.1166966966967
2026-03-07,"st-cloud",3,"Flu ED visits pct",2026-03-28,"quantile",0.9,6.38087487487488
2026-03-07,"st-cloud",3,"Flu ED visits pct",2026-03-28,"quantile",0.95,7.78856806806807
2026-03-07,"st-cloud",3,"Flu ED visits pct",2026-03-28,"quantile",0.975,9.32566691691692
2026-03-07,"st-paul",0,"Flu ED visits pct",2026-03-07,"quantile",0.025,0.666250000000001
2026-03-07,"st-paul",0,"Flu ED visits pct",2026-03-07,"quantile",0.05,1.2525
2026-03-07,"st-paul",0,"Flu ED visits pct",2026-03-07,"quantile",0.1,1.795
2026-03-07,"st-paul",0,"Flu ED visits pct",2026-03-07,"quantile",0.25,2.06
2026-03-07,"st-paul",0,"Flu ED visits pct",2026-03-07,"quantile",0.5,2.13
2026-03-07,"st-paul",0,"Flu ED visits pct",2026-03-07,"quantile",0.75,2.2
2026-03-07,"st-paul",0,"Flu ED visits pct",2026-03-07,"quantile",0.9,2.465
2026-03-07,"st-paul",0,"Flu ED visits pct",2026-03-07,"quantile",0.95,3.0075
2026-03-07,"st-paul",0,"Flu ED visits pct",2026-03-07,"quantile",0.975,3.59375
2026-03-07,"st-paul",1,"Flu ED visits pct",2026-03-14,"quantile",0.025,0
2026-03-07,"st-paul",1,"Flu ED visits pct",2026-03-14,"quantile",0.05,0.692612112112113
2026-03-07,"st-paul",1,"Flu ED visits pct",2026-03-14,"quantile",0.1,1.2731051051051
2026-03-07,"st-paul",1,"Flu ED visits pct",2026-03-14,"quantile",0.25,1.93267267267267
2026-03-07,"st-paul",1,"Flu ED visits pct",2026-03-14,"quantile",0.5,2.13
2026-03-07,"st-paul",1,"Flu ED visits pct",2026-03-14,"quantile",0.75,2.34079079079079
2026-03-07,"st-paul",1,"Flu ED visits pct",2026-03-14,"quantile",0.9,2.97490790790791
2026-03-07,"st-paul",1,"Flu ED visits pct",2026-03-14,"quantile",0.95,3.56404954954955
2026-03-07,"st-paul",1,"Flu ED visits pct",2026-03-14,"quantile",0.975,5.06042042042041
2026-03-07,"st-paul",2,"Flu ED visits pct",2026-03-21,"quantile",0.025,0
2026-03-07,"st-paul",2,"Flu ED visits pct",2026-03-21,"quantile",0.05,0.152246246246246
2026-03-07,"st-paul",2,"Flu ED visits pct",2026-03-21,"quantile",0.1,0.919975975975976
2026-03-07,"st-paul",2,"Flu ED visits pct",2026-03-21,"quantile",0.25,1.83135135135135
2026-03-07,"st-paul",2,"Flu ED visits pct",2026-03-21,"quantile",0.5,2.13
2026-03-07,"st-paul",2,"Flu ED visits pct",2026-03-21,"quantile",0.75,2.46034784784785
2026-03-07,"st-paul",2,"Flu ED visits pct",2026-03-21,"quantile",0.9,3.3733953953954
2026-03-07,"st-paul",2,"Flu ED visits pct",2026-03-21,"quantile",0.95,4.11094294294294
2026-03-07,"st-paul",2,"Flu ED visits pct",2026-03-21,"quantile",0.975,5.6154149149149
2026-03-07,"st-paul",3,"Flu ED visits pct",2026-03-28,"quantile",0.025,0
2026-03-07,"st-paul",3,"Flu ED visits pct",2026-03-28,"quantile",0.05,0
2026-03-07,"st-paul",3,"Flu ED visits pct",2026-03-28,"quantile",0.1,0.636213213213213
2026-03-07,"st-paul",3,"Flu ED visits pct",2026-03-28,"quantile",0.25,1.63915165165165
2026-03-07,"st-paul",3,"Flu ED visits pct",2026-03-28,"quantile",0.5,2.13
2026-03-07,"st-paul",3,"Flu ED visits pct",2026-03-28,"quantile",0.75,2.62331831831832
2026-03-07,"st-paul",3,"Flu ED visits pct",2026-03-28,"quantile",0.9,3.63667867867868
2026-03-07,"st-paul",3,"Flu ED visits pct",2026-03-28,"quantile",0.95,4.85375225225224
2026-03-07,"st-paul",3,"Flu ED visits pct",2026-03-28,"quantile",0.975,5.9292645145145
2026-03-07,"texas",0,"Flu ED visits pct",2026-03-07,"quantile",0.025,0.43875
2026-03-07,"texas",0,"Flu ED visits pct",2026-03-07,"quantile",0.05,1.1275
2026-03-07,"texas",0,"Flu ED visits pct",2026-03-07,"quantile",0.1,1.735
2026-03-07,"texas",0,"Flu ED visits pct",2026-03-07,"quantile",0.25,2.44
2026-03-07,"texas",0,"Flu ED visits pct",2026-03-07,"quantile",0.5,2.52
2026-03-07,"texas",0,"Flu ED visits pct",2026-03-07,"quantile",0.75,2.6
2026-03-07,"texas",0,"Flu ED visits pct",2026-03-07,"quantile",0.9,3.305
2026-03-07,"texas",0,"Flu ED visits pct",2026-03-07,"quantile",0.95,3.9125
2026-03-07,"texas",0,"Flu ED visits pct",2026-03-07,"quantile",0.975,4.60125
2026-03-07,"texas",1,"Flu ED visits pct",2026-03-14,"quantile",0.025,0
2026-03-07,"texas",1,"Flu ED visits pct",2026-03-14,"quantile",0.05,0.406968468468468
2026-03-07,"texas",1,"Flu ED visits pct",2026-03-14,"quantile",0.1,1.14328028028028
2026-03-07,"texas",1,"Flu ED visits pct",2026-03-14,"quantile",0.25,2.07658158158158
2026-03-07,"texas",1,"Flu ED visits pct",2026-03-14,"quantile",0.5,2.52
2026-03-07,"texas",1,"Flu ED visits pct",2026-03-14,"quantile",0.75,2.98
2026-03-07,"texas",1,"Flu ED visits pct",2026-03-14,"quantile",0.9,3.84545945945946
2026-03-07,"texas",1,"Flu ED visits pct",2026-03-14,"quantile",0.95,4.51956156156155
2026-03-07,"texas",1,"Flu ED visits pct",2026-03-14,"quantile",0.975,5.44450975975975
2026-03-07,"texas",2,"Flu ED visits pct",2026-03-21,"quantile",0.025,0
2026-03-07,"texas",2,"Flu ED visits pct",2026-03-21,"quantile",0.05,0.0310455455455463
2026-03-07,"texas",2,"Flu ED visits pct",2026-03-21,"quantile",0.1,0.78795995995996
2026-03-07,"texas",2,"Flu ED visits pct",2026-03-21,"quantile",0.25,1.83345595595596
2026-03-07,"texas",2,"Flu ED visits pct",2026-03-21,"quantile",0.5,2.52
2026-03-07,"texas",2,"Flu ED visits pct",2026-03-21,"quantile",0.75,3.18532532532533
2026-03-07,"texas",2,"Flu ED visits pct",2026-03-21,"quantile",0.9,4.17296296296295
2026-03-07,"texas",2,"Flu ED visits pct",2026-03-21,"quantile",0.95,5.09649349349349
2026-03-07,"texas",2,"Flu ED visits pct",2026-03-21,"quantile",0.975,6.10389514514514
2026-03-07,"texas",3,"Flu ED visits pct",2026-03-28,"quantile",0.025,0
2026-03-07,"texas",3,"Flu ED visits pct",2026-03-28,"quantile",0.05,0
2026-03-07,"texas",3,"Flu ED visits pct",2026-03-28,"quantile",0.1,0.498494494494494
2026-03-07,"texas",3,"Flu ED visits pct",2026-03-28,"quantile",0.25,1.66803803803804
2026-03-07,"texas",3,"Flu ED visits pct",2026-03-28,"quantile",0.5,2.52
2026-03-07,"texas",3,"Flu ED visits pct",2026-03-28,"quantile",0.75,3.45584834834835
2026-03-07,"texas",3,"Flu ED visits pct",2026-03-28,"quantile",0.9,4.59905405405406
2026-03-07,"texas",3,"Flu ED visits pct",2026-03-28,"quantile",0.95,5.5557067067067
2026-03-07,"texas",3,"Flu ED visits pct",2026-03-28,"quantile",0.975,6.23032732732733
2026-03-07,"triad-area",0,"Flu ED visits pct",2026-03-07,"quantile",0.025,0.339215465465466
2026-03-07,"triad-area",0,"Flu ED visits pct",2026-03-07,"quantile",0.05,1.09297597597598
2026-03-07,"triad-area",0,"Flu ED visits pct",2026-03-07,"quantile",0.1,1.53
2026-03-07,"triad-area",0,"Flu ED visits pct",2026-03-07,"quantile",0.25,1.77
2026-03-07,"triad-area",0,"Flu ED visits pct",2026-03-07,"quantile",0.5,1.82
2026-03-07,"triad-area",0,"Flu ED visits pct",2026-03-07,"quantile",0.75,1.87
2026-03-07,"triad-area",0,"Flu ED visits pct",2026-03-07,"quantile",0.9,2.11
2026-03-07,"triad-area",0,"Flu ED visits pct",2026-03-07,"quantile",0.95,2.54702402402402
2026-03-07,"triad-area",0,"Flu ED visits pct",2026-03-07,"quantile",0.975,3.30078453453453
2026-03-07,"triad-area",1,"Flu ED visits pct",2026-03-14,"quantile",0.025,0
2026-03-07,"triad-area",1,"Flu ED visits pct",2026-03-14,"quantile",0.05,0.4075
2026-03-07,"triad-area",1,"Flu ED visits pct",2026-03-14,"quantile",0.1,1.11958158158158
2026-03-07,"triad-area",1,"Flu ED visits pct",2026-03-14,"quantile",0.25,1.68060810810811
2026-03-07,"triad-area",1,"Flu ED visits pct",2026-03-14,"quantile",0.5,1.82
2026-03-07,"triad-area",1,"Flu ED visits pct",2026-03-14,"quantile",0.75,1.96
2026-03-07,"triad-area",1,"Flu ED visits pct",2026-03-14,"quantile",0.9,2.56140740740741
2026-03-07,"triad-area",1,"Flu ED visits pct",2026-03-14,"quantile",0.95,3.24306256256256
2026-03-07,"triad-area",1,"Flu ED visits pct",2026-03-14,"quantile",0.975,4.38713188188188
2026-03-07,"triad-area",2,"Flu ED visits pct",2026-03-21,"quantile",0.025,0
2026-03-07,"triad-area",2,"Flu ED visits pct",2026-03-21,"quantile",0.05,0
2026-03-07,"triad-area",2,"Flu ED visits pct",2026-03-21,"quantile",0.1,0.730750750750751
2026-03-07,"triad-area",2,"Flu ED visits pct",2026-03-21,"quantile",0.25,1.56845345345345
2026-03-07,"triad-area",2,"Flu ED visits pct",2026-03-21,"quantile",0.5,1.82
2026-03-07,"triad-area",2,"Flu ED visits pct",2026-03-21,"quantile",0.75,2.06373373373373
2026-03-07,"triad-area",2,"Flu ED visits pct",2026-03-21,"quantile",0.9,2.90506006006006
2026-03-07,"triad-area",2,"Flu ED visits pct",2026-03-21,"quantile",0.95,3.8001956956957
2026-03-07,"triad-area",2,"Flu ED visits pct",2026-03-21,"quantile",0.975,4.83336186186186
2026-03-07,"triad-area",3,"Flu ED visits pct",2026-03-28,"quantile",0.025,0
2026-03-07,"triad-area",3,"Flu ED visits pct",2026-03-28,"quantile",0.05,0
2026-03-07,"triad-area",3,"Flu ED visits pct",2026-03-28,"quantile",0.1,0.291813813813813
2026-03-07,"triad-area",3,"Flu ED visits pct",2026-03-28,"quantile",0.25,1.44081831831832
2026-03-07,"triad-area",3,"Flu ED visits pct",2026-03-28,"quantile",0.5,1.82
2026-03-07,"triad-area",3,"Flu ED visits pct",2026-03-28,"quantile",0.75,2.21048548548548
2026-03-07,"triad-area",3,"Flu ED visits pct",2026-03-28,"quantile",0.9,3.19326426426426
2026-03-07,"triad-area",3,"Flu ED visits pct",2026-03-28,"quantile",0.95,4.30711911911912
2026-03-07,"triad-area",3,"Flu ED visits pct",2026-03-28,"quantile",0.975,5.07136111111111
2026-03-07,"utah",0,"Flu ED visits pct",2026-03-07,"quantile",0.025,0
2026-03-07,"utah",0,"Flu ED visits pct",2026-03-07,"quantile",0.05,0.9475
2026-03-07,"utah",0,"Flu ED visits pct",2026-03-07,"quantile",0.1,1.4
2026-03-07,"utah",0,"Flu ED visits pct",2026-03-07,"quantile",0.25,1.9175
2026-03-07,"utah",0,"Flu ED visits pct",2026-03-07,"quantile",0.5,1.99
2026-03-07,"utah",0,"Flu ED visits pct",2026-03-07,"quantile",0.75,2.0625
2026-03-07,"utah",0,"Flu ED visits pct",2026-03-07,"quantile",0.9,2.58
2026-03-07,"utah",0,"Flu ED visits pct",2026-03-07,"quantile",0.95,3.0325
2026-03-07,"utah",0,"Flu ED visits pct",2026-03-07,"quantile",0.975,3.98625
2026-03-07,"utah",1,"Flu ED visits pct",2026-03-14,"quantile",0.025,0
2026-03-07,"utah",1,"Flu ED visits pct",2026-03-14,"quantile",0.05,0.0994004004004006
2026-03-07,"utah",1,"Flu ED visits pct",2026-03-14,"quantile",0.1,0.970171171171171
2026-03-07,"utah",1,"Flu ED visits pct",2026-03-14,"quantile",0.25,1.75387637637638
2026-03-07,"utah",1,"Flu ED visits pct",2026-03-14,"quantile",0.5,1.99
2026-03-07,"utah",1,"Flu ED visits pct",2026-03-14,"quantile",0.75,2.23483983983984
2026-03-07,"utah",1,"Flu ED visits pct",2026-03-14,"quantile",0.9,3.01216916916917
2026-03-07,"utah",1,"Flu ED visits pct",2026-03-14,"quantile",0.95,4.01156106106106
2026-03-07,"utah",1,"Flu ED visits pct",2026-03-14,"quantile",0.975,4.57560060060059
2026-03-07,"utah",2,"Flu ED visits pct",2026-03-21,"quantile",0.025,0
2026-03-07,"utah",2,"Flu ED visits pct",2026-03-21,"quantile",0.05,0
2026-03-07,"utah",2,"Flu ED visits pct",2026-03-21,"quantile",0.1,0.553726726726726
2026-03-07,"utah",2,"Flu ED visits pct",2026-03-21,"quantile",0.25,1.52565065065065
2026-03-07,"utah",2,"Flu ED visits pct",2026-03-21,"quantile",0.5,1.99
2026-03-07,"utah",2,"Flu ED visits pct",2026-03-21,"quantile",0.75,2.45108608608609
2026-03-07,"utah",2,"Flu ED visits pct",2026-03-21,"quantile",0.9,3.48926326326326
2026-03-07,"utah",2,"Flu ED visits pct",2026-03-21,"quantile",0.95,4.36433033033033
2026-03-07,"utah",2,"Flu ED visits pct",2026-03-21,"quantile",0.975,4.98888013013013
2026-03-07,"utah",3,"Flu ED visits pct",2026-03-28,"quantile",0.025,0
2026-03-07,"utah",3,"Flu ED visits pct",2026-03-28,"quantile",0.05,0
2026-03-07,"utah",3,"Flu ED visits pct",2026-03-28,"quantile",0.1,0.266415415415415
2026-03-07,"utah",3,"Flu ED visits pct",2026-03-28,"quantile",0.25,1.35785785785786
2026-03-07,"utah",3,"Flu ED visits pct",2026-03-28,"quantile",0.5,1.99
2026-03-07,"utah",3,"Flu ED visits pct",2026-03-28,"quantile",0.75,2.60299049049049
2026-03-07,"utah",3,"Flu ED visits pct",2026-03-28,"quantile",0.9,3.86955355355356
2026-03-07,"utah",3,"Flu ED visits pct",2026-03-28,"quantile",0.95,4.63297347347347
2026-03-07,"utah",3,"Flu ED visits pct",2026-03-28,"quantile",0.975,5.50952327327327
2026-03-07,"virginia",0,"Flu ED visits pct",2026-03-07,"quantile",0.025,0
2026-03-07,"virginia",0,"Flu ED visits pct",2026-03-07,"quantile",0.05,0.8025
2026-03-07,"virginia",0,"Flu ED visits pct",2026-03-07,"quantile",0.1,1.655
2026-03-07,"virginia",0,"Flu ED visits pct",2026-03-07,"quantile",0.25,2.26
2026-03-07,"virginia",0,"Flu ED visits pct",2026-03-07,"quantile",0.5,2.33
2026-03-07,"virginia",0,"Flu ED visits pct",2026-03-07,"quantile",0.75,2.4
2026-03-07,"virginia",0,"Flu ED visits pct",2026-03-07,"quantile",0.9,3.005
2026-03-07,"virginia",0,"Flu ED visits pct",2026-03-07,"quantile",0.95,3.8575
2026-03-07,"virginia",0,"Flu ED visits pct",2026-03-07,"quantile",0.975,4.665
2026-03-07,"virginia",1,"Flu ED visits pct",2026-03-14,"quantile",0.025,0
2026-03-07,"virginia",1,"Flu ED visits pct",2026-03-14,"quantile",0.05,0.193771271271272
2026-03-07,"virginia",1,"Flu ED visits pct",2026-03-14,"quantile",0.1,0.875339339339339
2026-03-07,"virginia",1,"Flu ED visits pct",2026-03-14,"quantile",0.25,2.00072072072072
2026-03-07,"virginia",1,"Flu ED visits pct",2026-03-14,"quantile",0.5,2.33
2026-03-07,"virginia",1,"Flu ED visits pct",2026-03-14,"quantile",0.75,2.70065315315315
2026-03-07,"virginia",1,"Flu ED visits pct",2026-03-14,"quantile",0.9,3.74182282282282
2026-03-07,"virginia",1,"Flu ED visits pct",2026-03-14,"quantile",0.95,4.51860710710709
2026-03-07,"virginia",1,"Flu ED visits pct",2026-03-14,"quantile",0.975,5.12213938938939
2026-03-07,"virginia",2,"Flu ED visits pct",2026-03-21,"quantile",0.025,0
2026-03-07,"virginia",2,"Flu ED visits pct",2026-03-21,"quantile",0.05,0
2026-03-07,"virginia",2,"Flu ED visits pct",2026-03-21,"quantile",0.1,0.587246246246246
2026-03-07,"virginia",2,"Flu ED visits pct",2026-03-21,"quantile",0.25,1.68271021021021
2026-03-07,"virginia",2,"Flu ED visits pct",2026-03-21,"quantile",0.5,2.33
2026-03-07,"virginia",2,"Flu ED visits pct",2026-03-21,"quantile",0.75,2.94255505505506
2026-03-07,"virginia",2,"Flu ED visits pct",2026-03-21,"quantile",0.9,4.17071871871872
2026-03-07,"virginia",2,"Flu ED visits pct",2026-03-21,"quantile",0.95,4.86731181181181
2026-03-07,"virginia",2,"Flu ED visits pct",2026-03-21,"quantile",0.975,5.62265365365365
2026-03-07,"virginia",3,"Flu ED visits pct",2026-03-28,"quantile",0.025,0
2026-03-07,"virginia",3,"Flu ED visits pct",2026-03-28,"quantile",0.05,0
2026-03-07,"virginia",3,"Flu ED visits pct",2026-03-28,"quantile",0.1,0.126629629629631
2026-03-07,"virginia",3,"Flu ED visits pct",2026-03-28,"quantile",0.25,1.46373873873874
2026-03-07,"virginia",3,"Flu ED visits pct",2026-03-28,"quantile",0.5,2.33
2026-03-07,"virginia",3,"Flu ED visits pct",2026-03-28,"quantile",0.75,3.13028778778779
2026-03-07,"virginia",3,"Flu ED visits pct",2026-03-28,"quantile",0.9,4.36472672672673
2026-03-07,"virginia",3,"Flu ED visits pct",2026-03-28,"quantile",0.95,5.22615065065065
2026-03-07,"virginia",3,"Flu ED visits pct",2026-03-28,"quantile",0.975,6.33351876876877
2026-03-07,"weld",0,"Flu ED visits pct",2026-03-07,"quantile",0.025,0.20625
2026-03-07,"weld",0,"Flu ED visits pct",2026-03-07,"quantile",0.05,1.105
2026-03-07,"weld",0,"Flu ED visits pct",2026-03-07,"quantile",0.1,1.765
2026-03-07,"weld",0,"Flu ED visits pct",2026-03-07,"quantile",0.25,2.45
2026-03-07,"weld",0,"Flu ED visits pct",2026-03-07,"quantile",0.5,2.6
2026-03-07,"weld",0,"Flu ED visits pct",2026-03-07,"quantile",0.75,2.75
2026-03-07,"weld",0,"Flu ED visits pct",2026-03-07,"quantile",0.9,3.435
2026-03-07,"weld",0,"Flu ED visits pct",2026-03-07,"quantile",0.95,4.095
2026-03-07,"weld",0,"Flu ED visits pct",2026-03-07,"quantile",0.975,4.99375
2026-03-07,"weld",1,"Flu ED visits pct",2026-03-14,"quantile",0.025,0
2026-03-07,"weld",1,"Flu ED visits pct",2026-03-14,"quantile",0.05,0.231513013013013
2026-03-07,"weld",1,"Flu ED visits pct",2026-03-14,"quantile",0.1,1.11028428428428
2026-03-07,"weld",1,"Flu ED visits pct",2026-03-14,"quantile",0.25,2.1060960960961
2026-03-07,"weld",1,"Flu ED visits pct",2026-03-14,"quantile",0.5,2.6
2026-03-07,"weld",1,"Flu ED visits pct",2026-03-14,"quantile",0.75,3.10073573573574
2026-03-07,"weld",1,"Flu ED visits pct",2026-03-14,"quantile",0.9,4.0795975975976
2026-03-07,"weld",1,"Flu ED visits pct",2026-03-14,"quantile",0.95,5.01596146146146
2026-03-07,"weld",1,"Flu ED visits pct",2026-03-14,"quantile",0.975,5.67949349349349
2026-03-07,"weld",2,"Flu ED visits pct",2026-03-21,"quantile",0.025,0
2026-03-07,"weld",2,"Flu ED visits pct",2026-03-21,"quantile",0.05,0
2026-03-07,"weld",2,"Flu ED visits pct",2026-03-21,"quantile",0.1,0.496661661661661
2026-03-07,"weld",2,"Flu ED visits pct",2026-03-21,"quantile",0.25,1.83945445445445
2026-03-07,"weld",2,"Flu ED visits pct",2026-03-21,"quantile",0.5,2.6
2026-03-07,"weld",2,"Flu ED visits pct",2026-03-21,"quantile",0.75,3.38463463463463
2026-03-07,"weld",2,"Flu ED visits pct",2026-03-21,"quantile",0.9,4.60629329329329
2026-03-07,"weld",2,"Flu ED visits pct",2026-03-21,"quantile",0.95,5.34097597597597
2026-03-07,"weld",2,"Flu ED visits pct",2026-03-21,"quantile",0.975,6.20971796796796
2026-03-07,"weld",3,"Flu ED visits pct",2026-03-28,"quantile",0.025,0
2026-03-07,"weld",3,"Flu ED visits pct",2026-03-28,"quantile",0.05,0
2026-03-07,"weld",3,"Flu ED visits pct",2026-03-28,"quantile",0.1,0.197706706706707
2026-03-07,"weld",3,"Flu ED visits pct",2026-03-28,"quantile",0.25,1.57186936936937
2026-03-07,"weld",3,"Flu ED visits pct",2026-03-28,"quantile",0.5,2.6
2026-03-07,"weld",3,"Flu ED visits pct",2026-03-28,"quantile",0.75,3.55181931931932
2026-03-07,"weld",3,"Flu ED visits pct",2026-03-28,"quantile",0.9,4.87538338338338
2026-03-07,"weld",3,"Flu ED visits pct",2026-03-28,"quantile",0.95,5.72418368368368
2026-03-07,"weld",3,"Flu ED visits pct",2026-03-28,"quantile",0.975,6.30441216216216
2026-03-07,"wnc",0,"Flu ED visits pct",2026-03-07,"quantile",0.025,0.87775
2026-03-07,"wnc",0,"Flu ED visits pct",2026-03-07,"quantile",0.05,1.44367467467467
2026-03-07,"wnc",0,"Flu ED visits pct",2026-03-07,"quantile",0.1,1.77909009009009
2026-03-07,"wnc",0,"Flu ED visits pct",2026-03-07,"quantile",0.25,1.99
2026-03-07,"wnc",0,"Flu ED visits pct",2026-03-07,"quantile",0.5,2.04
2026-03-07,"wnc",0,"Flu ED visits pct",2026-03-07,"quantile",0.75,2.09
2026-03-07,"wnc",0,"Flu ED visits pct",2026-03-07,"quantile",0.9,2.30090990990991
2026-03-07,"wnc",0,"Flu ED visits pct",2026-03-07,"quantile",0.95,2.63632532532532
2026-03-07,"wnc",0,"Flu ED visits pct",2026-03-07,"quantile",0.975,3.20225
2026-03-07,"wnc",1,"Flu ED visits pct",2026-03-14,"quantile",0.025,0.186656406406406
2026-03-07,"wnc",1,"Flu ED visits pct",2026-03-14,"quantile",0.05,0.846491491491492
2026-03-07,"wnc",1,"Flu ED visits pct",2026-03-14,"quantile",0.1,1.448
2026-03-07,"wnc",1,"Flu ED visits pct",2026-03-14,"quantile",0.25,1.91
2026-03-07,"wnc",1,"Flu ED visits pct",2026-03-14,"quantile",0.5,2.04
2026-03-07,"wnc",1,"Flu ED visits pct",2026-03-14,"quantile",0.75,2.18
2026-03-07,"wnc",1,"Flu ED visits pct",2026-03-14,"quantile",0.9,2.65565765765766
2026-03-07,"wnc",1,"Flu ED visits pct",2026-03-14,"quantile",0.95,3.19713913913914
2026-03-07,"wnc",1,"Flu ED visits pct",2026-03-14,"quantile",0.975,3.87331231231231
2026-03-07,"wnc",2,"Flu ED visits pct",2026-03-21,"quantile",0.025,0
2026-03-07,"wnc",2,"Flu ED visits pct",2026-03-21,"quantile",0.05,0.591154154154155
2026-03-07,"wnc",2,"Flu ED visits pct",2026-03-21,"quantile",0.1,1.20288288288288
2026-03-07,"wnc",2,"Flu ED visits pct",2026-03-21,"quantile",0.25,1.82995745745746
2026-03-07,"wnc",2,"Flu ED visits pct",2026-03-21,"quantile",0.5,2.04
2026-03-07,"wnc",2,"Flu ED visits pct",2026-03-21,"quantile",0.75,2.27450950950951
2026-03-07,"wnc",2,"Flu ED visits pct",2026-03-21,"quantile",0.9,2.95550950950951
2026-03-07,"wnc",2,"Flu ED visits pct",2026-03-21,"quantile",0.95,3.6077032032032
2026-03-07,"wnc",2,"Flu ED visits pct",2026-03-21,"quantile",0.975,4.37811186186187
2026-03-07,"wnc",3,"Flu ED visits pct",2026-03-28,"quantile",0.025,0
2026-03-07,"wnc",3,"Flu ED visits pct",2026-03-28,"quantile",0.05,0.245072072072072
2026-03-07,"wnc",3,"Flu ED visits pct",2026-03-28,"quantile",0.1,0.961576576576577
2026-03-07,"wnc",3,"Flu ED visits pct",2026-03-28,"quantile",0.25,1.70087087087087
2026-03-07,"wnc",3,"Flu ED visits pct",2026-03-28,"quantile",0.5,2.04
2026-03-07,"wnc",3,"Flu ED visits pct",2026-03-28,"quantile",0.75,2.37
2026-03-07,"wnc",3,"Flu ED visits pct",2026-03-28,"quantile",0.9,3.13159459459459
2026-03-07,"wnc",3,"Flu ED visits pct",2026-03-28,"quantile",0.95,3.98304304304305
2026-03-07,"wnc",3,"Flu ED visits pct",2026-03-28,"quantile",0.975,4.85102802802803
2026-03-07,"worcester",0,"Flu ED visits pct",2026-03-07,"quantile",0.025,0
2026-03-07,"worcester",0,"Flu ED visits pct",2026-03-07,"quantile",0.05,0.259999999999999
2026-03-07,"worcester",0,"Flu ED visits pct",2026-03-07,"quantile",0.1,0.885
2026-03-07,"worcester",0,"Flu ED visits pct",2026-03-07,"quantile",0.25,1.4975
2026-03-07,"worcester",0,"Flu ED visits pct",2026-03-07,"quantile",0.5,1.58
2026-03-07,"worcester",0,"Flu ED visits pct",2026-03-07,"quantile",0.75,1.6625
2026-03-07,"worcester",0,"Flu ED visits pct",2026-03-07,"quantile",0.9,2.275
2026-03-07,"worcester",0,"Flu ED visits pct",2026-03-07,"quantile",0.95,2.9
2026-03-07,"worcester",0,"Flu ED visits pct",2026-03-07,"quantile",0.975,3.5225
2026-03-07,"worcester",1,"Flu ED visits pct",2026-03-14,"quantile",0.025,0
2026-03-07,"worcester",1,"Flu ED visits pct",2026-03-14,"quantile",0.05,0
2026-03-07,"worcester",1,"Flu ED visits pct",2026-03-14,"quantile",0.1,0.329256256256257
2026-03-07,"worcester",1,"Flu ED visits pct",2026-03-14,"quantile",0.25,1.25435185185185
2026-03-07,"worcester",1,"Flu ED visits pct",2026-03-14,"quantile",0.5,1.58
2026-03-07,"worcester",1,"Flu ED visits pct",2026-03-14,"quantile",0.75,1.90568568568569
2026-03-07,"worcester",1,"Flu ED visits pct",2026-03-14,"quantile",0.9,2.77643443443443
2026-03-07,"worcester",1,"Flu ED visits pct",2026-03-14,"quantile",0.95,3.41862312312312
2026-03-07,"worcester",1,"Flu ED visits pct",2026-03-14,"quantile",0.975,4.16059159159158
2026-03-07,"worcester",2,"Flu ED visits pct",2026-03-21,"quantile",0.025,0
2026-03-07,"worcester",2,"Flu ED visits pct",2026-03-21,"quantile",0.05,0
2026-03-07,"worcester",2,"Flu ED visits pct",2026-03-21,"quantile",0.1,0
2026-03-07,"worcester",2,"Flu ED visits pct",2026-03-21,"quantile",0.25,1.07931431431431
2026-03-07,"worcester",2,"Flu ED visits pct",2026-03-21,"quantile",0.5,1.58
2026-03-07,"worcester",2,"Flu ED visits pct",2026-03-21,"quantile",0.75,2.0925
2026-03-07,"worcester",2,"Flu ED visits pct",2026-03-21,"quantile",0.9,3.17552052052052
2026-03-07,"worcester",2,"Flu ED visits pct",2026-03-21,"quantile",0.95,3.95606206206205
2026-03-07,"worcester",2,"Flu ED visits pct",2026-03-21,"quantile",0.975,4.67319794794794
2026-03-07,"worcester",3,"Flu ED visits pct",2026-03-28,"quantile",0.025,0
2026-03-07,"worcester",3,"Flu ED visits pct",2026-03-28,"quantile",0.05,0
2026-03-07,"worcester",3,"Flu ED visits pct",2026-03-28,"quantile",0.1,0
2026-03-07,"worcester",3,"Flu ED visits pct",2026-03-28,"quantile",0.25,0.820375375375375
2026-03-07,"worcester",3,"Flu ED visits pct",2026-03-28,"quantile",0.5,1.58
2026-03-07,"worcester",3,"Flu ED visits pct",2026-03-28,"quantile",0.75,2.30796796796797
2026-03-07,"worcester",3,"Flu ED visits pct",2026-03-28,"quantile",0.9,3.46787387387387
2026-03-07,"worcester",3,"Flu ED visits pct",2026-03-28,"quantile",0.95,4.50053053053053
2026-03-07,"worcester",3,"Flu ED visits pct",2026-03-28,"quantile",0.975,5.18949349349349
