"reference_date","location","horizon","target","target_end_date","output_type","output_type_id","value"
2026-02-28,"athens",0,"Flu ED visits pct",2026-02-28,"quantile",0.025,0
2026-02-28,"athens",0,"Flu ED visits pct",2026-02-28,"quantile",0.05,0.8
2026-02-28,"athens",0,"Flu ED visits pct",2026-02-28,"quantile",0.1,1.72996396396396
2026-02-28,"athens",0,"Flu ED visits pct",2026-02-28,"quantile",0.25,2.45
2026-02-28,"athens",0,"Flu ED visits pct",2026-02-28,"quantile",0.5,2.56
2026-02-28,"athens",0,"Flu ED visits pct",2026-02-28,"quantile",0.75,2.67
2026-02-28,"athens",0,"Flu ED visits pct",2026-02-28,"quantile",0.9,3.39003603603604
2026-02-28,"athens",0,"Flu ED visits pct",2026-02-28,"quantile",0.95,4.32
2026-02-28,"athens",0,"Flu ED visits pct",2026-02-28,"quantile",0.975,6.19875
2026-02-28,"athens",1,"Flu ED visits pct",2026-03-07,"quantile",0.025,0
2026-02-28,"athens",1,"Flu ED visits pct",2026-03-07,"quantile",0.05,0
2026-02-28,"athens",1,"Flu ED visits pct",2026-03-07,"quantile",0.1,0.981665665665666
2026-02-28,"athens",1,"Flu ED visits pct",2026-03-07,"quantile",0.25,2.21446446446447
2026-02-28,"athens",1,"Flu ED visits pct",2026-03-07,"quantile",0.5,2.56
2026-02-28,"athens",1,"Flu ED visits pct",2026-03-07,"quantile",0.75,2.95294544544545
2026-02-28,"athens",1,"Flu ED visits pct",2026-03-07,"quantile",0.9,4.18011411411412
2026-02-28,"athens",1,"Flu ED visits pct",2026-03-07,"quantile",0.95,6.28435835835836
2026-02-28,"athens",1,"Flu ED visits pct",2026-03-07,"quantile",0.975,6.90492042042042
2026-02-28,"athens",2,"Flu ED visits pct",2026-03-14,"quantile",0.025,0
2026-02-28,"athens",2,"Flu ED visits pct",2026-03-14,"quantile",0.05,0
2026-02-28,"athens",2,"Flu ED visits pct",2026-03-14,"quantile",0.1,0.120927927927928
2026-02-28,"athens",2,"Flu ED visits pct",2026-03-14,"quantile",0.25,1.83543293293293
2026-02-28,"athens",2,"Flu ED visits pct",2026-03-14,"quantile",0.5,2.56
2026-02-28,"athens",2,"Flu ED visits pct",2026-03-14,"quantile",0.75,3.26616116116116
2026-02-28,"athens",2,"Flu ED visits pct",2026-03-14,"quantile",0.9,5.17470570570571
2026-02-28,"athens",2,"Flu ED visits pct",2026-03-14,"quantile",0.95,6.57321121121121
2026-02-28,"athens",2,"Flu ED visits pct",2026-03-14,"quantile",0.975,7.88594444444444
2026-02-28,"athens",3,"Flu ED visits pct",2026-03-21,"quantile",0.025,0
2026-02-28,"athens",3,"Flu ED visits pct",2026-03-21,"quantile",0.05,0
2026-02-28,"athens",3,"Flu ED visits pct",2026-03-21,"quantile",0.1,0
2026-02-28,"athens",3,"Flu ED visits pct",2026-03-21,"quantile",0.25,1.58274524524525
2026-02-28,"athens",3,"Flu ED visits pct",2026-03-21,"quantile",0.5,2.56
2026-02-28,"athens",3,"Flu ED visits pct",2026-03-21,"quantile",0.75,3.5808983983984
2026-02-28,"athens",3,"Flu ED visits pct",2026-03-21,"quantile",0.9,6.06321621621622
2026-02-28,"athens",3,"Flu ED visits pct",2026-03-21,"quantile",0.95,7.10325475475475
2026-02-28,"athens",3,"Flu ED visits pct",2026-03-21,"quantile",0.975,8.51733233233231
2026-02-28,"austin",0,"Flu ED visits pct",2026-02-28,"quantile",0.025,1.85375
2026-02-28,"austin",0,"Flu ED visits pct",2026-02-28,"quantile",0.05,2.316
2026-02-28,"austin",0,"Flu ED visits pct",2026-02-28,"quantile",0.1,2.90296396396396
2026-02-28,"austin",0,"Flu ED visits pct",2026-02-28,"quantile",0.25,3.39
2026-02-28,"austin",0,"Flu ED visits pct",2026-02-28,"quantile",0.5,3.5
2026-02-28,"austin",0,"Flu ED visits pct",2026-02-28,"quantile",0.75,3.61
2026-02-28,"austin",0,"Flu ED visits pct",2026-02-28,"quantile",0.9,4.09703603603604
2026-02-28,"austin",0,"Flu ED visits pct",2026-02-28,"quantile",0.95,4.684
2026-02-28,"austin",0,"Flu ED visits pct",2026-02-28,"quantile",0.975,5.14625
2026-02-28,"austin",1,"Flu ED visits pct",2026-03-07,"quantile",0.025,1.05043518518519
2026-02-28,"austin",1,"Flu ED visits pct",2026-03-07,"quantile",0.05,1.81717867867868
2026-02-28,"austin",1,"Flu ED visits pct",2026-03-07,"quantile",0.1,2.3905055055055
2026-02-28,"austin",1,"Flu ED visits pct",2026-03-07,"quantile",0.25,3.22
2026-02-28,"austin",1,"Flu ED visits pct",2026-03-07,"quantile",0.5,3.5
2026-02-28,"austin",1,"Flu ED visits pct",2026-03-07,"quantile",0.75,3.83857357357357
2026-02-28,"austin",1,"Flu ED visits pct",2026-03-07,"quantile",0.9,4.68046346346346
2026-02-28,"austin",1,"Flu ED visits pct",2026-03-07,"quantile",0.95,5.20988938938939
2026-02-28,"austin",1,"Flu ED visits pct",2026-03-07,"quantile",0.975,6.03744269269269
2026-02-28,"austin",2,"Flu ED visits pct",2026-03-14,"quantile",0.025,0.748153903903903
2026-02-28,"austin",2,"Flu ED visits pct",2026-03-14,"quantile",0.05,1.35316566566567
2026-02-28,"austin",2,"Flu ED visits pct",2026-03-14,"quantile",0.1,2.18636636636637
2026-02-28,"austin",2,"Flu ED visits pct",2026-03-14,"quantile",0.25,3.03028778778779
2026-02-28,"austin",2,"Flu ED visits pct",2026-03-14,"quantile",0.5,3.5
2026-02-28,"austin",2,"Flu ED visits pct",2026-03-14,"quantile",0.75,4.03013763763764
2026-02-28,"austin",2,"Flu ED visits pct",2026-03-14,"quantile",0.9,4.89074574574575
2026-02-28,"austin",2,"Flu ED visits pct",2026-03-14,"quantile",0.95,5.77751551551552
2026-02-28,"austin",2,"Flu ED visits pct",2026-03-14,"quantile",0.975,6.40389814814815
2026-02-28,"austin",3,"Flu ED visits pct",2026-03-21,"quantile",0.025,0.425936186186186
2026-02-28,"austin",3,"Flu ED visits pct",2026-03-21,"quantile",0.05,0.913533533533533
2026-02-28,"austin",3,"Flu ED visits pct",2026-03-21,"quantile",0.1,1.8437947947948
2026-02-28,"austin",3,"Flu ED visits pct",2026-03-21,"quantile",0.25,2.82966966966967
2026-02-28,"austin",3,"Flu ED visits pct",2026-03-21,"quantile",0.5,3.5
2026-02-28,"austin",3,"Flu ED visits pct",2026-03-21,"quantile",0.75,4.18296046046046
2026-02-28,"austin",3,"Flu ED visits pct",2026-03-21,"quantile",0.9,5.251995995996
2026-02-28,"austin",3,"Flu ED visits pct",2026-03-21,"quantile",0.95,6.08292492492492
2026-02-28,"austin",3,"Flu ED visits pct",2026-03-21,"quantile",0.975,6.65082007007007
2026-02-28,"baltimore",0,"Flu ED visits pct",2026-02-28,"quantile",0.025,0
2026-02-28,"baltimore",0,"Flu ED visits pct",2026-02-28,"quantile",0.05,0
2026-02-28,"baltimore",0,"Flu ED visits pct",2026-02-28,"quantile",0.1,0.10290990990991
2026-02-28,"baltimore",0,"Flu ED visits pct",2026-02-28,"quantile",0.25,0.729962462462462
2026-02-28,"baltimore",0,"Flu ED visits pct",2026-02-28,"quantile",0.5,0.8
2026-02-28,"baltimore",0,"Flu ED visits pct",2026-02-28,"quantile",0.75,0.870037537537538
2026-02-28,"baltimore",0,"Flu ED visits pct",2026-02-28,"quantile",0.9,1.49709009009009
2026-02-28,"baltimore",0,"Flu ED visits pct",2026-02-28,"quantile",0.95,2.271
2026-02-28,"baltimore",0,"Flu ED visits pct",2026-02-28,"quantile",0.975,2.911
2026-02-28,"baltimore",1,"Flu ED visits pct",2026-03-07,"quantile",0.025,0
2026-02-28,"baltimore",1,"Flu ED visits pct",2026-03-07,"quantile",0.05,0
2026-02-28,"baltimore",1,"Flu ED visits pct",2026-03-07,"quantile",0.1,0
2026-02-28,"baltimore",1,"Flu ED visits pct",2026-03-07,"quantile",0.25,0.418490990990991
2026-02-28,"baltimore",1,"Flu ED visits pct",2026-03-07,"quantile",0.5,0.8
2026-02-28,"baltimore",1,"Flu ED visits pct",2026-03-07,"quantile",0.75,1.1875
2026-02-28,"baltimore",1,"Flu ED visits pct",2026-03-07,"quantile",0.9,2.1791971971972
2026-02-28,"baltimore",1,"Flu ED visits pct",2026-03-07,"quantile",0.95,2.86321921921922
2026-02-28,"baltimore",1,"Flu ED visits pct",2026-03-07,"quantile",0.975,3.32854404404404
2026-02-28,"baltimore",2,"Flu ED visits pct",2026-03-14,"quantile",0.025,0
2026-02-28,"baltimore",2,"Flu ED visits pct",2026-03-14,"quantile",0.05,0
2026-02-28,"baltimore",2,"Flu ED visits pct",2026-03-14,"quantile",0.1,0
2026-02-28,"baltimore",2,"Flu ED visits pct",2026-03-14,"quantile",0.25,0.190970970970971
2026-02-28,"baltimore",2,"Flu ED visits pct",2026-03-14,"quantile",0.5,0.8
2026-02-28,"baltimore",2,"Flu ED visits pct",2026-03-14,"quantile",0.75,1.43345595595596
2026-02-28,"baltimore",2,"Flu ED visits pct",2026-03-14,"quantile",0.9,2.59029029029029
2026-02-28,"baltimore",2,"Flu ED visits pct",2026-03-14,"quantile",0.95,3.08002352352352
2026-02-28,"baltimore",2,"Flu ED visits pct",2026-03-14,"quantile",0.975,3.83369169169169
2026-02-28,"baltimore",3,"Flu ED visits pct",2026-03-21,"quantile",0.025,0
2026-02-28,"baltimore",3,"Flu ED visits pct",2026-03-21,"quantile",0.05,0
2026-02-28,"baltimore",3,"Flu ED visits pct",2026-03-21,"quantile",0.1,0
2026-02-28,"baltimore",3,"Flu ED visits pct",2026-03-21,"quantile",0.25,0.00878878878878899
2026-02-28,"baltimore",3,"Flu ED visits pct",2026-03-21,"quantile",0.5,0.8
2026-02-28,"baltimore",3,"Flu ED visits pct",2026-03-21,"quantile",0.75,1.64263263263263
2026-02-28,"baltimore",3,"Flu ED visits pct",2026-03-21,"quantile",0.9,2.76706606606606
2026-02-28,"baltimore",3,"Flu ED visits pct",2026-03-21,"quantile",0.95,3.5822012012012
2026-02-28,"baltimore",3,"Flu ED visits pct",2026-03-21,"quantile",0.975,4.2724084084084
2026-02-28,"bangor",0,"Flu ED visits pct",2026-02-28,"quantile",0.025,0
2026-02-28,"bangor",0,"Flu ED visits pct",2026-02-28,"quantile",0.05,1.0465
2026-02-28,"bangor",0,"Flu ED visits pct",2026-02-28,"quantile",0.1,1.593
2026-02-28,"bangor",0,"Flu ED visits pct",2026-02-28,"quantile",0.25,2
2026-02-28,"bangor",0,"Flu ED visits pct",2026-02-28,"quantile",0.5,2.1
2026-02-28,"bangor",0,"Flu ED visits pct",2026-02-28,"quantile",0.75,2.2
2026-02-28,"bangor",0,"Flu ED visits pct",2026-02-28,"quantile",0.9,2.607
2026-02-28,"bangor",0,"Flu ED visits pct",2026-02-28,"quantile",0.95,3.1535
2026-02-28,"bangor",0,"Flu ED visits pct",2026-02-28,"quantile",0.975,4.4305
2026-02-28,"bangor",1,"Flu ED visits pct",2026-03-07,"quantile",0.025,0
2026-02-28,"bangor",1,"Flu ED visits pct",2026-03-07,"quantile",0.05,0
2026-02-28,"bangor",1,"Flu ED visits pct",2026-03-07,"quantile",0.1,1.05946046046046
2026-02-28,"bangor",1,"Flu ED visits pct",2026-03-07,"quantile",0.25,1.81242242242242
2026-02-28,"bangor",1,"Flu ED visits pct",2026-03-07,"quantile",0.5,2.1
2026-02-28,"bangor",1,"Flu ED visits pct",2026-03-07,"quantile",0.75,2.4323998998999
2026-02-28,"bangor",1,"Flu ED visits pct",2026-03-07,"quantile",0.9,3.16322022022022
2026-02-28,"bangor",1,"Flu ED visits pct",2026-03-07,"quantile",0.95,4.35607557557557
2026-02-28,"bangor",1,"Flu ED visits pct",2026-03-07,"quantile",0.975,5.5456634134134
2026-02-28,"bangor",2,"Flu ED visits pct",2026-03-14,"quantile",0.025,0
2026-02-28,"bangor",2,"Flu ED visits pct",2026-03-14,"quantile",0.05,0
2026-02-28,"bangor",2,"Flu ED visits pct",2026-03-14,"quantile",0.1,0.379083083083083
2026-02-28,"bangor",2,"Flu ED visits pct",2026-03-14,"quantile",0.25,1.57
2026-02-28,"bangor",2,"Flu ED visits pct",2026-03-14,"quantile",0.5,2.1
2026-02-28,"bangor",2,"Flu ED visits pct",2026-03-14,"quantile",0.75,2.60051301301301
2026-02-28,"bangor",2,"Flu ED visits pct",2026-03-14,"quantile",0.9,3.83946846846847
2026-02-28,"bangor",2,"Flu ED visits pct",2026-03-14,"quantile",0.95,5.1764019019019
2026-02-28,"bangor",2,"Flu ED visits pct",2026-03-14,"quantile",0.975,5.78942942942943
2026-02-28,"bangor",3,"Flu ED visits pct",2026-03-21,"quantile",0.025,0
2026-02-28,"bangor",3,"Flu ED visits pct",2026-03-21,"quantile",0.05,0
2026-02-28,"bangor",3,"Flu ED visits pct",2026-03-21,"quantile",0.1,0
2026-02-28,"bangor",3,"Flu ED visits pct",2026-03-21,"quantile",0.25,1.37507507507507
2026-02-28,"bangor",3,"Flu ED visits pct",2026-03-21,"quantile",0.5,2.1
2026-02-28,"bangor",3,"Flu ED visits pct",2026-03-21,"quantile",0.75,2.77256756756757
2026-02-28,"bangor",3,"Flu ED visits pct",2026-03-21,"quantile",0.9,4.32344144144144
2026-02-28,"bangor",3,"Flu ED visits pct",2026-03-21,"quantile",0.95,5.58339889889889
2026-02-28,"bangor",3,"Flu ED visits pct",2026-03-21,"quantile",0.975,6.14648523523523
2026-02-28,"beaumont",0,"Flu ED visits pct",2026-02-28,"quantile",0.025,0
2026-02-28,"beaumont",0,"Flu ED visits pct",2026-02-28,"quantile",0.05,0.0385
2026-02-28,"beaumont",0,"Flu ED visits pct",2026-02-28,"quantile",0.1,0.888036036036036
2026-02-28,"beaumont",0,"Flu ED visits pct",2026-02-28,"quantile",0.25,1.70253753753754
2026-02-28,"beaumont",0,"Flu ED visits pct",2026-02-28,"quantile",0.5,1.85
2026-02-28,"beaumont",0,"Flu ED visits pct",2026-02-28,"quantile",0.75,1.99746246246246
2026-02-28,"beaumont",0,"Flu ED visits pct",2026-02-28,"quantile",0.9,2.81196396396396
2026-02-28,"beaumont",0,"Flu ED visits pct",2026-02-28,"quantile",0.95,3.6615
2026-02-28,"beaumont",0,"Flu ED visits pct",2026-02-28,"quantile",0.975,4.23625
2026-02-28,"beaumont",1,"Flu ED visits pct",2026-03-07,"quantile",0.025,0
2026-02-28,"beaumont",1,"Flu ED visits pct",2026-03-07,"quantile",0.05,0
2026-02-28,"beaumont",1,"Flu ED visits pct",2026-03-07,"quantile",0.1,0.195246246246246
2026-02-28,"beaumont",1,"Flu ED visits pct",2026-03-07,"quantile",0.25,1.47029029029029
2026-02-28,"beaumont",1,"Flu ED visits pct",2026-03-07,"quantile",0.5,1.85
2026-02-28,"beaumont",1,"Flu ED visits pct",2026-03-07,"quantile",0.75,2.2807007007007
2026-02-28,"beaumont",1,"Flu ED visits pct",2026-03-07,"quantile",0.9,3.51060960960961
2026-02-28,"beaumont",1,"Flu ED visits pct",2026-03-07,"quantile",0.95,4.26158258258258
2026-02-28,"beaumont",1,"Flu ED visits pct",2026-03-07,"quantile",0.975,4.8902002002002
2026-02-28,"beaumont",2,"Flu ED visits pct",2026-03-14,"quantile",0.025,0
2026-02-28,"beaumont",2,"Flu ED visits pct",2026-03-14,"quantile",0.05,0
2026-02-28,"beaumont",2,"Flu ED visits pct",2026-03-14,"quantile",0.1,0
2026-02-28,"beaumont",2,"Flu ED visits pct",2026-03-14,"quantile",0.25,1.16333833833834
2026-02-28,"beaumont",2,"Flu ED visits pct",2026-03-14,"quantile",0.5,1.85
2026-02-28,"beaumont",2,"Flu ED visits pct",2026-03-14,"quantile",0.75,2.61820820820821
2026-02-28,"beaumont",2,"Flu ED visits pct",2026-03-14,"quantile",0.9,4.02527127127127
2026-02-28,"beaumont",2,"Flu ED visits pct",2026-03-14,"quantile",0.95,4.71027777777778
2026-02-28,"beaumont",2,"Flu ED visits pct",2026-03-14,"quantile",0.975,6.2635065065065
2026-02-28,"beaumont",3,"Flu ED visits pct",2026-03-21,"quantile",0.025,0
2026-02-28,"beaumont",3,"Flu ED visits pct",2026-03-21,"quantile",0.05,0
2026-02-28,"beaumont",3,"Flu ED visits pct",2026-03-21,"quantile",0.1,0
2026-02-28,"beaumont",3,"Flu ED visits pct",2026-03-21,"quantile",0.25,0.938345845845846
2026-02-28,"beaumont",3,"Flu ED visits pct",2026-03-21,"quantile",0.5,1.85
2026-02-28,"beaumont",3,"Flu ED visits pct",2026-03-21,"quantile",0.75,2.90226976976977
2026-02-28,"beaumont",3,"Flu ED visits pct",2026-03-21,"quantile",0.9,4.42083483483483
2026-02-28,"beaumont",3,"Flu ED visits pct",2026-03-21,"quantile",0.95,5.22006306306308
2026-02-28,"beaumont",3,"Flu ED visits pct",2026-03-21,"quantile",0.975,6.54565865865866
2026-02-28,"boston",0,"Flu ED visits pct",2026-02-28,"quantile",0.025,0.1095
2026-02-28,"boston",0,"Flu ED visits pct",2026-02-28,"quantile",0.05,0.5445
2026-02-28,"boston",0,"Flu ED visits pct",2026-02-28,"quantile",0.1,1.24590990990991
2026-02-28,"boston",0,"Flu ED visits pct",2026-02-28,"quantile",0.25,1.64
2026-02-28,"boston",0,"Flu ED visits pct",2026-02-28,"quantile",0.5,1.69
2026-02-28,"boston",0,"Flu ED visits pct",2026-02-28,"quantile",0.75,1.74
2026-02-28,"boston",0,"Flu ED visits pct",2026-02-28,"quantile",0.9,2.13409009009009
2026-02-28,"boston",0,"Flu ED visits pct",2026-02-28,"quantile",0.95,2.8355
2026-02-28,"boston",0,"Flu ED visits pct",2026-02-28,"quantile",0.975,3.2705
2026-02-28,"boston",1,"Flu ED visits pct",2026-03-07,"quantile",0.025,0
2026-02-28,"boston",1,"Flu ED visits pct",2026-03-07,"quantile",0.05,0.00489739739739755
2026-02-28,"boston",1,"Flu ED visits pct",2026-03-07,"quantile",0.1,0.634245245245246
2026-02-28,"boston",1,"Flu ED visits pct",2026-03-07,"quantile",0.25,1.46765765765766
2026-02-28,"boston",1,"Flu ED visits pct",2026-03-07,"quantile",0.5,1.69
2026-02-28,"boston",1,"Flu ED visits pct",2026-03-07,"quantile",0.75,1.92
2026-02-28,"boston",1,"Flu ED visits pct",2026-03-07,"quantile",0.9,2.75588588588589
2026-02-28,"boston",1,"Flu ED visits pct",2026-03-07,"quantile",0.95,3.32931281281281
2026-02-28,"boston",1,"Flu ED visits pct",2026-03-07,"quantile",0.975,3.94442142142142
2026-02-28,"boston",2,"Flu ED visits pct",2026-03-14,"quantile",0.025,0
2026-02-28,"boston",2,"Flu ED visits pct",2026-03-14,"quantile",0.05,0
2026-02-28,"boston",2,"Flu ED visits pct",2026-03-14,"quantile",0.1,0.227477477477478
2026-02-28,"boston",2,"Flu ED visits pct",2026-03-14,"quantile",0.25,1.24856356356356
2026-02-28,"boston",2,"Flu ED visits pct",2026-03-14,"quantile",0.5,1.69
2026-02-28,"boston",2,"Flu ED visits pct",2026-03-14,"quantile",0.75,2.07242742742743
2026-02-28,"boston",2,"Flu ED visits pct",2026-03-14,"quantile",0.9,3.11345845845846
2026-02-28,"boston",2,"Flu ED visits pct",2026-03-14,"quantile",0.95,3.77441291291291
2026-02-28,"boston",2,"Flu ED visits pct",2026-03-14,"quantile",0.975,4.26621146146146
2026-02-28,"boston",3,"Flu ED visits pct",2026-03-21,"quantile",0.025,0
2026-02-28,"boston",3,"Flu ED visits pct",2026-03-21,"quantile",0.05,0
2026-02-28,"boston",3,"Flu ED visits pct",2026-03-21,"quantile",0.1,0.0395485485485475
2026-02-28,"boston",3,"Flu ED visits pct",2026-03-21,"quantile",0.25,1.04087337337337
2026-02-28,"boston",3,"Flu ED visits pct",2026-03-21,"quantile",0.5,1.69
2026-02-28,"boston",3,"Flu ED visits pct",2026-03-21,"quantile",0.75,2.38162162162162
2026-02-28,"boston",3,"Flu ED visits pct",2026-03-21,"quantile",0.9,3.29823423423423
2026-02-28,"boston",3,"Flu ED visits pct",2026-03-21,"quantile",0.95,3.96766916916917
2026-02-28,"boston",3,"Flu ED visits pct",2026-03-21,"quantile",0.975,4.55991416416416
2026-02-28,"boulder",0,"Flu ED visits pct",2026-02-28,"quantile",0.025,2.30925
2026-02-28,"boulder",0,"Flu ED visits pct",2026-02-28,"quantile",0.05,2.98
2026-02-28,"boulder",0,"Flu ED visits pct",2026-02-28,"quantile",0.1,3.44905405405405
2026-02-28,"boulder",0,"Flu ED visits pct",2026-02-28,"quantile",0.25,3.93253753753754
2026-02-28,"boulder",0,"Flu ED visits pct",2026-02-28,"quantile",0.5,4.1
2026-02-28,"boulder",0,"Flu ED visits pct",2026-02-28,"quantile",0.75,4.26746246246246
2026-02-28,"boulder",0,"Flu ED visits pct",2026-02-28,"quantile",0.9,4.75094594594595
2026-02-28,"boulder",0,"Flu ED visits pct",2026-02-28,"quantile",0.95,5.22
2026-02-28,"boulder",0,"Flu ED visits pct",2026-02-28,"quantile",0.975,5.89075
2026-02-28,"boulder",1,"Flu ED visits pct",2026-03-07,"quantile",0.025,1.63589464464464
2026-02-28,"boulder",1,"Flu ED visits pct",2026-03-07,"quantile",0.05,2.17551001001001
2026-02-28,"boulder",1,"Flu ED visits pct",2026-03-07,"quantile",0.1,2.99306006006006
2026-02-28,"boulder",1,"Flu ED visits pct",2026-03-07,"quantile",0.25,3.73001251251251
2026-02-28,"boulder",1,"Flu ED visits pct",2026-03-07,"quantile",0.5,4.1
2026-02-28,"boulder",1,"Flu ED visits pct",2026-03-07,"quantile",0.75,4.49876626626627
2026-02-28,"boulder",1,"Flu ED visits pct",2026-03-07,"quantile",0.9,5.17919319319319
2026-02-28,"boulder",1,"Flu ED visits pct",2026-03-07,"quantile",0.95,5.77355905905905
2026-02-28,"boulder",1,"Flu ED visits pct",2026-03-07,"quantile",0.975,6.54568593593593
2026-02-28,"boulder",2,"Flu ED visits pct",2026-03-14,"quantile",0.025,1.5155497997998
2026-02-28,"boulder",2,"Flu ED visits pct",2026-03-14,"quantile",0.05,1.79618068068068
2026-02-28,"boulder",2,"Flu ED visits pct",2026-03-14,"quantile",0.1,2.56916916916917
2026-02-28,"boulder",2,"Flu ED visits pct",2026-03-14,"quantile",0.25,3.52524024024024
2026-02-28,"boulder",2,"Flu ED visits pct",2026-03-14,"quantile",0.5,4.1
2026-02-28,"boulder",2,"Flu ED visits pct",2026-03-14,"quantile",0.75,4.6783008008008
2026-02-28,"boulder",2,"Flu ED visits pct",2026-03-14,"quantile",0.9,5.52806106106106
2026-02-28,"boulder",2,"Flu ED visits pct",2026-03-14,"quantile",0.95,6.34198748748749
2026-02-28,"boulder",2,"Flu ED visits pct",2026-03-14,"quantile",0.975,6.80953578578579
2026-02-28,"boulder",3,"Flu ED visits pct",2026-03-21,"quantile",0.025,1.07652652652653
2026-02-28,"boulder",3,"Flu ED visits pct",2026-03-21,"quantile",0.05,1.49095695695696
2026-02-28,"boulder",3,"Flu ED visits pct",2026-03-21,"quantile",0.1,2.19953553553554
2026-02-28,"boulder",3,"Flu ED visits pct",2026-03-21,"quantile",0.25,3.32495245245245
2026-02-28,"boulder",3,"Flu ED visits pct",2026-03-21,"quantile",0.5,4.1
2026-02-28,"boulder",3,"Flu ED visits pct",2026-03-21,"quantile",0.75,4.85724974974975
2026-02-28,"boulder",3,"Flu ED visits pct",2026-03-21,"quantile",0.9,5.78572172172172
2026-02-28,"boulder",3,"Flu ED visits pct",2026-03-21,"quantile",0.95,6.68626776776776
2026-02-28,"boulder",3,"Flu ED visits pct",2026-03-21,"quantile",0.975,7.05012462462463
2026-02-28,"charleston",0,"Flu ED visits pct",2026-02-28,"quantile",0.025,0.896749999999999
2026-02-28,"charleston",0,"Flu ED visits pct",2026-02-28,"quantile",0.05,2.0495
2026-02-28,"charleston",0,"Flu ED visits pct",2026-02-28,"quantile",0.1,2.79601801801802
2026-02-28,"charleston",0,"Flu ED visits pct",2026-02-28,"quantile",0.25,3.26
2026-02-28,"charleston",0,"Flu ED visits pct",2026-02-28,"quantile",0.5,3.36
2026-02-28,"charleston",0,"Flu ED visits pct",2026-02-28,"quantile",0.75,3.46
2026-02-28,"charleston",0,"Flu ED visits pct",2026-02-28,"quantile",0.9,3.92398198198198
2026-02-28,"charleston",0,"Flu ED visits pct",2026-02-28,"quantile",0.95,4.6705
2026-02-28,"charleston",0,"Flu ED visits pct",2026-02-28,"quantile",0.975,5.82325
2026-02-28,"charleston",1,"Flu ED visits pct",2026-03-07,"quantile",0.025,0.341446696696697
2026-02-28,"charleston",1,"Flu ED visits pct",2026-03-07,"quantile",0.05,1.03259009009009
2026-02-28,"charleston",1,"Flu ED visits pct",2026-03-07,"quantile",0.1,2.15176276276276
2026-02-28,"charleston",1,"Flu ED visits pct",2026-03-07,"quantile",0.25,3.11280780780781
2026-02-28,"charleston",1,"Flu ED visits pct",2026-03-07,"quantile",0.5,3.36
2026-02-28,"charleston",1,"Flu ED visits pct",2026-03-07,"quantile",0.75,3.66022272272272
2026-02-28,"charleston",1,"Flu ED visits pct",2026-03-07,"quantile",0.9,4.56089289289289
2026-02-28,"charleston",1,"Flu ED visits pct",2026-03-07,"quantile",0.95,5.91921271271271
2026-02-28,"charleston",1,"Flu ED visits pct",2026-03-07,"quantile",0.975,6.37650950950951
2026-02-28,"charleston",2,"Flu ED visits pct",2026-03-14,"quantile",0.025,0.0615462962962967
2026-02-28,"charleston",2,"Flu ED visits pct",2026-03-14,"quantile",0.05,0.580246746746746
2026-02-28,"charleston",2,"Flu ED visits pct",2026-03-14,"quantile",0.1,1.66192992992993
2026-02-28,"charleston",2,"Flu ED visits pct",2026-03-14,"quantile",0.25,2.84972222222222
2026-02-28,"charleston",2,"Flu ED visits pct",2026-03-14,"quantile",0.5,3.36
2026-02-28,"charleston",2,"Flu ED visits pct",2026-03-14,"quantile",0.75,3.85730980980981
2026-02-28,"charleston",2,"Flu ED visits pct",2026-03-14,"quantile",0.9,5.33590590590591
2026-02-28,"charleston",2,"Flu ED visits pct",2026-03-14,"quantile",0.95,6.25863863863864
2026-02-28,"charleston",2,"Flu ED visits pct",2026-03-14,"quantile",0.975,6.61070545545546
2026-02-28,"charleston",3,"Flu ED visits pct",2026-03-21,"quantile",0.025,0
2026-02-28,"charleston",3,"Flu ED visits pct",2026-03-21,"quantile",0.05,0.317810810810811
2026-02-28,"charleston",3,"Flu ED visits pct",2026-03-21,"quantile",0.1,1.1614954954955
2026-02-28,"charleston",3,"Flu ED visits pct",2026-03-21,"quantile",0.25,2.60352602602603
2026-02-28,"charleston",3,"Flu ED visits pct",2026-03-21,"quantile",0.5,3.36
2026-02-28,"charleston",3,"Flu ED visits pct",2026-03-21,"quantile",0.75,4.09501751751752
2026-02-28,"charleston",3,"Flu ED visits pct",2026-03-21,"quantile",0.9,5.73958258258258
2026-02-28,"charleston",3,"Flu ED visits pct",2026-03-21,"quantile",0.95,6.47238038038038
2026-02-28,"charleston",3,"Flu ED visits pct",2026-03-21,"quantile",0.975,6.95460410410411
2026-02-28,"cherokee",0,"Flu ED visits pct",2026-02-28,"quantile",0.025,0.255588588588588
2026-02-28,"cherokee",0,"Flu ED visits pct",2026-02-28,"quantile",0.05,1.699
2026-02-28,"cherokee",0,"Flu ED visits pct",2026-02-28,"quantile",0.1,2.72428828828829
2026-02-28,"cherokee",0,"Flu ED visits pct",2026-02-28,"quantile",0.25,3.53996246246246
2026-02-28,"cherokee",0,"Flu ED visits pct",2026-02-28,"quantile",0.5,3.69
2026-02-28,"cherokee",0,"Flu ED visits pct",2026-02-28,"quantile",0.75,3.84003753753754
2026-02-28,"cherokee",0,"Flu ED visits pct",2026-02-28,"quantile",0.9,4.65571171171171
2026-02-28,"cherokee",0,"Flu ED visits pct",2026-02-28,"quantile",0.95,5.681
2026-02-28,"cherokee",0,"Flu ED visits pct",2026-02-28,"quantile",0.975,7.12625000000002
2026-02-28,"cherokee",1,"Flu ED visits pct",2026-03-07,"quantile",0.025,0
2026-02-28,"cherokee",1,"Flu ED visits pct",2026-03-07,"quantile",0.05,0.665979979979979
2026-02-28,"cherokee",1,"Flu ED visits pct",2026-03-07,"quantile",0.1,1.8152032032032
2026-02-28,"cherokee",1,"Flu ED visits pct",2026-03-07,"quantile",0.25,3.35672422422422
2026-02-28,"cherokee",1,"Flu ED visits pct",2026-03-07,"quantile",0.5,3.69
2026-02-28,"cherokee",1,"Flu ED visits pct",2026-03-07,"quantile",0.75,4.08768518518518
2026-02-28,"cherokee",1,"Flu ED visits pct",2026-03-07,"quantile",0.9,5.56825025025025
2026-02-28,"cherokee",1,"Flu ED visits pct",2026-03-07,"quantile",0.95,6.87275625625625
2026-02-28,"cherokee",1,"Flu ED visits pct",2026-03-07,"quantile",0.975,8.64668918918919
2026-02-28,"cherokee",2,"Flu ED visits pct",2026-03-14,"quantile",0.025,0
2026-02-28,"cherokee",2,"Flu ED visits pct",2026-03-14,"quantile",0.05,0
2026-02-28,"cherokee",2,"Flu ED visits pct",2026-03-14,"quantile",0.1,1.20022322322322
2026-02-28,"cherokee",2,"Flu ED visits pct",2026-03-14,"quantile",0.25,2.84067067067067
2026-02-28,"cherokee",2,"Flu ED visits pct",2026-03-14,"quantile",0.5,3.69
2026-02-28,"cherokee",2,"Flu ED visits pct",2026-03-14,"quantile",0.75,4.5351026026026
2026-02-28,"cherokee",2,"Flu ED visits pct",2026-03-14,"quantile",0.9,6.17547247247247
2026-02-28,"cherokee",2,"Flu ED visits pct",2026-03-14,"quantile",0.95,8.58694444444444
2026-02-28,"cherokee",2,"Flu ED visits pct",2026-03-14,"quantile",0.975,9.91667867867867
2026-02-28,"cherokee",3,"Flu ED visits pct",2026-03-21,"quantile",0.025,0
2026-02-28,"cherokee",3,"Flu ED visits pct",2026-03-21,"quantile",0.05,0
2026-02-28,"cherokee",3,"Flu ED visits pct",2026-03-21,"quantile",0.1,0.4914994994995
2026-02-28,"cherokee",3,"Flu ED visits pct",2026-03-21,"quantile",0.25,2.45147897897898
2026-02-28,"cherokee",3,"Flu ED visits pct",2026-03-21,"quantile",0.5,3.69
2026-02-28,"cherokee",3,"Flu ED visits pct",2026-03-21,"quantile",0.75,4.93396896896897
2026-02-28,"cherokee",3,"Flu ED visits pct",2026-03-21,"quantile",0.9,6.89658158158158
2026-02-28,"cherokee",3,"Flu ED visits pct",2026-03-21,"quantile",0.95,8.95064314314314
2026-02-28,"cherokee",3,"Flu ED visits pct",2026-03-21,"quantile",0.975,10.4428673673674
2026-02-28,"clt-area",0,"Flu ED visits pct",2026-02-28,"quantile",0.025,2.78452927927928
2026-02-28,"clt-area",0,"Flu ED visits pct",2026-02-28,"quantile",0.05,3.31132882882883
2026-02-28,"clt-area",0,"Flu ED visits pct",2026-02-28,"quantile",0.1,3.70610810810811
2026-02-28,"clt-area",0,"Flu ED visits pct",2026-02-28,"quantile",0.25,3.92
2026-02-28,"clt-area",0,"Flu ED visits pct",2026-02-28,"quantile",0.5,3.97
2026-02-28,"clt-area",0,"Flu ED visits pct",2026-02-28,"quantile",0.75,4.02
2026-02-28,"clt-area",0,"Flu ED visits pct",2026-02-28,"quantile",0.9,4.23389189189189
2026-02-28,"clt-area",0,"Flu ED visits pct",2026-02-28,"quantile",0.95,4.62867117117117
2026-02-28,"clt-area",0,"Flu ED visits pct",2026-02-28,"quantile",0.975,5.15547072072072
2026-02-28,"clt-area",1,"Flu ED visits pct",2026-03-07,"quantile",0.025,1.74557882882883
2026-02-28,"clt-area",1,"Flu ED visits pct",2026-03-07,"quantile",0.05,2.7951966966967
2026-02-28,"clt-area",1,"Flu ED visits pct",2026-03-07,"quantile",0.1,3.38205405405405
2026-02-28,"clt-area",1,"Flu ED visits pct",2026-03-07,"quantile",0.25,3.82
2026-02-28,"clt-area",1,"Flu ED visits pct",2026-03-07,"quantile",0.5,3.97
2026-02-28,"clt-area",1,"Flu ED visits pct",2026-03-07,"quantile",0.75,4.09
2026-02-28,"clt-area",1,"Flu ED visits pct",2026-03-07,"quantile",0.9,4.6156996996997
2026-02-28,"clt-area",1,"Flu ED visits pct",2026-03-07,"quantile",0.95,5.2561951951952
2026-02-28,"clt-area",1,"Flu ED visits pct",2026-03-07,"quantile",0.975,6.19715090090089
2026-02-28,"clt-area",2,"Flu ED visits pct",2026-03-14,"quantile",0.025,0.961964714714716
2026-02-28,"clt-area",2,"Flu ED visits pct",2026-03-14,"quantile",0.05,2.23417267267267
2026-02-28,"clt-area",2,"Flu ED visits pct",2026-03-14,"quantile",0.1,3.01305405405405
2026-02-28,"clt-area",2,"Flu ED visits pct",2026-03-14,"quantile",0.25,3.70240990990991
2026-02-28,"clt-area",2,"Flu ED visits pct",2026-03-14,"quantile",0.5,3.97
2026-02-28,"clt-area",2,"Flu ED visits pct",2026-03-14,"quantile",0.75,4.25
2026-02-28,"clt-area",2,"Flu ED visits pct",2026-03-14,"quantile",0.9,4.93681381381382
2026-02-28,"clt-area",2,"Flu ED visits pct",2026-03-14,"quantile",0.95,5.75771021021021
2026-02-28,"clt-area",2,"Flu ED visits pct",2026-03-14,"quantile",0.975,7.04921096096098
2026-02-28,"clt-area",3,"Flu ED visits pct",2026-03-21,"quantile",0.025,0.681997747747749
2026-02-28,"clt-area",3,"Flu ED visits pct",2026-03-21,"quantile",0.05,1.83155405405406
2026-02-28,"clt-area",3,"Flu ED visits pct",2026-03-21,"quantile",0.1,2.81563063063063
2026-02-28,"clt-area",3,"Flu ED visits pct",2026-03-21,"quantile",0.25,3.57713213213213
2026-02-28,"clt-area",3,"Flu ED visits pct",2026-03-21,"quantile",0.5,3.97
2026-02-28,"clt-area",3,"Flu ED visits pct",2026-03-21,"quantile",0.75,4.32855105105105
2026-02-28,"clt-area",3,"Flu ED visits pct",2026-03-21,"quantile",0.9,5.10263663663664
2026-02-28,"clt-area",3,"Flu ED visits pct",2026-03-21,"quantile",0.95,5.99194144144144
2026-02-28,"clt-area",3,"Flu ED visits pct",2026-03-21,"quantile",0.975,7.27566066066066
2026-02-28,"colorado",0,"Flu ED visits pct",2026-02-28,"quantile",0.025,0.86425
2026-02-28,"colorado",0,"Flu ED visits pct",2026-02-28,"quantile",0.05,1.466
2026-02-28,"colorado",0,"Flu ED visits pct",2026-02-28,"quantile",0.1,1.82992792792793
2026-02-28,"colorado",0,"Flu ED visits pct",2026-02-28,"quantile",0.25,2.21
2026-02-28,"colorado",0,"Flu ED visits pct",2026-02-28,"quantile",0.5,2.27
2026-02-28,"colorado",0,"Flu ED visits pct",2026-02-28,"quantile",0.75,2.33
2026-02-28,"colorado",0,"Flu ED visits pct",2026-02-28,"quantile",0.9,2.71007207207207
2026-02-28,"colorado",0,"Flu ED visits pct",2026-02-28,"quantile",0.95,3.074
2026-02-28,"colorado",0,"Flu ED visits pct",2026-02-28,"quantile",0.975,3.67575
2026-02-28,"colorado",1,"Flu ED visits pct",2026-03-07,"quantile",0.025,0.351563063063062
2026-02-28,"colorado",1,"Flu ED visits pct",2026-03-07,"quantile",0.05,0.855016516516516
2026-02-28,"colorado",1,"Flu ED visits pct",2026-03-07,"quantile",0.1,1.54845245245245
2026-02-28,"colorado",1,"Flu ED visits pct",2026-03-07,"quantile",0.25,2.00322822822823
2026-02-28,"colorado",1,"Flu ED visits pct",2026-03-07,"quantile",0.5,2.27
2026-02-28,"colorado",1,"Flu ED visits pct",2026-03-07,"quantile",0.75,2.50268268268268
2026-02-28,"colorado",1,"Flu ED visits pct",2026-03-07,"quantile",0.9,3.02816216216216
2026-02-28,"colorado",1,"Flu ED visits pct",2026-03-07,"quantile",0.95,3.671
2026-02-28,"colorado",1,"Flu ED visits pct",2026-03-07,"quantile",0.975,4.24975900900901
2026-02-28,"colorado",2,"Flu ED visits pct",2026-03-14,"quantile",0.025,0.0480375375375377
2026-02-28,"colorado",2,"Flu ED visits pct",2026-03-14,"quantile",0.05,0.602627127127127
2026-02-28,"colorado",2,"Flu ED visits pct",2026-03-14,"quantile",0.1,1.10158858858859
2026-02-28,"colorado",2,"Flu ED visits pct",2026-03-14,"quantile",0.25,1.84921921921922
2026-02-28,"colorado",2,"Flu ED visits pct",2026-03-14,"quantile",0.5,2.27
2026-02-28,"colorado",2,"Flu ED visits pct",2026-03-14,"quantile",0.75,2.67774774774775
2026-02-28,"colorado",2,"Flu ED visits pct",2026-03-14,"quantile",0.9,3.41259359359359
2026-02-28,"colorado",2,"Flu ED visits pct",2026-03-14,"quantile",0.95,3.97206806806807
2026-02-28,"colorado",2,"Flu ED visits pct",2026-03-14,"quantile",0.975,4.57956731731732
2026-02-28,"colorado",3,"Flu ED visits pct",2026-03-21,"quantile",0.025,0
2026-02-28,"colorado",3,"Flu ED visits pct",2026-03-21,"quantile",0.05,0.323790790790792
2026-02-28,"colorado",3,"Flu ED visits pct",2026-03-21,"quantile",0.1,0.858479479479479
2026-02-28,"colorado",3,"Flu ED visits pct",2026-03-21,"quantile",0.25,1.80073823823824
2026-02-28,"colorado",3,"Flu ED visits pct",2026-03-21,"quantile",0.5,2.27
2026-02-28,"colorado",3,"Flu ED visits pct",2026-03-21,"quantile",0.75,2.77614114114114
2026-02-28,"colorado",3,"Flu ED visits pct",2026-03-21,"quantile",0.9,3.72283983983984
2026-02-28,"colorado",3,"Flu ED visits pct",2026-03-21,"quantile",0.95,4.37416666666666
2026-02-28,"colorado",3,"Flu ED visits pct",2026-03-21,"quantile",0.975,4.87269394394394
2026-02-28,"colorado-springs",0,"Flu ED visits pct",2026-02-28,"quantile",0.025,1.39
2026-02-28,"colorado-springs",0,"Flu ED visits pct",2026-02-28,"quantile",0.05,1.8595
2026-02-28,"colorado-springs",0,"Flu ED visits pct",2026-02-28,"quantile",0.1,2.08601801801802
2026-02-28,"colorado-springs",0,"Flu ED visits pct",2026-02-28,"quantile",0.25,2.54
2026-02-28,"colorado-springs",0,"Flu ED visits pct",2026-02-28,"quantile",0.5,2.62
2026-02-28,"colorado-springs",0,"Flu ED visits pct",2026-02-28,"quantile",0.75,2.7
2026-02-28,"colorado-springs",0,"Flu ED visits pct",2026-02-28,"quantile",0.9,3.15398198198198
2026-02-28,"colorado-springs",0,"Flu ED visits pct",2026-02-28,"quantile",0.95,3.3805
2026-02-28,"colorado-springs",0,"Flu ED visits pct",2026-02-28,"quantile",0.975,3.85
2026-02-28,"colorado-springs",1,"Flu ED visits pct",2026-03-07,"quantile",0.025,0.730900650650651
2026-02-28,"colorado-springs",1,"Flu ED visits pct",2026-03-07,"quantile",0.05,1.38501751751752
2026-02-28,"colorado-springs",1,"Flu ED visits pct",2026-03-07,"quantile",0.1,1.84970870870871
2026-02-28,"colorado-springs",1,"Flu ED visits pct",2026-03-07,"quantile",0.25,2.34681931931932
2026-02-28,"colorado-springs",1,"Flu ED visits pct",2026-03-07,"quantile",0.5,2.62
2026-02-28,"colorado-springs",1,"Flu ED visits pct",2026-03-07,"quantile",0.75,2.88193443443443
2026-02-28,"colorado-springs",1,"Flu ED visits pct",2026-03-07,"quantile",0.9,3.4000990990991
2026-02-28,"colorado-springs",1,"Flu ED visits pct",2026-03-07,"quantile",0.95,3.84165165165165
2026-02-28,"colorado-springs",1,"Flu ED visits pct",2026-03-07,"quantile",0.975,4.57389914914915
2026-02-28,"colorado-springs",2,"Flu ED visits pct",2026-03-14,"quantile",0.025,0.168078828828829
2026-02-28,"colorado-springs",2,"Flu ED visits pct",2026-03-14,"quantile",0.05,0.955155155155155
2026-02-28,"colorado-springs",2,"Flu ED visits pct",2026-03-14,"quantile",0.1,1.51485585585586
2026-02-28,"colorado-springs",2,"Flu ED visits pct",2026-03-14,"quantile",0.25,2.17695195195195
2026-02-28,"colorado-springs",2,"Flu ED visits pct",2026-03-14,"quantile",0.5,2.62
2026-02-28,"colorado-springs",2,"Flu ED visits pct",2026-03-14,"quantile",0.75,3.07174674674675
2026-02-28,"colorado-springs",2,"Flu ED visits pct",2026-03-14,"quantile",0.9,3.69408508508509
2026-02-28,"colorado-springs",2,"Flu ED visits pct",2026-03-14,"quantile",0.95,4.20174374374374
2026-02-28,"colorado-springs",2,"Flu ED visits pct",2026-03-14,"quantile",0.975,4.92114114114113
2026-02-28,"colorado-springs",3,"Flu ED visits pct",2026-03-21,"quantile",0.025,0
2026-02-28,"colorado-springs",3,"Flu ED visits pct",2026-03-21,"quantile",0.05,0.681895395395395
2026-02-28,"colorado-springs",3,"Flu ED visits pct",2026-03-21,"quantile",0.1,1.36588388388388
2026-02-28,"colorado-springs",3,"Flu ED visits pct",2026-03-21,"quantile",0.25,2.07442192192192
2026-02-28,"colorado-springs",3,"Flu ED visits pct",2026-03-21,"quantile",0.5,2.62
2026-02-28,"colorado-springs",3,"Flu ED visits pct",2026-03-21,"quantile",0.75,3.22838588588589
2026-02-28,"colorado-springs",3,"Flu ED visits pct",2026-03-21,"quantile",0.9,3.91157657657658
2026-02-28,"colorado-springs",3,"Flu ED visits pct",2026-03-21,"quantile",0.95,4.6653988988989
2026-02-28,"colorado-springs",3,"Flu ED visits pct",2026-03-21,"quantile",0.975,5.49973648648648
2026-02-28,"columbia",0,"Flu ED visits pct",2026-02-28,"quantile",0.025,0
2026-02-28,"columbia",0,"Flu ED visits pct",2026-02-28,"quantile",0.05,1.04
2026-02-28,"columbia",0,"Flu ED visits pct",2026-02-28,"quantile",0.1,2.14996396396396
2026-02-28,"columbia",0,"Flu ED visits pct",2026-02-28,"quantile",0.25,2.94253753753754
2026-02-28,"columbia",0,"Flu ED visits pct",2026-02-28,"quantile",0.5,3.05
2026-02-28,"columbia",0,"Flu ED visits pct",2026-02-28,"quantile",0.75,3.15746246246246
2026-02-28,"columbia",0,"Flu ED visits pct",2026-02-28,"quantile",0.9,3.95003603603604
2026-02-28,"columbia",0,"Flu ED visits pct",2026-02-28,"quantile",0.95,5.06
2026-02-28,"columbia",0,"Flu ED visits pct",2026-02-28,"quantile",0.975,6.34650000000001
2026-02-28,"columbia",1,"Flu ED visits pct",2026-03-07,"quantile",0.025,0
2026-02-28,"columbia",1,"Flu ED visits pct",2026-03-07,"quantile",0.05,0
2026-02-28,"columbia",1,"Flu ED visits pct",2026-03-07,"quantile",0.1,1.18112912912913
2026-02-28,"columbia",1,"Flu ED visits pct",2026-03-07,"quantile",0.25,2.6801001001001
2026-02-28,"columbia",1,"Flu ED visits pct",2026-03-07,"quantile",0.5,3.05
2026-02-28,"columbia",1,"Flu ED visits pct",2026-03-07,"quantile",0.75,3.46476226226226
2026-02-28,"columbia",1,"Flu ED visits pct",2026-03-07,"quantile",0.9,4.91012712712713
2026-02-28,"columbia",1,"Flu ED visits pct",2026-03-07,"quantile",0.95,6.28635685685686
2026-02-28,"columbia",1,"Flu ED visits pct",2026-03-07,"quantile",0.975,7.09812787787788
2026-02-28,"columbia",2,"Flu ED visits pct",2026-03-14,"quantile",0.025,0
2026-02-28,"columbia",2,"Flu ED visits pct",2026-03-14,"quantile",0.05,0
2026-02-28,"columbia",2,"Flu ED visits pct",2026-03-14,"quantile",0.1,0.320618618618618
2026-02-28,"columbia",2,"Flu ED visits pct",2026-03-14,"quantile",0.25,2.31455705705706
2026-02-28,"columbia",2,"Flu ED visits pct",2026-03-14,"quantile",0.5,3.05
2026-02-28,"columbia",2,"Flu ED visits pct",2026-03-14,"quantile",0.75,3.88201701701702
2026-02-28,"columbia",2,"Flu ED visits pct",2026-03-14,"quantile",0.9,5.48047747747748
2026-02-28,"columbia",2,"Flu ED visits pct",2026-03-14,"quantile",0.95,6.99662962962963
2026-02-28,"columbia",2,"Flu ED visits pct",2026-03-14,"quantile",0.975,8.17458933933934
2026-02-28,"columbia",3,"Flu ED visits pct",2026-03-21,"quantile",0.025,0
2026-02-28,"columbia",3,"Flu ED visits pct",2026-03-21,"quantile",0.05,0
2026-02-28,"columbia",3,"Flu ED visits pct",2026-03-21,"quantile",0.1,0
2026-02-28,"columbia",3,"Flu ED visits pct",2026-03-21,"quantile",0.25,2.00557307307307
2026-02-28,"columbia",3,"Flu ED visits pct",2026-03-21,"quantile",0.5,3.05
2026-02-28,"columbia",3,"Flu ED visits pct",2026-03-21,"quantile",0.75,4.10152902902903
2026-02-28,"columbia",3,"Flu ED visits pct",2026-03-21,"quantile",0.9,6.12943043043043
2026-02-28,"columbia",3,"Flu ED visits pct",2026-03-21,"quantile",0.95,7.33833433433434
2026-02-28,"columbia",3,"Flu ED visits pct",2026-03-21,"quantile",0.975,8.47461086086086
2026-02-28,"columbus",0,"Flu ED visits pct",2026-02-28,"quantile",0.025,1.83825
2026-02-28,"columbus",0,"Flu ED visits pct",2026-02-28,"quantile",0.05,2.652
2026-02-28,"columbus",0,"Flu ED visits pct",2026-02-28,"quantile",0.1,3.09901801801802
2026-02-28,"columbus",0,"Flu ED visits pct",2026-02-28,"quantile",0.25,3.52
2026-02-28,"columbus",0,"Flu ED visits pct",2026-02-28,"quantile",0.5,3.65
2026-02-28,"columbus",0,"Flu ED visits pct",2026-02-28,"quantile",0.75,3.78
2026-02-28,"columbus",0,"Flu ED visits pct",2026-02-28,"quantile",0.9,4.20098198198198
2026-02-28,"columbus",0,"Flu ED visits pct",2026-02-28,"quantile",0.95,4.648
2026-02-28,"columbus",0,"Flu ED visits pct",2026-02-28,"quantile",0.975,5.46175
2026-02-28,"columbus",1,"Flu ED visits pct",2026-03-07,"quantile",0.025,1.12892767767768
2026-02-28,"columbus",1,"Flu ED visits pct",2026-03-07,"quantile",0.05,1.77557657657658
2026-02-28,"columbus",1,"Flu ED visits pct",2026-03-07,"quantile",0.1,2.62776876876877
2026-02-28,"columbus",1,"Flu ED visits pct",2026-03-07,"quantile",0.25,3.33941441441441
2026-02-28,"columbus",1,"Flu ED visits pct",2026-03-07,"quantile",0.5,3.65
2026-02-28,"columbus",1,"Flu ED visits pct",2026-03-07,"quantile",0.75,3.91827327327327
2026-02-28,"columbus",1,"Flu ED visits pct",2026-03-07,"quantile",0.9,4.66705605605606
2026-02-28,"columbus",1,"Flu ED visits pct",2026-03-07,"quantile",0.95,5.42982382382382
2026-02-28,"columbus",1,"Flu ED visits pct",2026-03-07,"quantile",0.975,6.09082132132132
2026-02-28,"columbus",2,"Flu ED visits pct",2026-03-14,"quantile",0.025,0.793336586586587
2026-02-28,"columbus",2,"Flu ED visits pct",2026-03-14,"quantile",0.05,1.29293793793794
2026-02-28,"columbus",2,"Flu ED visits pct",2026-03-14,"quantile",0.1,2.0405985985986
2026-02-28,"columbus",2,"Flu ED visits pct",2026-03-14,"quantile",0.25,3.20412162162162
2026-02-28,"columbus",2,"Flu ED visits pct",2026-03-14,"quantile",0.5,3.65
2026-02-28,"columbus",2,"Flu ED visits pct",2026-03-14,"quantile",0.75,4.14087587587588
2026-02-28,"columbus",2,"Flu ED visits pct",2026-03-14,"quantile",0.9,5.21332132132131
2026-02-28,"columbus",2,"Flu ED visits pct",2026-03-14,"quantile",0.95,5.91006606606607
2026-02-28,"columbus",2,"Flu ED visits pct",2026-03-14,"quantile",0.975,6.43268918918919
2026-02-28,"columbus",3,"Flu ED visits pct",2026-03-21,"quantile",0.025,0.569973723723724
2026-02-28,"columbus",3,"Flu ED visits pct",2026-03-21,"quantile",0.05,1.12416916916917
2026-02-28,"columbus",3,"Flu ED visits pct",2026-03-21,"quantile",0.1,1.88921121121121
2026-02-28,"columbus",3,"Flu ED visits pct",2026-03-21,"quantile",0.25,3.0356956956957
2026-02-28,"columbus",3,"Flu ED visits pct",2026-03-21,"quantile",0.5,3.65
2026-02-28,"columbus",3,"Flu ED visits pct",2026-03-21,"quantile",0.75,4.32271021021021
2026-02-28,"columbus",3,"Flu ED visits pct",2026-03-21,"quantile",0.9,5.3803963963964
2026-02-28,"columbus",3,"Flu ED visits pct",2026-03-21,"quantile",0.95,6.27136936936937
2026-02-28,"columbus",3,"Flu ED visits pct",2026-03-21,"quantile",0.975,7.11740865865866
2026-02-28,"dallas",0,"Flu ED visits pct",2026-02-28,"quantile",0.025,0.48075
2026-02-28,"dallas",0,"Flu ED visits pct",2026-02-28,"quantile",0.05,1.617
2026-02-28,"dallas",0,"Flu ED visits pct",2026-02-28,"quantile",0.1,2.27498198198198
2026-02-28,"dallas",0,"Flu ED visits pct",2026-02-28,"quantile",0.25,3.06
2026-02-28,"dallas",0,"Flu ED visits pct",2026-02-28,"quantile",0.5,3.13
2026-02-28,"dallas",0,"Flu ED visits pct",2026-02-28,"quantile",0.75,3.2
2026-02-28,"dallas",0,"Flu ED visits pct",2026-02-28,"quantile",0.9,3.98501801801802
2026-02-28,"dallas",0,"Flu ED visits pct",2026-02-28,"quantile",0.95,4.643
2026-02-28,"dallas",0,"Flu ED visits pct",2026-02-28,"quantile",0.975,5.77925
2026-02-28,"dallas",1,"Flu ED visits pct",2026-03-07,"quantile",0.025,0
2026-02-28,"dallas",1,"Flu ED visits pct",2026-03-07,"quantile",0.05,0.55808958958959
2026-02-28,"dallas",1,"Flu ED visits pct",2026-03-07,"quantile",0.1,1.70817117117117
2026-02-28,"dallas",1,"Flu ED visits pct",2026-03-07,"quantile",0.25,2.79602102102102
2026-02-28,"dallas",1,"Flu ED visits pct",2026-03-07,"quantile",0.5,3.13
2026-02-28,"dallas",1,"Flu ED visits pct",2026-03-07,"quantile",0.75,3.49263763763764
2026-02-28,"dallas",1,"Flu ED visits pct",2026-03-07,"quantile",0.9,4.5024974974975
2026-02-28,"dallas",1,"Flu ED visits pct",2026-03-07,"quantile",0.95,5.74797147147147
2026-02-28,"dallas",1,"Flu ED visits pct",2026-03-07,"quantile",0.975,6.39477827827827
2026-02-28,"dallas",2,"Flu ED visits pct",2026-03-14,"quantile",0.025,0
2026-02-28,"dallas",2,"Flu ED visits pct",2026-03-14,"quantile",0.05,0.0327097097097091
2026-02-28,"dallas",2,"Flu ED visits pct",2026-03-14,"quantile",0.1,1.00252652652653
2026-02-28,"dallas",2,"Flu ED visits pct",2026-03-14,"quantile",0.25,2.48385135135135
2026-02-28,"dallas",2,"Flu ED visits pct",2026-03-14,"quantile",0.5,3.13
2026-02-28,"dallas",2,"Flu ED visits pct",2026-03-14,"quantile",0.75,3.85432932932933
2026-02-28,"dallas",2,"Flu ED visits pct",2026-03-14,"quantile",0.9,5.08582882882883
2026-02-28,"dallas",2,"Flu ED visits pct",2026-03-14,"quantile",0.95,6.14091141141141
2026-02-28,"dallas",2,"Flu ED visits pct",2026-03-14,"quantile",0.975,6.90100050050048
2026-02-28,"dallas",3,"Flu ED visits pct",2026-03-21,"quantile",0.025,0
2026-02-28,"dallas",3,"Flu ED visits pct",2026-03-21,"quantile",0.05,0
2026-02-28,"dallas",3,"Flu ED visits pct",2026-03-21,"quantile",0.1,0.651059059059059
2026-02-28,"dallas",3,"Flu ED visits pct",2026-03-21,"quantile",0.25,2.22479229229229
2026-02-28,"dallas",3,"Flu ED visits pct",2026-03-21,"quantile",0.5,3.13
2026-02-28,"dallas",3,"Flu ED visits pct",2026-03-21,"quantile",0.75,4.10985985985986
2026-02-28,"dallas",3,"Flu ED visits pct",2026-03-21,"quantile",0.9,5.49815715715716
2026-02-28,"dallas",3,"Flu ED visits pct",2026-03-21,"quantile",0.95,6.51942492492493
2026-02-28,"dallas",3,"Flu ED visits pct",2026-03-21,"quantile",0.975,7.29899374374374
2026-02-28,"denver",0,"Flu ED visits pct",2026-02-28,"quantile",0.025,0.6255
2026-02-28,"denver",0,"Flu ED visits pct",2026-02-28,"quantile",0.05,1.1995
2026-02-28,"denver",0,"Flu ED visits pct",2026-02-28,"quantile",0.1,1.65505405405405
2026-02-28,"denver",0,"Flu ED visits pct",2026-02-28,"quantile",0.25,2
2026-02-28,"denver",0,"Flu ED visits pct",2026-02-28,"quantile",0.5,2.07
2026-02-28,"denver",0,"Flu ED visits pct",2026-02-28,"quantile",0.75,2.14
2026-02-28,"denver",0,"Flu ED visits pct",2026-02-28,"quantile",0.9,2.48494594594595
2026-02-28,"denver",0,"Flu ED visits pct",2026-02-28,"quantile",0.95,2.9405
2026-02-28,"denver",0,"Flu ED visits pct",2026-02-28,"quantile",0.975,3.5145
2026-02-28,"denver",1,"Flu ED visits pct",2026-03-07,"quantile",0.025,0.28609984984985
2026-02-28,"denver",1,"Flu ED visits pct",2026-03-07,"quantile",0.05,0.60240990990991
2026-02-28,"denver",1,"Flu ED visits pct",2026-03-07,"quantile",0.1,1.25346546546547
2026-02-28,"denver",1,"Flu ED visits pct",2026-03-07,"quantile",0.25,1.84831581581582
2026-02-28,"denver",1,"Flu ED visits pct",2026-03-07,"quantile",0.5,2.07
2026-02-28,"denver",1,"Flu ED visits pct",2026-03-07,"quantile",0.75,2.29504754754755
2026-02-28,"denver",1,"Flu ED visits pct",2026-03-07,"quantile",0.9,2.9018958958959
2026-02-28,"denver",1,"Flu ED visits pct",2026-03-07,"quantile",0.95,3.49493893893894
2026-02-28,"denver",1,"Flu ED visits pct",2026-03-07,"quantile",0.975,3.89206131131131
2026-02-28,"denver",2,"Flu ED visits pct",2026-03-14,"quantile",0.025,0.0105844594594591
2026-02-28,"denver",2,"Flu ED visits pct",2026-03-14,"quantile",0.05,0.374188688688688
2026-02-28,"denver",2,"Flu ED visits pct",2026-03-14,"quantile",0.1,0.931873873873875
2026-02-28,"denver",2,"Flu ED visits pct",2026-03-14,"quantile",0.25,1.71852852852853
2026-02-28,"denver",2,"Flu ED visits pct",2026-03-14,"quantile",0.5,2.07
2026-02-28,"denver",2,"Flu ED visits pct",2026-03-14,"quantile",0.75,2.43831581581582
2026-02-28,"denver",2,"Flu ED visits pct",2026-03-14,"quantile",0.9,3.22218818818819
2026-02-28,"denver",2,"Flu ED visits pct",2026-03-14,"quantile",0.95,3.69448848848849
2026-02-28,"denver",2,"Flu ED visits pct",2026-03-14,"quantile",0.975,4.10239489489489
2026-02-28,"denver",3,"Flu ED visits pct",2026-03-21,"quantile",0.025,0
2026-02-28,"denver",3,"Flu ED visits pct",2026-03-21,"quantile",0.05,0.181380380380381
2026-02-28,"denver",3,"Flu ED visits pct",2026-03-21,"quantile",0.1,0.733384384384383
2026-02-28,"denver",3,"Flu ED visits pct",2026-03-21,"quantile",0.25,1.60919169169169
2026-02-28,"denver",3,"Flu ED visits pct",2026-03-21,"quantile",0.5,2.07
2026-02-28,"denver",3,"Flu ED visits pct",2026-03-21,"quantile",0.75,2.51832082082082
2026-02-28,"denver",3,"Flu ED visits pct",2026-03-21,"quantile",0.9,3.44776376376376
2026-02-28,"denver",3,"Flu ED visits pct",2026-03-21,"quantile",0.95,3.90564264264264
2026-02-28,"denver",3,"Flu ED visits pct",2026-03-21,"quantile",0.975,4.31381806806806
2026-02-28,"deschutes",0,"Flu ED visits pct",2026-02-28,"quantile",0.025,0.95775
2026-02-28,"deschutes",0,"Flu ED visits pct",2026-02-28,"quantile",0.05,1.893
2026-02-28,"deschutes",0,"Flu ED visits pct",2026-02-28,"quantile",0.1,2.47905405405405
2026-02-28,"deschutes",0,"Flu ED visits pct",2026-02-28,"quantile",0.25,2.96253753753754
2026-02-28,"deschutes",0,"Flu ED visits pct",2026-02-28,"quantile",0.5,3.12
2026-02-28,"deschutes",0,"Flu ED visits pct",2026-02-28,"quantile",0.75,3.27746246246246
2026-02-28,"deschutes",0,"Flu ED visits pct",2026-02-28,"quantile",0.9,3.76094594594595
2026-02-28,"deschutes",0,"Flu ED visits pct",2026-02-28,"quantile",0.95,4.347
2026-02-28,"deschutes",0,"Flu ED visits pct",2026-02-28,"quantile",0.975,5.28225
2026-02-28,"deschutes",1,"Flu ED visits pct",2026-03-07,"quantile",0.025,0.324425675675676
2026-02-28,"deschutes",1,"Flu ED visits pct",2026-03-07,"quantile",0.05,1.11608908908909
2026-02-28,"deschutes",1,"Flu ED visits pct",2026-03-07,"quantile",0.1,1.90044144144144
2026-02-28,"deschutes",1,"Flu ED visits pct",2026-03-07,"quantile",0.25,2.78692442442442
2026-02-28,"deschutes",1,"Flu ED visits pct",2026-03-07,"quantile",0.5,3.12
2026-02-28,"deschutes",1,"Flu ED visits pct",2026-03-07,"quantile",0.75,3.49087587587588
2026-02-28,"deschutes",1,"Flu ED visits pct",2026-03-07,"quantile",0.9,4.23575375375375
2026-02-28,"deschutes",1,"Flu ED visits pct",2026-03-07,"quantile",0.95,5.08813563563563
2026-02-28,"deschutes",1,"Flu ED visits pct",2026-03-07,"quantile",0.975,5.92129279279279
2026-02-28,"deschutes",2,"Flu ED visits pct",2026-03-14,"quantile",0.025,0
2026-02-28,"deschutes",2,"Flu ED visits pct",2026-03-14,"quantile",0.05,0.79047947947948
2026-02-28,"deschutes",2,"Flu ED visits pct",2026-03-14,"quantile",0.1,1.54502102102102
2026-02-28,"deschutes",2,"Flu ED visits pct",2026-03-14,"quantile",0.25,2.55815815815816
2026-02-28,"deschutes",2,"Flu ED visits pct",2026-03-14,"quantile",0.5,3.12
2026-02-28,"deschutes",2,"Flu ED visits pct",2026-03-14,"quantile",0.75,3.67237987987988
2026-02-28,"deschutes",2,"Flu ED visits pct",2026-03-14,"quantile",0.9,4.72275175175175
2026-02-28,"deschutes",2,"Flu ED visits pct",2026-03-14,"quantile",0.95,5.6833243243243
2026-02-28,"deschutes",2,"Flu ED visits pct",2026-03-14,"quantile",0.975,6.34097822822823
2026-02-28,"deschutes",3,"Flu ED visits pct",2026-03-21,"quantile",0.025,0
2026-02-28,"deschutes",3,"Flu ED visits pct",2026-03-21,"quantile",0.05,0.363876376376376
2026-02-28,"deschutes",3,"Flu ED visits pct",2026-03-21,"quantile",0.1,1.26569269269269
2026-02-28,"deschutes",3,"Flu ED visits pct",2026-03-21,"quantile",0.25,2.32478228228228
2026-02-28,"deschutes",3,"Flu ED visits pct",2026-03-21,"quantile",0.5,3.12
2026-02-28,"deschutes",3,"Flu ED visits pct",2026-03-21,"quantile",0.75,3.91184684684685
2026-02-28,"deschutes",3,"Flu ED visits pct",2026-03-21,"quantile",0.9,5.15423823823824
2026-02-28,"deschutes",3,"Flu ED visits pct",2026-03-21,"quantile",0.95,5.96248948948949
2026-02-28,"deschutes",3,"Flu ED visits pct",2026-03-21,"quantile",0.975,6.74779804804805
2026-02-28,"duluth",0,"Flu ED visits pct",2026-02-28,"quantile",0.025,0
2026-02-28,"duluth",0,"Flu ED visits pct",2026-02-28,"quantile",0.05,0.9665
2026-02-28,"duluth",0,"Flu ED visits pct",2026-02-28,"quantile",0.1,1.83289189189189
2026-02-28,"duluth",0,"Flu ED visits pct",2026-02-28,"quantile",0.25,2.36253753753754
2026-02-28,"duluth",0,"Flu ED visits pct",2026-02-28,"quantile",0.5,2.45
2026-02-28,"duluth",0,"Flu ED visits pct",2026-02-28,"quantile",0.75,2.53746246246246
2026-02-28,"duluth",0,"Flu ED visits pct",2026-02-28,"quantile",0.9,3.06710810810811
2026-02-28,"duluth",0,"Flu ED visits pct",2026-02-28,"quantile",0.95,3.9335
2026-02-28,"duluth",0,"Flu ED visits pct",2026-02-28,"quantile",0.975,5.17175
2026-02-28,"duluth",1,"Flu ED visits pct",2026-03-07,"quantile",0.025,0
2026-02-28,"duluth",1,"Flu ED visits pct",2026-03-07,"quantile",0.05,0
2026-02-28,"duluth",1,"Flu ED visits pct",2026-03-07,"quantile",0.1,1.10839239239239
2026-02-28,"duluth",1,"Flu ED visits pct",2026-03-07,"quantile",0.25,2.12996496496497
2026-02-28,"duluth",1,"Flu ED visits pct",2026-03-07,"quantile",0.5,2.45
2026-02-28,"duluth",1,"Flu ED visits pct",2026-03-07,"quantile",0.75,2.77251751751752
2026-02-28,"duluth",1,"Flu ED visits pct",2026-03-07,"quantile",0.9,3.88032232232232
2026-02-28,"duluth",1,"Flu ED visits pct",2026-03-07,"quantile",0.95,5.28831281281281
2026-02-28,"duluth",1,"Flu ED visits pct",2026-03-07,"quantile",0.975,5.90129054054054
2026-02-28,"duluth",2,"Flu ED visits pct",2026-03-14,"quantile",0.025,0
2026-02-28,"duluth",2,"Flu ED visits pct",2026-03-14,"quantile",0.05,0
2026-02-28,"duluth",2,"Flu ED visits pct",2026-03-14,"quantile",0.1,0.112212212212213
2026-02-28,"duluth",2,"Flu ED visits pct",2026-03-14,"quantile",0.25,1.89245995995996
2026-02-28,"duluth",2,"Flu ED visits pct",2026-03-14,"quantile",0.5,2.45
2026-02-28,"duluth",2,"Flu ED visits pct",2026-03-14,"quantile",0.75,3.04668168168168
2026-02-28,"duluth",2,"Flu ED visits pct",2026-03-14,"quantile",0.9,4.5802012012012
2026-02-28,"duluth",2,"Flu ED visits pct",2026-03-14,"quantile",0.95,5.61582632632633
2026-02-28,"duluth",2,"Flu ED visits pct",2026-03-14,"quantile",0.975,6.3002052052052
2026-02-28,"duluth",3,"Flu ED visits pct",2026-03-21,"quantile",0.025,0
2026-02-28,"duluth",3,"Flu ED visits pct",2026-03-21,"quantile",0.05,0
2026-02-28,"duluth",3,"Flu ED visits pct",2026-03-21,"quantile",0.1,0
2026-02-28,"duluth",3,"Flu ED visits pct",2026-03-21,"quantile",0.25,1.45956456456456
2026-02-28,"duluth",3,"Flu ED visits pct",2026-03-21,"quantile",0.5,2.45
2026-02-28,"duluth",3,"Flu ED visits pct",2026-03-21,"quantile",0.75,3.27568068068068
2026-02-28,"duluth",3,"Flu ED visits pct",2026-03-21,"quantile",0.9,5.05341241241241
2026-02-28,"duluth",3,"Flu ED visits pct",2026-03-21,"quantile",0.95,6.01891741741741
2026-02-28,"duluth",3,"Flu ED visits pct",2026-03-21,"quantile",0.975,6.7106463963964
2026-02-28,"el-paso",0,"Flu ED visits pct",2026-02-28,"quantile",0.025,0
2026-02-28,"el-paso",0,"Flu ED visits pct",2026-02-28,"quantile",0.05,0.0859999999999996
2026-02-28,"el-paso",0,"Flu ED visits pct",2026-02-28,"quantile",0.1,0.817108108108108
2026-02-28,"el-paso",0,"Flu ED visits pct",2026-02-28,"quantile",0.25,1.25996246246246
2026-02-28,"el-paso",0,"Flu ED visits pct",2026-02-28,"quantile",0.5,1.41
2026-02-28,"el-paso",0,"Flu ED visits pct",2026-02-28,"quantile",0.75,1.56003753753754
2026-02-28,"el-paso",0,"Flu ED visits pct",2026-02-28,"quantile",0.9,2.00289189189189
2026-02-28,"el-paso",0,"Flu ED visits pct",2026-02-28,"quantile",0.95,2.734
2026-02-28,"el-paso",0,"Flu ED visits pct",2026-02-28,"quantile",0.975,4.1105
2026-02-28,"el-paso",1,"Flu ED visits pct",2026-03-07,"quantile",0.025,0
2026-02-28,"el-paso",1,"Flu ED visits pct",2026-03-07,"quantile",0.05,0
2026-02-28,"el-paso",1,"Flu ED visits pct",2026-03-07,"quantile",0.1,0.0944294294294288
2026-02-28,"el-paso",1,"Flu ED visits pct",2026-03-07,"quantile",0.25,1.07417667667668
2026-02-28,"el-paso",1,"Flu ED visits pct",2026-03-07,"quantile",0.5,1.41
2026-02-28,"el-paso",1,"Flu ED visits pct",2026-03-07,"quantile",0.75,1.72792292292292
2026-02-28,"el-paso",1,"Flu ED visits pct",2026-03-07,"quantile",0.9,2.67158858858859
2026-02-28,"el-paso",1,"Flu ED visits pct",2026-03-07,"quantile",0.95,4.08144394394394
2026-02-28,"el-paso",1,"Flu ED visits pct",2026-03-07,"quantile",0.975,6.26357232232232
2026-02-28,"el-paso",2,"Flu ED visits pct",2026-03-14,"quantile",0.025,0
2026-02-28,"el-paso",2,"Flu ED visits pct",2026-03-14,"quantile",0.05,0
2026-02-28,"el-paso",2,"Flu ED visits pct",2026-03-14,"quantile",0.1,0
2026-02-28,"el-paso",2,"Flu ED visits pct",2026-03-14,"quantile",0.25,0.856584084084084
2026-02-28,"el-paso",2,"Flu ED visits pct",2026-03-14,"quantile",0.5,1.41
2026-02-28,"el-paso",2,"Flu ED visits pct",2026-03-14,"quantile",0.75,1.873003003003
2026-02-28,"el-paso",2,"Flu ED visits pct",2026-03-14,"quantile",0.9,3.33127927927928
2026-02-28,"el-paso",2,"Flu ED visits pct",2026-03-14,"quantile",0.95,5.16899949949948
2026-02-28,"el-paso",2,"Flu ED visits pct",2026-03-14,"quantile",0.975,7.2518138138138
2026-02-28,"el-paso",3,"Flu ED visits pct",2026-03-21,"quantile",0.025,0
2026-02-28,"el-paso",3,"Flu ED visits pct",2026-03-21,"quantile",0.05,0
2026-02-28,"el-paso",3,"Flu ED visits pct",2026-03-21,"quantile",0.1,0
2026-02-28,"el-paso",3,"Flu ED visits pct",2026-03-21,"quantile",0.25,0.68023023023023
2026-02-28,"el-paso",3,"Flu ED visits pct",2026-03-21,"quantile",0.5,1.41
2026-02-28,"el-paso",3,"Flu ED visits pct",2026-03-21,"quantile",0.75,2.06022022022022
2026-02-28,"el-paso",3,"Flu ED visits pct",2026-03-21,"quantile",0.9,4.00484184184185
2026-02-28,"el-paso",3,"Flu ED visits pct",2026-03-21,"quantile",0.95,6.54462362362361
2026-02-28,"el-paso",3,"Flu ED visits pct",2026-03-21,"quantile",0.975,8.7426186186186
2026-02-28,"eugene",0,"Flu ED visits pct",2026-02-28,"quantile",0.025,2.42825
2026-02-28,"eugene",0,"Flu ED visits pct",2026-02-28,"quantile",0.05,3.14
2026-02-28,"eugene",0,"Flu ED visits pct",2026-02-28,"quantile",0.1,3.596
2026-02-28,"eugene",0,"Flu ED visits pct",2026-02-28,"quantile",0.25,4
2026-02-28,"eugene",0,"Flu ED visits pct",2026-02-28,"quantile",0.5,4.05
2026-02-28,"eugene",0,"Flu ED visits pct",2026-02-28,"quantile",0.75,4.1
2026-02-28,"eugene",0,"Flu ED visits pct",2026-02-28,"quantile",0.9,4.504
2026-02-28,"eugene",0,"Flu ED visits pct",2026-02-28,"quantile",0.95,4.96
2026-02-28,"eugene",0,"Flu ED visits pct",2026-02-28,"quantile",0.975,5.67175
2026-02-28,"eugene",1,"Flu ED visits pct",2026-03-07,"quantile",0.025,1.753502002002
2026-02-28,"eugene",1,"Flu ED visits pct",2026-03-07,"quantile",0.05,2.46918618618619
2026-02-28,"eugene",1,"Flu ED visits pct",2026-03-07,"quantile",0.1,3.17794294294294
2026-02-28,"eugene",1,"Flu ED visits pct",2026-03-07,"quantile",0.25,3.83969219219219
2026-02-28,"eugene",1,"Flu ED visits pct",2026-03-07,"quantile",0.5,4.05
2026-02-28,"eugene",1,"Flu ED visits pct",2026-03-07,"quantile",0.75,4.27766016016016
2026-02-28,"eugene",1,"Flu ED visits pct",2026-03-07,"quantile",0.9,4.93858858858859
2026-02-28,"eugene",1,"Flu ED visits pct",2026-03-07,"quantile",0.95,5.61257707707708
2026-02-28,"eugene",1,"Flu ED visits pct",2026-03-07,"quantile",0.975,6.3513541041041
2026-02-28,"eugene",2,"Flu ED visits pct",2026-03-14,"quantile",0.025,1.22054604604605
2026-02-28,"eugene",2,"Flu ED visits pct",2026-03-14,"quantile",0.05,1.84971521521521
2026-02-28,"eugene",2,"Flu ED visits pct",2026-03-14,"quantile",0.1,2.71684984984985
2026-02-28,"eugene",2,"Flu ED visits pct",2026-03-14,"quantile",0.25,3.68009009009009
2026-02-28,"eugene",2,"Flu ED visits pct",2026-03-14,"quantile",0.5,4.05
2026-02-28,"eugene",2,"Flu ED visits pct",2026-03-14,"quantile",0.75,4.47276026026026
2026-02-28,"eugene",2,"Flu ED visits pct",2026-03-14,"quantile",0.9,5.37685585585586
2026-02-28,"eugene",2,"Flu ED visits pct",2026-03-14,"quantile",0.95,5.95602002002001
2026-02-28,"eugene",2,"Flu ED visits pct",2026-03-14,"quantile",0.975,6.74892517517518
2026-02-28,"eugene",3,"Flu ED visits pct",2026-03-21,"quantile",0.025,1.032746996997
2026-02-28,"eugene",3,"Flu ED visits pct",2026-03-21,"quantile",0.05,1.65905255255255
2026-02-28,"eugene",3,"Flu ED visits pct",2026-03-21,"quantile",0.1,2.43332932932933
2026-02-28,"eugene",3,"Flu ED visits pct",2026-03-21,"quantile",0.25,3.484496996997
2026-02-28,"eugene",3,"Flu ED visits pct",2026-03-21,"quantile",0.5,4.05
2026-02-28,"eugene",3,"Flu ED visits pct",2026-03-21,"quantile",0.75,4.59383383383383
2026-02-28,"eugene",3,"Flu ED visits pct",2026-03-21,"quantile",0.9,5.69942942942943
2026-02-28,"eugene",3,"Flu ED visits pct",2026-03-21,"quantile",0.95,6.33338988988989
2026-02-28,"eugene",3,"Flu ED visits pct",2026-03-21,"quantile",0.975,7.01451626626627
2026-02-28,"fay-area",0,"Flu ED visits pct",2026-02-28,"quantile",0.025,3.07444144144144
2026-02-28,"fay-area",0,"Flu ED visits pct",2026-02-28,"quantile",0.05,3.713
2026-02-28,"fay-area",0,"Flu ED visits pct",2026-02-28,"quantile",0.1,4.18989189189189
2026-02-28,"fay-area",0,"Flu ED visits pct",2026-02-28,"quantile",0.25,4.54
2026-02-28,"fay-area",0,"Flu ED visits pct",2026-02-28,"quantile",0.5,4.61
2026-02-28,"fay-area",0,"Flu ED visits pct",2026-02-28,"quantile",0.75,4.68
2026-02-28,"fay-area",0,"Flu ED visits pct",2026-02-28,"quantile",0.9,5.03010810810811
2026-02-28,"fay-area",0,"Flu ED visits pct",2026-02-28,"quantile",0.95,5.507
2026-02-28,"fay-area",0,"Flu ED visits pct",2026-02-28,"quantile",0.975,6.14555855855855
2026-02-28,"fay-area",1,"Flu ED visits pct",2026-03-07,"quantile",0.025,2.18057207207207
2026-02-28,"fay-area",1,"Flu ED visits pct",2026-03-07,"quantile",0.05,2.99629129129129
2026-02-28,"fay-area",1,"Flu ED visits pct",2026-03-07,"quantile",0.1,3.7331951951952
2026-02-28,"fay-area",1,"Flu ED visits pct",2026-03-07,"quantile",0.25,4.43
2026-02-28,"fay-area",1,"Flu ED visits pct",2026-03-07,"quantile",0.5,4.61
2026-02-28,"fay-area",1,"Flu ED visits pct",2026-03-07,"quantile",0.75,4.80208708708709
2026-02-28,"fay-area",1,"Flu ED visits pct",2026-03-07,"quantile",0.9,5.41066066066066
2026-02-28,"fay-area",1,"Flu ED visits pct",2026-03-07,"quantile",0.95,6.21308108108108
2026-02-28,"fay-area",1,"Flu ED visits pct",2026-03-07,"quantile",0.975,7.05110210210209
2026-02-28,"fay-area",2,"Flu ED visits pct",2026-03-14,"quantile",0.025,1.3849481981982
2026-02-28,"fay-area",2,"Flu ED visits pct",2026-03-14,"quantile",0.05,2.60522522522523
2026-02-28,"fay-area",2,"Flu ED visits pct",2026-03-14,"quantile",0.1,3.27066966966967
2026-02-28,"fay-area",2,"Flu ED visits pct",2026-03-14,"quantile",0.25,4.25
2026-02-28,"fay-area",2,"Flu ED visits pct",2026-03-14,"quantile",0.5,4.61
2026-02-28,"fay-area",2,"Flu ED visits pct",2026-03-14,"quantile",0.75,4.95837837837838
2026-02-28,"fay-area",2,"Flu ED visits pct",2026-03-14,"quantile",0.9,5.80163063063063
2026-02-28,"fay-area",2,"Flu ED visits pct",2026-03-14,"quantile",0.95,6.6203993993994
2026-02-28,"fay-area",2,"Flu ED visits pct",2026-03-14,"quantile",0.975,7.71925225225225
2026-02-28,"fay-area",3,"Flu ED visits pct",2026-03-21,"quantile",0.025,0.447315315315315
2026-02-28,"fay-area",3,"Flu ED visits pct",2026-03-21,"quantile",0.05,2.00595795795796
2026-02-28,"fay-area",3,"Flu ED visits pct",2026-03-21,"quantile",0.1,3.0623033033033
2026-02-28,"fay-area",3,"Flu ED visits pct",2026-03-21,"quantile",0.25,4.11912162162162
2026-02-28,"fay-area",3,"Flu ED visits pct",2026-03-21,"quantile",0.5,4.61
2026-02-28,"fay-area",3,"Flu ED visits pct",2026-03-21,"quantile",0.75,5.12965465465465
2026-02-28,"fay-area",3,"Flu ED visits pct",2026-03-21,"quantile",0.9,6.22371171171171
2026-02-28,"fay-area",3,"Flu ED visits pct",2026-03-21,"quantile",0.95,7.21674324324323
2026-02-28,"fay-area",3,"Flu ED visits pct",2026-03-21,"quantile",0.975,8.24368168168168
2026-02-28,"florence",0,"Flu ED visits pct",2026-02-28,"quantile",0.025,0.6895
2026-02-28,"florence",0,"Flu ED visits pct",2026-02-28,"quantile",0.05,1.7595
2026-02-28,"florence",0,"Flu ED visits pct",2026-02-28,"quantile",0.1,3.33989189189189
2026-02-28,"florence",0,"Flu ED visits pct",2026-02-28,"quantile",0.25,3.92253753753754
2026-02-28,"florence",0,"Flu ED visits pct",2026-02-28,"quantile",0.5,4.11
2026-02-28,"florence",0,"Flu ED visits pct",2026-02-28,"quantile",0.75,4.29746246246246
2026-02-28,"florence",0,"Flu ED visits pct",2026-02-28,"quantile",0.9,4.88010810810811
2026-02-28,"florence",0,"Flu ED visits pct",2026-02-28,"quantile",0.95,6.4605
2026-02-28,"florence",0,"Flu ED visits pct",2026-02-28,"quantile",0.975,7.5305
2026-02-28,"florence",1,"Flu ED visits pct",2026-03-07,"quantile",0.025,0
2026-02-28,"florence",1,"Flu ED visits pct",2026-03-07,"quantile",0.05,0.592673673673673
2026-02-28,"florence",1,"Flu ED visits pct",2026-03-07,"quantile",0.1,1.99398598598599
2026-02-28,"florence",1,"Flu ED visits pct",2026-03-07,"quantile",0.25,3.63321821821822
2026-02-28,"florence",1,"Flu ED visits pct",2026-03-07,"quantile",0.5,4.11
2026-02-28,"florence",1,"Flu ED visits pct",2026-03-07,"quantile",0.75,4.56324574574575
2026-02-28,"florence",1,"Flu ED visits pct",2026-03-07,"quantile",0.9,6.29609509509509
2026-02-28,"florence",1,"Flu ED visits pct",2026-03-07,"quantile",0.95,7.50139139139139
2026-02-28,"florence",1,"Flu ED visits pct",2026-03-07,"quantile",0.975,9.06837487487488
2026-02-28,"florence",2,"Flu ED visits pct",2026-03-14,"quantile",0.025,0
2026-02-28,"florence",2,"Flu ED visits pct",2026-03-14,"quantile",0.05,0
2026-02-28,"florence",2,"Flu ED visits pct",2026-03-14,"quantile",0.1,1.27997797797798
2026-02-28,"florence",2,"Flu ED visits pct",2026-03-14,"quantile",0.25,3.39877377377377
2026-02-28,"florence",2,"Flu ED visits pct",2026-03-14,"quantile",0.5,4.11
2026-02-28,"florence",2,"Flu ED visits pct",2026-03-14,"quantile",0.75,4.895
2026-02-28,"florence",2,"Flu ED visits pct",2026-03-14,"quantile",0.9,6.99291691691692
2026-02-28,"florence",2,"Flu ED visits pct",2026-03-14,"quantile",0.95,8.57511861861862
2026-02-28,"florence",2,"Flu ED visits pct",2026-03-14,"quantile",0.975,9.56386311311311
2026-02-28,"florence",3,"Flu ED visits pct",2026-03-21,"quantile",0.025,0
2026-02-28,"florence",3,"Flu ED visits pct",2026-03-21,"quantile",0.05,0
2026-02-28,"florence",3,"Flu ED visits pct",2026-03-21,"quantile",0.1,0.792062062062062
2026-02-28,"florence",3,"Flu ED visits pct",2026-03-21,"quantile",0.25,3.01222722722723
2026-02-28,"florence",3,"Flu ED visits pct",2026-03-21,"quantile",0.5,4.11
2026-02-28,"florence",3,"Flu ED visits pct",2026-03-21,"quantile",0.75,5.26025025025025
2026-02-28,"florence",3,"Flu ED visits pct",2026-03-21,"quantile",0.9,7.34488988988989
2026-02-28,"florence",3,"Flu ED visits pct",2026-03-21,"quantile",0.95,8.62101401401401
2026-02-28,"florence",3,"Flu ED visits pct",2026-03-21,"quantile",0.975,9.69078378378378
2026-02-28,"floyd",0,"Flu ED visits pct",2026-02-28,"quantile",0.025,0
2026-02-28,"floyd",0,"Flu ED visits pct",2026-02-28,"quantile",0.05,1.395
2026-02-28,"floyd",0,"Flu ED visits pct",2026-02-28,"quantile",0.1,2.40009009009009
2026-02-28,"floyd",0,"Flu ED visits pct",2026-02-28,"quantile",0.25,3.05253753753754
2026-02-28,"floyd",0,"Flu ED visits pct",2026-02-28,"quantile",0.5,3.22
2026-02-28,"floyd",0,"Flu ED visits pct",2026-02-28,"quantile",0.75,3.38746246246246
2026-02-28,"floyd",0,"Flu ED visits pct",2026-02-28,"quantile",0.9,4.03990990990991
2026-02-28,"floyd",0,"Flu ED visits pct",2026-02-28,"quantile",0.95,5.045
2026-02-28,"floyd",0,"Flu ED visits pct",2026-02-28,"quantile",0.975,7.0675
2026-02-28,"floyd",1,"Flu ED visits pct",2026-03-07,"quantile",0.025,0
2026-02-28,"floyd",1,"Flu ED visits pct",2026-03-07,"quantile",0.05,0
2026-02-28,"floyd",1,"Flu ED visits pct",2026-03-07,"quantile",0.1,1.46395595595596
2026-02-28,"floyd",1,"Flu ED visits pct",2026-03-07,"quantile",0.25,2.79641641641642
2026-02-28,"floyd",1,"Flu ED visits pct",2026-03-07,"quantile",0.5,3.22
2026-02-28,"floyd",1,"Flu ED visits pct",2026-03-07,"quantile",0.75,3.64524524524525
2026-02-28,"floyd",1,"Flu ED visits pct",2026-03-07,"quantile",0.9,5.00141641641642
2026-02-28,"floyd",1,"Flu ED visits pct",2026-03-07,"quantile",0.95,6.82998548548548
2026-02-28,"floyd",1,"Flu ED visits pct",2026-03-07,"quantile",0.975,7.82982657657657
2026-02-28,"floyd",2,"Flu ED visits pct",2026-03-14,"quantile",0.025,0
2026-02-28,"floyd",2,"Flu ED visits pct",2026-03-14,"quantile",0.05,0
2026-02-28,"floyd",2,"Flu ED visits pct",2026-03-14,"quantile",0.1,0.818900900900901
2026-02-28,"floyd",2,"Flu ED visits pct",2026-03-14,"quantile",0.25,2.50577827827828
2026-02-28,"floyd",2,"Flu ED visits pct",2026-03-14,"quantile",0.5,3.22
2026-02-28,"floyd",2,"Flu ED visits pct",2026-03-14,"quantile",0.75,3.96852102102102
2026-02-28,"floyd",2,"Flu ED visits pct",2026-03-14,"quantile",0.9,5.77448748748749
2026-02-28,"floyd",2,"Flu ED visits pct",2026-03-14,"quantile",0.95,7.38549149149149
2026-02-28,"floyd",2,"Flu ED visits pct",2026-03-14,"quantile",0.975,9.03542642642642
2026-02-28,"floyd",3,"Flu ED visits pct",2026-03-21,"quantile",0.025,0
2026-02-28,"floyd",3,"Flu ED visits pct",2026-03-21,"quantile",0.05,0
2026-02-28,"floyd",3,"Flu ED visits pct",2026-03-21,"quantile",0.1,0.0424714714714721
2026-02-28,"floyd",3,"Flu ED visits pct",2026-03-21,"quantile",0.25,2.24741741741742
2026-02-28,"floyd",3,"Flu ED visits pct",2026-03-21,"quantile",0.5,3.22
2026-02-28,"floyd",3,"Flu ED visits pct",2026-03-21,"quantile",0.75,4.2006031031031
2026-02-28,"floyd",3,"Flu ED visits pct",2026-03-21,"quantile",0.9,6.2891041041041
2026-02-28,"floyd",3,"Flu ED visits pct",2026-03-21,"quantile",0.95,7.84528828828828
2026-02-28,"floyd",3,"Flu ED visits pct",2026-03-21,"quantile",0.975,9.33028228228229
2026-02-28,"frederick",0,"Flu ED visits pct",2026-02-28,"quantile",0.025,0
2026-02-28,"frederick",0,"Flu ED visits pct",2026-02-28,"quantile",0.05,0.313
2026-02-28,"frederick",0,"Flu ED visits pct",2026-02-28,"quantile",0.1,1.14296396396396
2026-02-28,"frederick",0,"Flu ED visits pct",2026-02-28,"quantile",0.25,1.78
2026-02-28,"frederick",0,"Flu ED visits pct",2026-02-28,"quantile",0.5,1.98
2026-02-28,"frederick",0,"Flu ED visits pct",2026-02-28,"quantile",0.75,2.18
2026-02-28,"frederick",0,"Flu ED visits pct",2026-02-28,"quantile",0.9,2.81703603603604
2026-02-28,"frederick",0,"Flu ED visits pct",2026-02-28,"quantile",0.95,3.647
2026-02-28,"frederick",0,"Flu ED visits pct",2026-02-28,"quantile",0.975,4.13600000000001
2026-02-28,"frederick",1,"Flu ED visits pct",2026-03-07,"quantile",0.025,0
2026-02-28,"frederick",1,"Flu ED visits pct",2026-03-07,"quantile",0.05,0
2026-02-28,"frederick",1,"Flu ED visits pct",2026-03-07,"quantile",0.1,0.323327327327328
2026-02-28,"frederick",1,"Flu ED visits pct",2026-03-07,"quantile",0.25,1.4942992992993
2026-02-28,"frederick",1,"Flu ED visits pct",2026-03-07,"quantile",0.5,1.98
2026-02-28,"frederick",1,"Flu ED visits pct",2026-03-07,"quantile",0.75,2.41554804804805
2026-02-28,"frederick",1,"Flu ED visits pct",2026-03-07,"quantile",0.9,3.60661861861862
2026-02-28,"frederick",1,"Flu ED visits pct",2026-03-07,"quantile",0.95,4.48445045045045
2026-02-28,"frederick",1,"Flu ED visits pct",2026-03-07,"quantile",0.975,5.2771584084084
2026-02-28,"frederick",2,"Flu ED visits pct",2026-03-14,"quantile",0.025,0
2026-02-28,"frederick",2,"Flu ED visits pct",2026-03-14,"quantile",0.05,0
2026-02-28,"frederick",2,"Flu ED visits pct",2026-03-14,"quantile",0.1,0
2026-02-28,"frederick",2,"Flu ED visits pct",2026-03-14,"quantile",0.25,1.24998248248248
2026-02-28,"frederick",2,"Flu ED visits pct",2026-03-14,"quantile",0.5,1.98
2026-02-28,"frederick",2,"Flu ED visits pct",2026-03-14,"quantile",0.75,2.72833083083083
2026-02-28,"frederick",2,"Flu ED visits pct",2026-03-14,"quantile",0.9,4.04835635635636
2026-02-28,"frederick",2,"Flu ED visits pct",2026-03-14,"quantile",0.95,5.03284684684685
2026-02-28,"frederick",2,"Flu ED visits pct",2026-03-14,"quantile",0.975,5.89562287287284
2026-02-28,"frederick",3,"Flu ED visits pct",2026-03-21,"quantile",0.025,0
2026-02-28,"frederick",3,"Flu ED visits pct",2026-03-21,"quantile",0.05,0
2026-02-28,"frederick",3,"Flu ED visits pct",2026-03-21,"quantile",0.1,0
2026-02-28,"frederick",3,"Flu ED visits pct",2026-03-21,"quantile",0.25,0.880900900900901
2026-02-28,"frederick",3,"Flu ED visits pct",2026-03-21,"quantile",0.5,1.98
2026-02-28,"frederick",3,"Flu ED visits pct",2026-03-21,"quantile",0.75,3.01957957957958
2026-02-28,"frederick",3,"Flu ED visits pct",2026-03-21,"quantile",0.9,4.3405065065065
2026-02-28,"frederick",3,"Flu ED visits pct",2026-03-21,"quantile",0.95,5.48504204204204
2026-02-28,"frederick",3,"Flu ED visits pct",2026-03-21,"quantile",0.975,6.16302127127127
2026-02-28,"georgia",0,"Flu ED visits pct",2026-02-28,"quantile",0.025,0.632
2026-02-28,"georgia",0,"Flu ED visits pct",2026-02-28,"quantile",0.05,1.626
2026-02-28,"georgia",0,"Flu ED visits pct",2026-02-28,"quantile",0.1,2.14301801801802
2026-02-28,"georgia",0,"Flu ED visits pct",2026-02-28,"quantile",0.25,2.54
2026-02-28,"georgia",0,"Flu ED visits pct",2026-02-28,"quantile",0.5,2.61
2026-02-28,"georgia",0,"Flu ED visits pct",2026-02-28,"quantile",0.75,2.68
2026-02-28,"georgia",0,"Flu ED visits pct",2026-02-28,"quantile",0.9,3.07698198198198
2026-02-28,"georgia",0,"Flu ED visits pct",2026-02-28,"quantile",0.95,3.594
2026-02-28,"georgia",0,"Flu ED visits pct",2026-02-28,"quantile",0.975,4.588
2026-02-28,"georgia",1,"Flu ED visits pct",2026-03-07,"quantile",0.025,0
2026-02-28,"georgia",1,"Flu ED visits pct",2026-03-07,"quantile",0.05,0.66735985985986
2026-02-28,"georgia",1,"Flu ED visits pct",2026-03-07,"quantile",0.1,1.60323323323323
2026-02-28,"georgia",1,"Flu ED visits pct",2026-03-07,"quantile",0.25,2.38945195195195
2026-02-28,"georgia",1,"Flu ED visits pct",2026-03-07,"quantile",0.5,2.61
2026-02-28,"georgia",1,"Flu ED visits pct",2026-03-07,"quantile",0.75,2.86262012012012
2026-02-28,"georgia",1,"Flu ED visits pct",2026-03-07,"quantile",0.9,3.5035975975976
2026-02-28,"georgia",1,"Flu ED visits pct",2026-03-07,"quantile",0.95,4.58462312312312
2026-02-28,"georgia",1,"Flu ED visits pct",2026-03-07,"quantile",0.975,5.33062262262262
2026-02-28,"georgia",2,"Flu ED visits pct",2026-03-14,"quantile",0.025,0
2026-02-28,"georgia",2,"Flu ED visits pct",2026-03-14,"quantile",0.05,0.0973023023023018
2026-02-28,"georgia",2,"Flu ED visits pct",2026-03-14,"quantile",0.1,1.198004004004
2026-02-28,"georgia",2,"Flu ED visits pct",2026-03-14,"quantile",0.25,2.23902902902903
2026-02-28,"georgia",2,"Flu ED visits pct",2026-03-14,"quantile",0.5,2.61
2026-02-28,"georgia",2,"Flu ED visits pct",2026-03-14,"quantile",0.75,3.04890640640641
2026-02-28,"georgia",2,"Flu ED visits pct",2026-03-14,"quantile",0.9,4.00761461461462
2026-02-28,"georgia",2,"Flu ED visits pct",2026-03-14,"quantile",0.95,4.94847547547547
2026-02-28,"georgia",2,"Flu ED visits pct",2026-03-14,"quantile",0.975,5.66467442442442
2026-02-28,"georgia",3,"Flu ED visits pct",2026-03-21,"quantile",0.025,0
2026-02-28,"georgia",3,"Flu ED visits pct",2026-03-21,"quantile",0.05,0
2026-02-28,"georgia",3,"Flu ED visits pct",2026-03-21,"quantile",0.1,0.818833833833834
2026-02-28,"georgia",3,"Flu ED visits pct",2026-03-21,"quantile",0.25,2.05507757757758
2026-02-28,"georgia",3,"Flu ED visits pct",2026-03-21,"quantile",0.5,2.61
2026-02-28,"georgia",3,"Flu ED visits pct",2026-03-21,"quantile",0.75,3.20546796796797
2026-02-28,"georgia",3,"Flu ED visits pct",2026-03-21,"quantile",0.9,4.39316716716716
2026-02-28,"georgia",3,"Flu ED visits pct",2026-03-21,"quantile",0.95,5.34592442442442
2026-02-28,"georgia",3,"Flu ED visits pct",2026-03-21,"quantile",0.975,6.10504704704704
2026-02-28,"greenville",0,"Flu ED visits pct",2026-02-28,"quantile",0.025,0
2026-02-28,"greenville",0,"Flu ED visits pct",2026-02-28,"quantile",0.05,1.4885
2026-02-28,"greenville",0,"Flu ED visits pct",2026-02-28,"quantile",0.1,2.66601801801802
2026-02-28,"greenville",0,"Flu ED visits pct",2026-02-28,"quantile",0.25,3.41
2026-02-28,"greenville",0,"Flu ED visits pct",2026-02-28,"quantile",0.5,3.5
2026-02-28,"greenville",0,"Flu ED visits pct",2026-02-28,"quantile",0.75,3.59
2026-02-28,"greenville",0,"Flu ED visits pct",2026-02-28,"quantile",0.9,4.33398198198198
2026-02-28,"greenville",0,"Flu ED visits pct",2026-02-28,"quantile",0.95,5.51149999999999
2026-02-28,"greenville",0,"Flu ED visits pct",2026-02-28,"quantile",0.975,7.05375
2026-02-28,"greenville",1,"Flu ED visits pct",2026-03-07,"quantile",0.025,0
2026-02-28,"greenville",1,"Flu ED visits pct",2026-03-07,"quantile",0.05,0.0867022022022023
2026-02-28,"greenville",1,"Flu ED visits pct",2026-03-07,"quantile",0.1,1.62018418418418
2026-02-28,"greenville",1,"Flu ED visits pct",2026-03-07,"quantile",0.25,3.07642642642643
2026-02-28,"greenville",1,"Flu ED visits pct",2026-03-07,"quantile",0.5,3.5
2026-02-28,"greenville",1,"Flu ED visits pct",2026-03-07,"quantile",0.75,3.86117867867868
2026-02-28,"greenville",1,"Flu ED visits pct",2026-03-07,"quantile",0.9,5.28036336336336
2026-02-28,"greenville",1,"Flu ED visits pct",2026-03-07,"quantile",0.95,7.03173873873874
2026-02-28,"greenville",1,"Flu ED visits pct",2026-03-07,"quantile",0.975,8.11896496496496
2026-02-28,"greenville",2,"Flu ED visits pct",2026-03-14,"quantile",0.025,0
2026-02-28,"greenville",2,"Flu ED visits pct",2026-03-14,"quantile",0.05,0
2026-02-28,"greenville",2,"Flu ED visits pct",2026-03-14,"quantile",0.1,1.02172672672673
2026-02-28,"greenville",2,"Flu ED visits pct",2026-03-14,"quantile",0.25,2.6834009009009
2026-02-28,"greenville",2,"Flu ED visits pct",2026-03-14,"quantile",0.5,3.5
2026-02-28,"greenville",2,"Flu ED visits pct",2026-03-14,"quantile",0.75,4.25866866866867
2026-02-28,"greenville",2,"Flu ED visits pct",2026-03-14,"quantile",0.9,6.12002302302302
2026-02-28,"greenville",2,"Flu ED visits pct",2026-03-14,"quantile",0.95,7.83241641641642
2026-02-28,"greenville",2,"Flu ED visits pct",2026-03-14,"quantile",0.975,8.51149124124122
2026-02-28,"greenville",3,"Flu ED visits pct",2026-03-21,"quantile",0.025,0
2026-02-28,"greenville",3,"Flu ED visits pct",2026-03-21,"quantile",0.05,0
2026-02-28,"greenville",3,"Flu ED visits pct",2026-03-21,"quantile",0.1,0.467953953953948
2026-02-28,"greenville",3,"Flu ED visits pct",2026-03-21,"quantile",0.25,2.45546796796797
2026-02-28,"greenville",3,"Flu ED visits pct",2026-03-21,"quantile",0.5,3.5
2026-02-28,"greenville",3,"Flu ED visits pct",2026-03-21,"quantile",0.75,4.59108108108108
2026-02-28,"greenville",3,"Flu ED visits pct",2026-03-21,"quantile",0.9,6.86607207207207
2026-02-28,"greenville",3,"Flu ED visits pct",2026-03-21,"quantile",0.95,8.18032782782783
2026-02-28,"greenville",3,"Flu ED visits pct",2026-03-21,"quantile",0.975,9.07206906906908
2026-02-28,"hall",0,"Flu ED visits pct",2026-02-28,"quantile",0.025,0
2026-02-28,"hall",0,"Flu ED visits pct",2026-02-28,"quantile",0.05,0.539
2026-02-28,"hall",0,"Flu ED visits pct",2026-02-28,"quantile",0.1,1.5828018018018
2026-02-28,"hall",0,"Flu ED visits pct",2026-02-28,"quantile",0.25,2.05
2026-02-28,"hall",0,"Flu ED visits pct",2026-02-28,"quantile",0.5,2.19
2026-02-28,"hall",0,"Flu ED visits pct",2026-02-28,"quantile",0.75,2.33
2026-02-28,"hall",0,"Flu ED visits pct",2026-02-28,"quantile",0.9,2.7971981981982
2026-02-28,"hall",0,"Flu ED visits pct",2026-02-28,"quantile",0.95,3.841
2026-02-28,"hall",0,"Flu ED visits pct",2026-02-28,"quantile",0.975,4.64875
2026-02-28,"hall",1,"Flu ED visits pct",2026-03-07,"quantile",0.025,0
2026-02-28,"hall",1,"Flu ED visits pct",2026-03-07,"quantile",0.05,0
2026-02-28,"hall",1,"Flu ED visits pct",2026-03-07,"quantile",0.1,0.674375375375376
2026-02-28,"hall",1,"Flu ED visits pct",2026-03-07,"quantile",0.25,1.84434684684685
2026-02-28,"hall",1,"Flu ED visits pct",2026-03-07,"quantile",0.5,2.19
2026-02-28,"hall",1,"Flu ED visits pct",2026-03-07,"quantile",0.75,2.51031031031031
2026-02-28,"hall",1,"Flu ED visits pct",2026-03-07,"quantile",0.9,3.70126726726727
2026-02-28,"hall",1,"Flu ED visits pct",2026-03-07,"quantile",0.95,4.61597597597597
2026-02-28,"hall",1,"Flu ED visits pct",2026-03-07,"quantile",0.975,5.37667767767767
2026-02-28,"hall",2,"Flu ED visits pct",2026-03-14,"quantile",0.025,0
2026-02-28,"hall",2,"Flu ED visits pct",2026-03-14,"quantile",0.05,0
2026-02-28,"hall",2,"Flu ED visits pct",2026-03-14,"quantile",0.1,0.245577577577578
2026-02-28,"hall",2,"Flu ED visits pct",2026-03-14,"quantile",0.25,1.64876126126126
2026-02-28,"hall",2,"Flu ED visits pct",2026-03-14,"quantile",0.5,2.19
2026-02-28,"hall",2,"Flu ED visits pct",2026-03-14,"quantile",0.75,2.73226226226226
2026-02-28,"hall",2,"Flu ED visits pct",2026-03-14,"quantile",0.9,4.23024324324324
2026-02-28,"hall",2,"Flu ED visits pct",2026-03-14,"quantile",0.95,5.08018068068068
2026-02-28,"hall",2,"Flu ED visits pct",2026-03-14,"quantile",0.975,5.94257107107107
2026-02-28,"hall",3,"Flu ED visits pct",2026-03-21,"quantile",0.025,0
2026-02-28,"hall",3,"Flu ED visits pct",2026-03-21,"quantile",0.05,0
2026-02-28,"hall",3,"Flu ED visits pct",2026-03-21,"quantile",0.1,0
2026-02-28,"hall",3,"Flu ED visits pct",2026-03-21,"quantile",0.25,1.40806556556557
2026-02-28,"hall",3,"Flu ED visits pct",2026-03-21,"quantile",0.5,2.19
2026-02-28,"hall",3,"Flu ED visits pct",2026-03-21,"quantile",0.75,3.08830830830831
2026-02-28,"hall",3,"Flu ED visits pct",2026-03-21,"quantile",0.9,4.52864964964965
2026-02-28,"hall",3,"Flu ED visits pct",2026-03-21,"quantile",0.95,5.53233883883884
2026-02-28,"hall",3,"Flu ED visits pct",2026-03-21,"quantile",0.975,6.6978490990991
2026-02-28,"harford",0,"Flu ED visits pct",2026-02-28,"quantile",0.025,0
2026-02-28,"harford",0,"Flu ED visits pct",2026-02-28,"quantile",0.05,0
2026-02-28,"harford",0,"Flu ED visits pct",2026-02-28,"quantile",0.1,0.456036036036036
2026-02-28,"harford",0,"Flu ED visits pct",2026-02-28,"quantile",0.25,1.16996246246246
2026-02-28,"harford",0,"Flu ED visits pct",2026-02-28,"quantile",0.5,1.31
2026-02-28,"harford",0,"Flu ED visits pct",2026-02-28,"quantile",0.75,1.45003753753754
2026-02-28,"harford",0,"Flu ED visits pct",2026-02-28,"quantile",0.9,2.16396396396396
2026-02-28,"harford",0,"Flu ED visits pct",2026-02-28,"quantile",0.95,2.8205
2026-02-28,"harford",0,"Flu ED visits pct",2026-02-28,"quantile",0.975,3.607
2026-02-28,"harford",1,"Flu ED visits pct",2026-03-07,"quantile",0.025,0
2026-02-28,"harford",1,"Flu ED visits pct",2026-03-07,"quantile",0.05,0
2026-02-28,"harford",1,"Flu ED visits pct",2026-03-07,"quantile",0.1,0
2026-02-28,"harford",1,"Flu ED visits pct",2026-03-07,"quantile",0.25,0.885342842842843
2026-02-28,"harford",1,"Flu ED visits pct",2026-03-07,"quantile",0.5,1.31
2026-02-28,"harford",1,"Flu ED visits pct",2026-03-07,"quantile",0.75,1.83418418418418
2026-02-28,"harford",1,"Flu ED visits pct",2026-03-07,"quantile",0.9,2.82023523523524
2026-02-28,"harford",1,"Flu ED visits pct",2026-03-07,"quantile",0.95,3.56647347347347
2026-02-28,"harford",1,"Flu ED visits pct",2026-03-07,"quantile",0.975,4.34199324324324
2026-02-28,"harford",2,"Flu ED visits pct",2026-03-14,"quantile",0.025,0
2026-02-28,"harford",2,"Flu ED visits pct",2026-03-14,"quantile",0.05,0
2026-02-28,"harford",2,"Flu ED visits pct",2026-03-14,"quantile",0.1,0
2026-02-28,"harford",2,"Flu ED visits pct",2026-03-14,"quantile",0.25,0.534574574574575
2026-02-28,"harford",2,"Flu ED visits pct",2026-03-14,"quantile",0.5,1.31
2026-02-28,"harford",2,"Flu ED visits pct",2026-03-14,"quantile",0.75,2.05327827827828
2026-02-28,"harford",2,"Flu ED visits pct",2026-03-14,"quantile",0.9,3.18953453453453
2026-02-28,"harford",2,"Flu ED visits pct",2026-03-14,"quantile",0.95,4.07190840840841
2026-02-28,"harford",2,"Flu ED visits pct",2026-03-14,"quantile",0.975,4.58631806806807
2026-02-28,"harford",3,"Flu ED visits pct",2026-03-21,"quantile",0.025,0
2026-02-28,"harford",3,"Flu ED visits pct",2026-03-21,"quantile",0.05,0
2026-02-28,"harford",3,"Flu ED visits pct",2026-03-21,"quantile",0.1,0
2026-02-28,"harford",3,"Flu ED visits pct",2026-03-21,"quantile",0.25,0.356764264264264
2026-02-28,"harford",3,"Flu ED visits pct",2026-03-21,"quantile",0.5,1.31
2026-02-28,"harford",3,"Flu ED visits pct",2026-03-21,"quantile",0.75,2.31665165165165
2026-02-28,"harford",3,"Flu ED visits pct",2026-03-21,"quantile",0.9,3.56287487487488
2026-02-28,"harford",3,"Flu ED visits pct",2026-03-21,"quantile",0.95,4.42397897897898
2026-02-28,"harford",3,"Flu ED visits pct",2026-03-21,"quantile",0.975,5.11773123123124
2026-02-28,"henry",0,"Flu ED visits pct",2026-02-28,"quantile",0.025,0
2026-02-28,"henry",0,"Flu ED visits pct",2026-02-28,"quantile",0.05,1.3585
2026-02-28,"henry",0,"Flu ED visits pct",2026-02-28,"quantile",0.1,1.883
2026-02-28,"henry",0,"Flu ED visits pct",2026-02-28,"quantile",0.25,2.35
2026-02-28,"henry",0,"Flu ED visits pct",2026-02-28,"quantile",0.5,2.46
2026-02-28,"henry",0,"Flu ED visits pct",2026-02-28,"quantile",0.75,2.57
2026-02-28,"henry",0,"Flu ED visits pct",2026-02-28,"quantile",0.9,3.037
2026-02-28,"henry",0,"Flu ED visits pct",2026-02-28,"quantile",0.95,3.5615
2026-02-28,"henry",0,"Flu ED visits pct",2026-02-28,"quantile",0.975,5.22875
2026-02-28,"henry",1,"Flu ED visits pct",2026-03-07,"quantile",0.025,0
2026-02-28,"henry",1,"Flu ED visits pct",2026-03-07,"quantile",0.05,0
2026-02-28,"henry",1,"Flu ED visits pct",2026-03-07,"quantile",0.1,1.34574074074074
2026-02-28,"henry",1,"Flu ED visits pct",2026-03-07,"quantile",0.25,2.17988238238238
2026-02-28,"henry",1,"Flu ED visits pct",2026-03-07,"quantile",0.5,2.46
2026-02-28,"henry",1,"Flu ED visits pct",2026-03-07,"quantile",0.75,2.77325575575576
2026-02-28,"henry",1,"Flu ED visits pct",2026-03-07,"quantile",0.9,3.58620720720721
2026-02-28,"henry",1,"Flu ED visits pct",2026-03-07,"quantile",0.95,5.05293393393393
2026-02-28,"henry",1,"Flu ED visits pct",2026-03-07,"quantile",0.975,5.61398873873874
2026-02-28,"henry",2,"Flu ED visits pct",2026-03-14,"quantile",0.025,0
2026-02-28,"henry",2,"Flu ED visits pct",2026-03-14,"quantile",0.05,0
2026-02-28,"henry",2,"Flu ED visits pct",2026-03-14,"quantile",0.1,0.634357357357358
2026-02-28,"henry",2,"Flu ED visits pct",2026-03-14,"quantile",0.25,1.97467217217217
2026-02-28,"henry",2,"Flu ED visits pct",2026-03-14,"quantile",0.5,2.46
2026-02-28,"henry",2,"Flu ED visits pct",2026-03-14,"quantile",0.75,2.93892142142142
2026-02-28,"henry",2,"Flu ED visits pct",2026-03-14,"quantile",0.9,4.1807007007007
2026-02-28,"henry",2,"Flu ED visits pct",2026-03-14,"quantile",0.95,5.38257457457457
2026-02-28,"henry",2,"Flu ED visits pct",2026-03-14,"quantile",0.975,6.01745095095095
2026-02-28,"henry",3,"Flu ED visits pct",2026-03-21,"quantile",0.025,0
2026-02-28,"henry",3,"Flu ED visits pct",2026-03-21,"quantile",0.05,0
2026-02-28,"henry",3,"Flu ED visits pct",2026-03-21,"quantile",0.1,0
2026-02-28,"henry",3,"Flu ED visits pct",2026-03-21,"quantile",0.25,1.75694194194194
2026-02-28,"henry",3,"Flu ED visits pct",2026-03-21,"quantile",0.5,2.46
2026-02-28,"henry",3,"Flu ED visits pct",2026-03-21,"quantile",0.75,3.10175425425425
2026-02-28,"henry",3,"Flu ED visits pct",2026-03-21,"quantile",0.9,4.73751751751752
2026-02-28,"henry",3,"Flu ED visits pct",2026-03-21,"quantile",0.95,5.56778228228228
2026-02-28,"henry",3,"Flu ED visits pct",2026-03-21,"quantile",0.975,6.44361736736736
2026-02-28,"horry",0,"Flu ED visits pct",2026-02-28,"quantile",0.025,0.30375
2026-02-28,"horry",0,"Flu ED visits pct",2026-02-28,"quantile",0.05,1.5855
2026-02-28,"horry",0,"Flu ED visits pct",2026-02-28,"quantile",0.1,2.25298198198198
2026-02-28,"horry",0,"Flu ED visits pct",2026-02-28,"quantile",0.25,2.71
2026-02-28,"horry",0,"Flu ED visits pct",2026-02-28,"quantile",0.5,2.87
2026-02-28,"horry",0,"Flu ED visits pct",2026-02-28,"quantile",0.75,3.03
2026-02-28,"horry",0,"Flu ED visits pct",2026-02-28,"quantile",0.9,3.48701801801802
2026-02-28,"horry",0,"Flu ED visits pct",2026-02-28,"quantile",0.95,4.1545
2026-02-28,"horry",0,"Flu ED visits pct",2026-02-28,"quantile",0.975,5.43625
2026-02-28,"horry",1,"Flu ED visits pct",2026-03-07,"quantile",0.025,0
2026-02-28,"horry",1,"Flu ED visits pct",2026-03-07,"quantile",0.05,0.353232732732732
2026-02-28,"horry",1,"Flu ED visits pct",2026-03-07,"quantile",0.1,1.63705805805806
2026-02-28,"horry",1,"Flu ED visits pct",2026-03-07,"quantile",0.25,2.46766516516516
2026-02-28,"horry",1,"Flu ED visits pct",2026-03-07,"quantile",0.5,2.87
2026-02-28,"horry",1,"Flu ED visits pct",2026-03-07,"quantile",0.75,3.26582832832833
2026-02-28,"horry",1,"Flu ED visits pct",2026-03-07,"quantile",0.9,4.15738238238238
2026-02-28,"horry",1,"Flu ED visits pct",2026-03-07,"quantile",0.95,5.4499034034034
2026-02-28,"horry",1,"Flu ED visits pct",2026-03-07,"quantile",0.975,6.57075125125125
2026-02-28,"horry",2,"Flu ED visits pct",2026-03-14,"quantile",0.025,0
2026-02-28,"horry",2,"Flu ED visits pct",2026-03-14,"quantile",0.05,0
2026-02-28,"horry",2,"Flu ED visits pct",2026-03-14,"quantile",0.1,1.05325525525526
2026-02-28,"horry",2,"Flu ED visits pct",2026-03-14,"quantile",0.25,2.28608608608609
2026-02-28,"horry",2,"Flu ED visits pct",2026-03-14,"quantile",0.5,2.87
2026-02-28,"horry",2,"Flu ED visits pct",2026-03-14,"quantile",0.75,3.44074824824825
2026-02-28,"horry",2,"Flu ED visits pct",2026-03-14,"quantile",0.9,4.96084684684685
2026-02-28,"horry",2,"Flu ED visits pct",2026-03-14,"quantile",0.95,6.11834684684685
2026-02-28,"horry",2,"Flu ED visits pct",2026-03-14,"quantile",0.975,7.23042392392392
2026-02-28,"horry",3,"Flu ED visits pct",2026-03-21,"quantile",0.025,0
2026-02-28,"horry",3,"Flu ED visits pct",2026-03-21,"quantile",0.05,0
2026-02-28,"horry",3,"Flu ED visits pct",2026-03-21,"quantile",0.1,0.527722722722723
2026-02-28,"horry",3,"Flu ED visits pct",2026-03-21,"quantile",0.25,2.11629129129129
2026-02-28,"horry",3,"Flu ED visits pct",2026-03-21,"quantile",0.5,2.87
2026-02-28,"horry",3,"Flu ED visits pct",2026-03-21,"quantile",0.75,3.59963963963963
2026-02-28,"horry",3,"Flu ED visits pct",2026-03-21,"quantile",0.9,5.22764364364363
2026-02-28,"horry",3,"Flu ED visits pct",2026-03-21,"quantile",0.95,6.7575950950951
2026-02-28,"horry",3,"Flu ED visits pct",2026-03-21,"quantile",0.975,7.49787512512513
2026-02-28,"houston",0,"Flu ED visits pct",2026-02-28,"quantile",0.025,0
2026-02-28,"houston",0,"Flu ED visits pct",2026-02-28,"quantile",0.05,0.00318568568568574
2026-02-28,"houston",0,"Flu ED visits pct",2026-02-28,"quantile",0.1,0.44990990990991
2026-02-28,"houston",0,"Flu ED visits pct",2026-02-28,"quantile",0.25,1.07
2026-02-28,"houston",0,"Flu ED visits pct",2026-02-28,"quantile",0.5,1.15
2026-02-28,"houston",0,"Flu ED visits pct",2026-02-28,"quantile",0.75,1.23
2026-02-28,"houston",0,"Flu ED visits pct",2026-02-28,"quantile",0.9,1.85009009009009
2026-02-28,"houston",0,"Flu ED visits pct",2026-02-28,"quantile",0.95,2.297
2026-02-28,"houston",0,"Flu ED visits pct",2026-02-28,"quantile",0.975,2.687
2026-02-28,"houston",1,"Flu ED visits pct",2026-03-07,"quantile",0.025,0
2026-02-28,"houston",1,"Flu ED visits pct",2026-03-07,"quantile",0.05,0
2026-02-28,"houston",1,"Flu ED visits pct",2026-03-07,"quantile",0.1,0
2026-02-28,"houston",1,"Flu ED visits pct",2026-03-07,"quantile",0.25,0.8276001001001
2026-02-28,"houston",1,"Flu ED visits pct",2026-03-07,"quantile",0.5,1.15
2026-02-28,"houston",1,"Flu ED visits pct",2026-03-07,"quantile",0.75,1.42341591591592
2026-02-28,"houston",1,"Flu ED visits pct",2026-03-07,"quantile",0.9,2.29908308308308
2026-02-28,"houston",1,"Flu ED visits pct",2026-03-07,"quantile",0.95,2.73822922922923
2026-02-28,"houston",1,"Flu ED visits pct",2026-03-07,"quantile",0.975,3.20619369369369
2026-02-28,"houston",2,"Flu ED visits pct",2026-03-14,"quantile",0.025,0
2026-02-28,"houston",2,"Flu ED visits pct",2026-03-14,"quantile",0.05,0
2026-02-28,"houston",2,"Flu ED visits pct",2026-03-14,"quantile",0.1,0
2026-02-28,"houston",2,"Flu ED visits pct",2026-03-14,"quantile",0.25,0.560515515515515
2026-02-28,"houston",2,"Flu ED visits pct",2026-03-14,"quantile",0.5,1.15
2026-02-28,"houston",2,"Flu ED visits pct",2026-03-14,"quantile",0.75,1.73668168168168
2026-02-28,"houston",2,"Flu ED visits pct",2026-03-14,"quantile",0.9,2.57864264264264
2026-02-28,"houston",2,"Flu ED visits pct",2026-03-14,"quantile",0.95,3.26491041041041
2026-02-28,"houston",2,"Flu ED visits pct",2026-03-14,"quantile",0.975,3.74323148148148
2026-02-28,"houston",3,"Flu ED visits pct",2026-03-21,"quantile",0.025,0
2026-02-28,"houston",3,"Flu ED visits pct",2026-03-21,"quantile",0.05,0
2026-02-28,"houston",3,"Flu ED visits pct",2026-03-21,"quantile",0.1,0
2026-02-28,"houston",3,"Flu ED visits pct",2026-03-21,"quantile",0.25,0.345115115115115
2026-02-28,"houston",3,"Flu ED visits pct",2026-03-21,"quantile",0.5,1.15
2026-02-28,"houston",3,"Flu ED visits pct",2026-03-21,"quantile",0.75,1.90791291291291
2026-02-28,"houston",3,"Flu ED visits pct",2026-03-21,"quantile",0.9,2.85858658658659
2026-02-28,"houston",3,"Flu ED visits pct",2026-03-21,"quantile",0.95,3.55945995995997
2026-02-28,"houston",3,"Flu ED visits pct",2026-03-21,"quantile",0.975,3.94112462462462
2026-02-28,"indiana",0,"Flu ED visits pct",2026-02-28,"quantile",0.025,1.613
2026-02-28,"indiana",0,"Flu ED visits pct",2026-02-28,"quantile",0.05,2.4245
2026-02-28,"indiana",0,"Flu ED visits pct",2026-02-28,"quantile",0.1,3.29589189189189
2026-02-28,"indiana",0,"Flu ED visits pct",2026-02-28,"quantile",0.25,3.97253753753754
2026-02-28,"indiana",0,"Flu ED visits pct",2026-02-28,"quantile",0.5,4.03
2026-02-28,"indiana",0,"Flu ED visits pct",2026-02-28,"quantile",0.75,4.08746246246246
2026-02-28,"indiana",0,"Flu ED visits pct",2026-02-28,"quantile",0.9,4.76410810810811
2026-02-28,"indiana",0,"Flu ED visits pct",2026-02-28,"quantile",0.95,5.6355
2026-02-28,"indiana",0,"Flu ED visits pct",2026-02-28,"quantile",0.975,6.447
2026-02-28,"indiana",1,"Flu ED visits pct",2026-03-07,"quantile",0.025,1.07968018018018
2026-02-28,"indiana",1,"Flu ED visits pct",2026-03-07,"quantile",0.05,1.74154504504505
2026-02-28,"indiana",1,"Flu ED visits pct",2026-03-07,"quantile",0.1,2.61751351351352
2026-02-28,"indiana",1,"Flu ED visits pct",2026-03-07,"quantile",0.25,3.6907982982983
2026-02-28,"indiana",1,"Flu ED visits pct",2026-03-07,"quantile",0.5,4.03
2026-02-28,"indiana",1,"Flu ED visits pct",2026-03-07,"quantile",0.75,4.34952202202202
2026-02-28,"indiana",1,"Flu ED visits pct",2026-03-07,"quantile",0.9,5.54888688688689
2026-02-28,"indiana",1,"Flu ED visits pct",2026-03-07,"quantile",0.95,6.41216216216216
2026-02-28,"indiana",1,"Flu ED visits pct",2026-03-07,"quantile",0.975,6.96073423423424
2026-02-28,"indiana",2,"Flu ED visits pct",2026-03-14,"quantile",0.025,0.802855605605606
2026-02-28,"indiana",2,"Flu ED visits pct",2026-03-14,"quantile",0.05,1.2254049049049
2026-02-28,"indiana",2,"Flu ED visits pct",2026-03-14,"quantile",0.1,2.06802402402402
2026-02-28,"indiana",2,"Flu ED visits pct",2026-03-14,"quantile",0.25,3.38882132132132
2026-02-28,"indiana",2,"Flu ED visits pct",2026-03-14,"quantile",0.5,4.03
2026-02-28,"indiana",2,"Flu ED visits pct",2026-03-14,"quantile",0.75,4.66886636636637
2026-02-28,"indiana",2,"Flu ED visits pct",2026-03-14,"quantile",0.9,6.02795795795796
2026-02-28,"indiana",2,"Flu ED visits pct",2026-03-14,"quantile",0.95,6.72121671671672
2026-02-28,"indiana",2,"Flu ED visits pct",2026-03-14,"quantile",0.975,7.28664914914916
2026-02-28,"indiana",3,"Flu ED visits pct",2026-03-21,"quantile",0.025,0.164889639639642
2026-02-28,"indiana",3,"Flu ED visits pct",2026-03-21,"quantile",0.05,0.958912912912914
2026-02-28,"indiana",3,"Flu ED visits pct",2026-03-21,"quantile",0.1,1.73733733733734
2026-02-28,"indiana",3,"Flu ED visits pct",2026-03-21,"quantile",0.25,3.14278028028028
2026-02-28,"indiana",3,"Flu ED visits pct",2026-03-21,"quantile",0.5,4.03
2026-02-28,"indiana",3,"Flu ED visits pct",2026-03-21,"quantile",0.75,4.95670670670671
2026-02-28,"indiana",3,"Flu ED visits pct",2026-03-21,"quantile",0.9,6.42656856856857
2026-02-28,"indiana",3,"Flu ED visits pct",2026-03-21,"quantile",0.95,6.98918468468469
2026-02-28,"indiana",3,"Flu ED visits pct",2026-03-21,"quantile",0.975,7.83635585585585
2026-02-28,"indianapolis",0,"Flu ED visits pct",2026-02-28,"quantile",0.025,2.73475
2026-02-28,"indianapolis",0,"Flu ED visits pct",2026-02-28,"quantile",0.05,3.712
2026-02-28,"indianapolis",0,"Flu ED visits pct",2026-02-28,"quantile",0.1,4.41112612612613
2026-02-28,"indianapolis",0,"Flu ED visits pct",2026-02-28,"quantile",0.25,5.08996246246246
2026-02-28,"indianapolis",0,"Flu ED visits pct",2026-02-28,"quantile",0.5,5.15
2026-02-28,"indianapolis",0,"Flu ED visits pct",2026-02-28,"quantile",0.75,5.21003753753754
2026-02-28,"indianapolis",0,"Flu ED visits pct",2026-02-28,"quantile",0.9,5.88887387387387
2026-02-28,"indianapolis",0,"Flu ED visits pct",2026-02-28,"quantile",0.95,6.588
2026-02-28,"indianapolis",0,"Flu ED visits pct",2026-02-28,"quantile",0.975,7.56525
2026-02-28,"indianapolis",1,"Flu ED visits pct",2026-03-07,"quantile",0.025,2.3693958958959
2026-02-28,"indianapolis",1,"Flu ED visits pct",2026-03-07,"quantile",0.05,2.80028578578579
2026-02-28,"indianapolis",1,"Flu ED visits pct",2026-03-07,"quantile",0.1,3.70949449449449
2026-02-28,"indianapolis",1,"Flu ED visits pct",2026-03-07,"quantile",0.25,4.77433933933934
2026-02-28,"indianapolis",1,"Flu ED visits pct",2026-03-07,"quantile",0.5,5.15
2026-02-28,"indianapolis",1,"Flu ED visits pct",2026-03-07,"quantile",0.75,5.52059309309309
2026-02-28,"indianapolis",1,"Flu ED visits pct",2026-03-07,"quantile",0.9,6.62835135135135
2026-02-28,"indianapolis",1,"Flu ED visits pct",2026-03-07,"quantile",0.95,7.46966966966967
2026-02-28,"indianapolis",1,"Flu ED visits pct",2026-03-07,"quantile",0.975,7.95815740740741
2026-02-28,"indianapolis",2,"Flu ED visits pct",2026-03-14,"quantile",0.025,1.78510785785786
2026-02-28,"indianapolis",2,"Flu ED visits pct",2026-03-14,"quantile",0.05,2.43064414414414
2026-02-28,"indianapolis",2,"Flu ED visits pct",2026-03-14,"quantile",0.1,3.25444144144144
2026-02-28,"indianapolis",2,"Flu ED visits pct",2026-03-14,"quantile",0.25,4.47169419419419
2026-02-28,"indianapolis",2,"Flu ED visits pct",2026-03-14,"quantile",0.5,5.15
2026-02-28,"indianapolis",2,"Flu ED visits pct",2026-03-14,"quantile",0.75,5.78807057057057
2026-02-28,"indianapolis",2,"Flu ED visits pct",2026-03-14,"quantile",0.9,7.11085485485485
2026-02-28,"indianapolis",2,"Flu ED visits pct",2026-03-14,"quantile",0.95,7.733
2026-02-28,"indianapolis",2,"Flu ED visits pct",2026-03-14,"quantile",0.975,8.24848448448448
2026-02-28,"indianapolis",3,"Flu ED visits pct",2026-03-21,"quantile",0.025,1.32173098098098
2026-02-28,"indianapolis",3,"Flu ED visits pct",2026-03-21,"quantile",0.05,2.17364164164164
2026-02-28,"indianapolis",3,"Flu ED visits pct",2026-03-21,"quantile",0.1,2.87916816816817
2026-02-28,"indianapolis",3,"Flu ED visits pct",2026-03-21,"quantile",0.25,4.28358358358358
2026-02-28,"indianapolis",3,"Flu ED visits pct",2026-03-21,"quantile",0.5,5.15
2026-02-28,"indianapolis",3,"Flu ED visits pct",2026-03-21,"quantile",0.75,6.04564564564565
2026-02-28,"indianapolis",3,"Flu ED visits pct",2026-03-21,"quantile",0.9,7.46762462462462
2026-02-28,"indianapolis",3,"Flu ED visits pct",2026-03-21,"quantile",0.95,7.98641741741741
2026-02-28,"indianapolis",3,"Flu ED visits pct",2026-03-21,"quantile",0.975,8.77283558558559
2026-02-28,"la-grange",0,"Flu ED visits pct",2026-02-28,"quantile",0.025,0.043977477477477
2026-02-28,"la-grange",0,"Flu ED visits pct",2026-02-28,"quantile",0.05,0.833
2026-02-28,"la-grange",0,"Flu ED visits pct",2026-02-28,"quantile",0.1,1.81589189189189
2026-02-28,"la-grange",0,"Flu ED visits pct",2026-02-28,"quantile",0.25,2.48507507507508
2026-02-28,"la-grange",0,"Flu ED visits pct",2026-02-28,"quantile",0.5,2.66
2026-02-28,"la-grange",0,"Flu ED visits pct",2026-02-28,"quantile",0.75,2.83492492492492
2026-02-28,"la-grange",0,"Flu ED visits pct",2026-02-28,"quantile",0.9,3.50410810810811
2026-02-28,"la-grange",0,"Flu ED visits pct",2026-02-28,"quantile",0.95,4.487
2026-02-28,"la-grange",0,"Flu ED visits pct",2026-02-28,"quantile",0.975,5.27675
2026-02-28,"la-grange",1,"Flu ED visits pct",2026-03-07,"quantile",0.025,0
2026-02-28,"la-grange",1,"Flu ED visits pct",2026-03-07,"quantile",0.05,0
2026-02-28,"la-grange",1,"Flu ED visits pct",2026-03-07,"quantile",0.1,1.04103403403403
2026-02-28,"la-grange",1,"Flu ED visits pct",2026-03-07,"quantile",0.25,2.21301801801802
2026-02-28,"la-grange",1,"Flu ED visits pct",2026-03-07,"quantile",0.5,2.66
2026-02-28,"la-grange",1,"Flu ED visits pct",2026-03-07,"quantile",0.75,3.11513513513514
2026-02-28,"la-grange",1,"Flu ED visits pct",2026-03-07,"quantile",0.9,4.38626726726727
2026-02-28,"la-grange",1,"Flu ED visits pct",2026-03-07,"quantile",0.95,5.27560660660661
2026-02-28,"la-grange",1,"Flu ED visits pct",2026-03-07,"quantile",0.975,6.44734284284284
2026-02-28,"la-grange",2,"Flu ED visits pct",2026-03-14,"quantile",0.025,0
2026-02-28,"la-grange",2,"Flu ED visits pct",2026-03-14,"quantile",0.05,0
2026-02-28,"la-grange",2,"Flu ED visits pct",2026-03-14,"quantile",0.1,0.326604604604604
2026-02-28,"la-grange",2,"Flu ED visits pct",2026-03-14,"quantile",0.25,1.93538788788789
2026-02-28,"la-grange",2,"Flu ED visits pct",2026-03-14,"quantile",0.5,2.66
2026-02-28,"la-grange",2,"Flu ED visits pct",2026-03-14,"quantile",0.75,3.43860610610611
2026-02-28,"la-grange",2,"Flu ED visits pct",2026-03-14,"quantile",0.9,4.8861091091091
2026-02-28,"la-grange",2,"Flu ED visits pct",2026-03-14,"quantile",0.95,6.21761761761763
2026-02-28,"la-grange",2,"Flu ED visits pct",2026-03-14,"quantile",0.975,7.3469537037037
2026-02-28,"la-grange",3,"Flu ED visits pct",2026-03-21,"quantile",0.025,0
2026-02-28,"la-grange",3,"Flu ED visits pct",2026-03-21,"quantile",0.05,0
2026-02-28,"la-grange",3,"Flu ED visits pct",2026-03-21,"quantile",0.1,0
2026-02-28,"la-grange",3,"Flu ED visits pct",2026-03-21,"quantile",0.25,1.67216716716717
2026-02-28,"la-grange",3,"Flu ED visits pct",2026-03-21,"quantile",0.5,2.66
2026-02-28,"la-grange",3,"Flu ED visits pct",2026-03-21,"quantile",0.75,3.61322822822823
2026-02-28,"la-grange",3,"Flu ED visits pct",2026-03-21,"quantile",0.9,5.30767967967968
2026-02-28,"la-grange",3,"Flu ED visits pct",2026-03-21,"quantile",0.95,6.66379379379379
2026-02-28,"la-grange",3,"Flu ED visits pct",2026-03-21,"quantile",0.975,8.06055030030029
2026-02-28,"larimer",0,"Flu ED visits pct",2026-02-28,"quantile",0.025,0.57775
2026-02-28,"larimer",0,"Flu ED visits pct",2026-02-28,"quantile",0.05,1.2
2026-02-28,"larimer",0,"Flu ED visits pct",2026-02-28,"quantile",0.1,1.68601801801802
2026-02-28,"larimer",0,"Flu ED visits pct",2026-02-28,"quantile",0.25,2.1
2026-02-28,"larimer",0,"Flu ED visits pct",2026-02-28,"quantile",0.5,2.21
2026-02-28,"larimer",0,"Flu ED visits pct",2026-02-28,"quantile",0.75,2.32
2026-02-28,"larimer",0,"Flu ED visits pct",2026-02-28,"quantile",0.9,2.73398198198198
2026-02-28,"larimer",0,"Flu ED visits pct",2026-02-28,"quantile",0.95,3.22
2026-02-28,"larimer",0,"Flu ED visits pct",2026-02-28,"quantile",0.975,3.84225
2026-02-28,"larimer",1,"Flu ED visits pct",2026-03-07,"quantile",0.025,0.0417327327327327
2026-02-28,"larimer",1,"Flu ED visits pct",2026-03-07,"quantile",0.05,0.673491991991992
2026-02-28,"larimer",1,"Flu ED visits pct",2026-03-07,"quantile",0.1,1.31217317317317
2026-02-28,"larimer",1,"Flu ED visits pct",2026-03-07,"quantile",0.25,1.94
2026-02-28,"larimer",1,"Flu ED visits pct",2026-03-07,"quantile",0.5,2.21
2026-02-28,"larimer",1,"Flu ED visits pct",2026-03-07,"quantile",0.75,2.49
2026-02-28,"larimer",1,"Flu ED visits pct",2026-03-07,"quantile",0.9,3.16494694694695
2026-02-28,"larimer",1,"Flu ED visits pct",2026-03-07,"quantile",0.95,3.83267117117117
2026-02-28,"larimer",1,"Flu ED visits pct",2026-03-07,"quantile",0.975,4.25990690690691
2026-02-28,"larimer",2,"Flu ED visits pct",2026-03-14,"quantile",0.025,0
2026-02-28,"larimer",2,"Flu ED visits pct",2026-03-14,"quantile",0.05,0.329833833833834
2026-02-28,"larimer",2,"Flu ED visits pct",2026-03-14,"quantile",0.1,1.03452952952953
2026-02-28,"larimer",2,"Flu ED visits pct",2026-03-14,"quantile",0.25,1.77373373373373
2026-02-28,"larimer",2,"Flu ED visits pct",2026-03-14,"quantile",0.5,2.21
2026-02-28,"larimer",2,"Flu ED visits pct",2026-03-14,"quantile",0.75,2.6889964964965
2026-02-28,"larimer",2,"Flu ED visits pct",2026-03-14,"quantile",0.9,3.46444844844845
2026-02-28,"larimer",2,"Flu ED visits pct",2026-03-14,"quantile",0.95,4.14160860860861
2026-02-28,"larimer",2,"Flu ED visits pct",2026-03-14,"quantile",0.975,4.49674549549549
2026-02-28,"larimer",3,"Flu ED visits pct",2026-03-21,"quantile",0.025,0
2026-02-28,"larimer",3,"Flu ED visits pct",2026-03-21,"quantile",0.05,0
2026-02-28,"larimer",3,"Flu ED visits pct",2026-03-21,"quantile",0.1,0.668752752752753
2026-02-28,"larimer",3,"Flu ED visits pct",2026-03-21,"quantile",0.25,1.64600850850851
2026-02-28,"larimer",3,"Flu ED visits pct",2026-03-21,"quantile",0.5,2.21
2026-02-28,"larimer",3,"Flu ED visits pct",2026-03-21,"quantile",0.75,2.81837587587588
2026-02-28,"larimer",3,"Flu ED visits pct",2026-03-21,"quantile",0.9,3.89577377377377
2026-02-28,"larimer",3,"Flu ED visits pct",2026-03-21,"quantile",0.95,4.48156306306307
2026-02-28,"larimer",3,"Flu ED visits pct",2026-03-21,"quantile",0.975,4.98429329329329
2026-02-28,"lynn",0,"Flu ED visits pct",2026-02-28,"quantile",0.025,0
2026-02-28,"lynn",0,"Flu ED visits pct",2026-02-28,"quantile",0.05,0.275
2026-02-28,"lynn",0,"Flu ED visits pct",2026-02-28,"quantile",0.1,1.25603603603604
2026-02-28,"lynn",0,"Flu ED visits pct",2026-02-28,"quantile",0.25,1.72
2026-02-28,"lynn",0,"Flu ED visits pct",2026-02-28,"quantile",0.5,1.81
2026-02-28,"lynn",0,"Flu ED visits pct",2026-02-28,"quantile",0.75,1.9
2026-02-28,"lynn",0,"Flu ED visits pct",2026-02-28,"quantile",0.9,2.36396396396396
2026-02-28,"lynn",0,"Flu ED visits pct",2026-02-28,"quantile",0.95,3.345
2026-02-28,"lynn",0,"Flu ED visits pct",2026-02-28,"quantile",0.975,3.91175
2026-02-28,"lynn",1,"Flu ED visits pct",2026-03-07,"quantile",0.025,0
2026-02-28,"lynn",1,"Flu ED visits pct",2026-03-07,"quantile",0.05,0
2026-02-28,"lynn",1,"Flu ED visits pct",2026-03-07,"quantile",0.1,0.446810810810811
2026-02-28,"lynn",1,"Flu ED visits pct",2026-03-07,"quantile",0.25,1.49164914914915
2026-02-28,"lynn",1,"Flu ED visits pct",2026-03-07,"quantile",0.5,1.81
2026-02-28,"lynn",1,"Flu ED visits pct",2026-03-07,"quantile",0.75,2.11692942942943
2026-02-28,"lynn",1,"Flu ED visits pct",2026-03-07,"quantile",0.9,3.11255655655656
2026-02-28,"lynn",1,"Flu ED visits pct",2026-03-07,"quantile",0.95,3.85153853853854
2026-02-28,"lynn",1,"Flu ED visits pct",2026-03-07,"quantile",0.975,4.26573823823824
2026-02-28,"lynn",2,"Flu ED visits pct",2026-03-14,"quantile",0.025,0
2026-02-28,"lynn",2,"Flu ED visits pct",2026-03-14,"quantile",0.05,0
2026-02-28,"lynn",2,"Flu ED visits pct",2026-03-14,"quantile",0.1,0
2026-02-28,"lynn",2,"Flu ED visits pct",2026-03-14,"quantile",0.25,1.36496996996997
2026-02-28,"lynn",2,"Flu ED visits pct",2026-03-14,"quantile",0.5,1.81
2026-02-28,"lynn",2,"Flu ED visits pct",2026-03-14,"quantile",0.75,2.34499249249249
2026-02-28,"lynn",2,"Flu ED visits pct",2026-03-14,"quantile",0.9,3.52937137137137
2026-02-28,"lynn",2,"Flu ED visits pct",2026-03-14,"quantile",0.95,4.18029279279279
2026-02-28,"lynn",2,"Flu ED visits pct",2026-03-14,"quantile",0.975,4.9270950950951
2026-02-28,"lynn",3,"Flu ED visits pct",2026-03-21,"quantile",0.025,0
2026-02-28,"lynn",3,"Flu ED visits pct",2026-03-21,"quantile",0.05,0
2026-02-28,"lynn",3,"Flu ED visits pct",2026-03-21,"quantile",0.1,0
2026-02-28,"lynn",3,"Flu ED visits pct",2026-03-21,"quantile",0.25,1.10179179179179
2026-02-28,"lynn",3,"Flu ED visits pct",2026-03-21,"quantile",0.5,1.81
2026-02-28,"lynn",3,"Flu ED visits pct",2026-03-21,"quantile",0.75,2.52263763763764
2026-02-28,"lynn",3,"Flu ED visits pct",2026-03-21,"quantile",0.9,3.74575075075075
2026-02-28,"lynn",3,"Flu ED visits pct",2026-03-21,"quantile",0.95,4.52622922922923
2026-02-28,"lynn",3,"Flu ED visits pct",2026-03-21,"quantile",0.975,5.12168668668668
2026-02-28,"macon",0,"Flu ED visits pct",2026-02-28,"quantile",0.025,0.79075
2026-02-28,"macon",0,"Flu ED visits pct",2026-02-28,"quantile",0.05,1.4025
2026-02-28,"macon",0,"Flu ED visits pct",2026-02-28,"quantile",0.1,1.77994594594595
2026-02-28,"macon",0,"Flu ED visits pct",2026-02-28,"quantile",0.25,2.1525
2026-02-28,"macon",0,"Flu ED visits pct",2026-02-28,"quantile",0.5,2.29
2026-02-28,"macon",0,"Flu ED visits pct",2026-02-28,"quantile",0.75,2.4275
2026-02-28,"macon",0,"Flu ED visits pct",2026-02-28,"quantile",0.9,2.80005405405405
2026-02-28,"macon",0,"Flu ED visits pct",2026-02-28,"quantile",0.95,3.1775
2026-02-28,"macon",0,"Flu ED visits pct",2026-02-28,"quantile",0.975,3.78925
2026-02-28,"macon",1,"Flu ED visits pct",2026-03-07,"quantile",0.025,0.164081331331331
2026-02-28,"macon",1,"Flu ED visits pct",2026-03-07,"quantile",0.05,0.737185185185185
2026-02-28,"macon",1,"Flu ED visits pct",2026-03-07,"quantile",0.1,1.35663463463463
2026-02-28,"macon",1,"Flu ED visits pct",2026-03-07,"quantile",0.25,1.9455005005005
2026-02-28,"macon",1,"Flu ED visits pct",2026-03-07,"quantile",0.5,2.29
2026-02-28,"macon",1,"Flu ED visits pct",2026-03-07,"quantile",0.75,2.63592342342342
2026-02-28,"macon",1,"Flu ED visits pct",2026-03-07,"quantile",0.9,3.18041141141141
2026-02-28,"macon",1,"Flu ED visits pct",2026-03-07,"quantile",0.95,3.87134684684685
2026-02-28,"macon",1,"Flu ED visits pct",2026-03-07,"quantile",0.975,4.51510660660661
2026-02-28,"macon",2,"Flu ED visits pct",2026-03-14,"quantile",0.025,0
2026-02-28,"macon",2,"Flu ED visits pct",2026-03-14,"quantile",0.05,0.513558558558559
2026-02-28,"macon",2,"Flu ED visits pct",2026-03-14,"quantile",0.1,1.04387487487488
2026-02-28,"macon",2,"Flu ED visits pct",2026-03-14,"quantile",0.25,1.79348348348348
2026-02-28,"macon",2,"Flu ED visits pct",2026-03-14,"quantile",0.5,2.29
2026-02-28,"macon",2,"Flu ED visits pct",2026-03-14,"quantile",0.75,2.79718468468468
2026-02-28,"macon",2,"Flu ED visits pct",2026-03-14,"quantile",0.9,3.55634434434434
2026-02-28,"macon",2,"Flu ED visits pct",2026-03-14,"quantile",0.95,4.20247347347347
2026-02-28,"macon",2,"Flu ED visits pct",2026-03-14,"quantile",0.975,4.81858333333334
2026-02-28,"macon",3,"Flu ED visits pct",2026-03-21,"quantile",0.025,0
2026-02-28,"macon",3,"Flu ED visits pct",2026-03-21,"quantile",0.05,0.15455905905906
2026-02-28,"macon",3,"Flu ED visits pct",2026-03-21,"quantile",0.1,0.742595595595596
2026-02-28,"macon",3,"Flu ED visits pct",2026-03-21,"quantile",0.25,1.62077077077077
2026-02-28,"macon",3,"Flu ED visits pct",2026-03-21,"quantile",0.5,2.29
2026-02-28,"macon",3,"Flu ED visits pct",2026-03-21,"quantile",0.75,2.93129129129129
2026-02-28,"macon",3,"Flu ED visits pct",2026-03-21,"quantile",0.9,3.77164664664665
2026-02-28,"macon",3,"Flu ED visits pct",2026-03-21,"quantile",0.95,4.42574774774775
2026-02-28,"macon",3,"Flu ED visits pct",2026-03-21,"quantile",0.975,5.13430855855856
2026-02-28,"maine",0,"Flu ED visits pct",2026-02-28,"quantile",0.025,0
2026-02-28,"maine",0,"Flu ED visits pct",2026-02-28,"quantile",0.05,0.9395
2026-02-28,"maine",0,"Flu ED visits pct",2026-02-28,"quantile",0.1,1.34298198198198
2026-02-28,"maine",0,"Flu ED visits pct",2026-02-28,"quantile",0.25,1.8
2026-02-28,"maine",0,"Flu ED visits pct",2026-02-28,"quantile",0.5,1.85
2026-02-28,"maine",0,"Flu ED visits pct",2026-02-28,"quantile",0.75,1.9
2026-02-28,"maine",0,"Flu ED visits pct",2026-02-28,"quantile",0.9,2.35701801801802
2026-02-28,"maine",0,"Flu ED visits pct",2026-02-28,"quantile",0.95,2.7605
2026-02-28,"maine",0,"Flu ED visits pct",2026-02-28,"quantile",0.975,3.991
2026-02-28,"maine",1,"Flu ED visits pct",2026-03-07,"quantile",0.025,0
2026-02-28,"maine",1,"Flu ED visits pct",2026-03-07,"quantile",0.05,0
2026-02-28,"maine",1,"Flu ED visits pct",2026-03-07,"quantile",0.1,0.932972972972973
2026-02-28,"maine",1,"Flu ED visits pct",2026-03-07,"quantile",0.25,1.63803803803804
2026-02-28,"maine",1,"Flu ED visits pct",2026-03-07,"quantile",0.5,1.85
2026-02-28,"maine",1,"Flu ED visits pct",2026-03-07,"quantile",0.75,2.05
2026-02-28,"maine",1,"Flu ED visits pct",2026-03-07,"quantile",0.9,2.77373873873874
2026-02-28,"maine",1,"Flu ED visits pct",2026-03-07,"quantile",0.95,3.86309909909909
2026-02-28,"maine",1,"Flu ED visits pct",2026-03-07,"quantile",0.975,4.28264514514515
2026-02-28,"maine",2,"Flu ED visits pct",2026-03-14,"quantile",0.025,0
2026-02-28,"maine",2,"Flu ED visits pct",2026-03-14,"quantile",0.05,0
2026-02-28,"maine",2,"Flu ED visits pct",2026-03-14,"quantile",0.1,0.438542542542543
2026-02-28,"maine",2,"Flu ED visits pct",2026-03-14,"quantile",0.25,1.47202702702703
2026-02-28,"maine",2,"Flu ED visits pct",2026-03-14,"quantile",0.5,1.85
2026-02-28,"maine",2,"Flu ED visits pct",2026-03-14,"quantile",0.75,2.25395395395396
2026-02-28,"maine",2,"Flu ED visits pct",2026-03-14,"quantile",0.9,3.21525125125125
2026-02-28,"maine",2,"Flu ED visits pct",2026-03-14,"quantile",0.95,4.1158048048048
2026-02-28,"maine",2,"Flu ED visits pct",2026-03-14,"quantile",0.975,4.85585885885886
2026-02-28,"maine",3,"Flu ED visits pct",2026-03-21,"quantile",0.025,0
2026-02-28,"maine",3,"Flu ED visits pct",2026-03-21,"quantile",0.05,0
2026-02-28,"maine",3,"Flu ED visits pct",2026-03-21,"quantile",0.1,0
2026-02-28,"maine",3,"Flu ED visits pct",2026-03-21,"quantile",0.25,1.26302552552553
2026-02-28,"maine",3,"Flu ED visits pct",2026-03-21,"quantile",0.5,1.85
2026-02-28,"maine",3,"Flu ED visits pct",2026-03-21,"quantile",0.75,2.42464214214214
2026-02-28,"maine",3,"Flu ED visits pct",2026-03-21,"quantile",0.9,3.64480880880881
2026-02-28,"maine",3,"Flu ED visits pct",2026-03-21,"quantile",0.95,4.40391941941941
2026-02-28,"maine",3,"Flu ED visits pct",2026-03-21,"quantile",0.975,5.06430780780781
2026-02-28,"marietta",0,"Flu ED visits pct",2026-02-28,"quantile",0.025,0
2026-02-28,"marietta",0,"Flu ED visits pct",2026-02-28,"quantile",0.05,1.203
2026-02-28,"marietta",0,"Flu ED visits pct",2026-02-28,"quantile",0.1,1.75494594594595
2026-02-28,"marietta",0,"Flu ED visits pct",2026-02-28,"quantile",0.25,2.24
2026-02-28,"marietta",0,"Flu ED visits pct",2026-02-28,"quantile",0.5,2.35
2026-02-28,"marietta",0,"Flu ED visits pct",2026-02-28,"quantile",0.75,2.46
2026-02-28,"marietta",0,"Flu ED visits pct",2026-02-28,"quantile",0.9,2.94505405405405
2026-02-28,"marietta",0,"Flu ED visits pct",2026-02-28,"quantile",0.95,3.497
2026-02-28,"marietta",0,"Flu ED visits pct",2026-02-28,"quantile",0.975,4.86000000000001
2026-02-28,"marietta",1,"Flu ED visits pct",2026-03-07,"quantile",0.025,0
2026-02-28,"marietta",1,"Flu ED visits pct",2026-03-07,"quantile",0.05,0
2026-02-28,"marietta",1,"Flu ED visits pct",2026-03-07,"quantile",0.1,1.17599299299299
2026-02-28,"marietta",1,"Flu ED visits pct",2026-03-07,"quantile",0.25,2.03152902902903
2026-02-28,"marietta",1,"Flu ED visits pct",2026-03-07,"quantile",0.5,2.35
2026-02-28,"marietta",1,"Flu ED visits pct",2026-03-07,"quantile",0.75,2.71846096096096
2026-02-28,"marietta",1,"Flu ED visits pct",2026-03-07,"quantile",0.9,3.48663963963964
2026-02-28,"marietta",1,"Flu ED visits pct",2026-03-07,"quantile",0.95,4.92212962962962
2026-02-28,"marietta",1,"Flu ED visits pct",2026-03-07,"quantile",0.975,5.87636636636636
2026-02-28,"marietta",2,"Flu ED visits pct",2026-03-14,"quantile",0.025,0
2026-02-28,"marietta",2,"Flu ED visits pct",2026-03-14,"quantile",0.05,0
2026-02-28,"marietta",2,"Flu ED visits pct",2026-03-14,"quantile",0.1,0.486537537537537
2026-02-28,"marietta",2,"Flu ED visits pct",2026-03-14,"quantile",0.25,1.80012512512512
2026-02-28,"marietta",2,"Flu ED visits pct",2026-03-14,"quantile",0.5,2.35
2026-02-28,"marietta",2,"Flu ED visits pct",2026-03-14,"quantile",0.75,2.92092842842843
2026-02-28,"marietta",2,"Flu ED visits pct",2026-03-14,"quantile",0.9,4.10386086086086
2026-02-28,"marietta",2,"Flu ED visits pct",2026-03-14,"quantile",0.95,5.44335435435436
2026-02-28,"marietta",2,"Flu ED visits pct",2026-03-14,"quantile",0.975,6.50888138138137
2026-02-28,"marietta",3,"Flu ED visits pct",2026-03-21,"quantile",0.025,0
2026-02-28,"marietta",3,"Flu ED visits pct",2026-03-21,"quantile",0.05,0
2026-02-28,"marietta",3,"Flu ED visits pct",2026-03-21,"quantile",0.1,0.0721011011011017
2026-02-28,"marietta",3,"Flu ED visits pct",2026-03-21,"quantile",0.25,1.55386636636637
2026-02-28,"marietta",3,"Flu ED visits pct",2026-03-21,"quantile",0.5,2.35
2026-02-28,"marietta",3,"Flu ED visits pct",2026-03-21,"quantile",0.75,3.06238488488489
2026-02-28,"marietta",3,"Flu ED visits pct",2026-03-21,"quantile",0.9,4.84472372372373
2026-02-28,"marietta",3,"Flu ED visits pct",2026-03-21,"quantile",0.95,5.91358008008008
2026-02-28,"marietta",3,"Flu ED visits pct",2026-03-21,"quantile",0.975,6.89417167167167
2026-02-28,"maryland",0,"Flu ED visits pct",2026-02-28,"quantile",0.025,0
2026-02-28,"maryland",0,"Flu ED visits pct",2026-02-28,"quantile",0.05,0
2026-02-28,"maryland",0,"Flu ED visits pct",2026-02-28,"quantile",0.1,0.609
2026-02-28,"maryland",0,"Flu ED visits pct",2026-02-28,"quantile",0.25,1.20253753753754
2026-02-28,"maryland",0,"Flu ED visits pct",2026-02-28,"quantile",0.5,1.28
2026-02-28,"maryland",0,"Flu ED visits pct",2026-02-28,"quantile",0.75,1.35746246246246
2026-02-28,"maryland",0,"Flu ED visits pct",2026-02-28,"quantile",0.9,1.951
2026-02-28,"maryland",0,"Flu ED visits pct",2026-02-28,"quantile",0.95,2.743
2026-02-28,"maryland",0,"Flu ED visits pct",2026-02-28,"quantile",0.975,3.361
2026-02-28,"maryland",1,"Flu ED visits pct",2026-03-07,"quantile",0.025,0
2026-02-28,"maryland",1,"Flu ED visits pct",2026-03-07,"quantile",0.05,0
2026-02-28,"maryland",1,"Flu ED visits pct",2026-03-07,"quantile",0.1,0
2026-02-28,"maryland",1,"Flu ED visits pct",2026-03-07,"quantile",0.25,0.913513513513514
2026-02-28,"maryland",1,"Flu ED visits pct",2026-03-07,"quantile",0.5,1.28
2026-02-28,"maryland",1,"Flu ED visits pct",2026-03-07,"quantile",0.75,1.6425
2026-02-28,"maryland",1,"Flu ED visits pct",2026-03-07,"quantile",0.9,2.65
2026-02-28,"maryland",1,"Flu ED visits pct",2026-03-07,"quantile",0.95,3.3036996996997
2026-02-28,"maryland",1,"Flu ED visits pct",2026-03-07,"quantile",0.975,4.01597422422422
2026-02-28,"maryland",2,"Flu ED visits pct",2026-03-14,"quantile",0.025,0
2026-02-28,"maryland",2,"Flu ED visits pct",2026-03-14,"quantile",0.05,0
2026-02-28,"maryland",2,"Flu ED visits pct",2026-03-14,"quantile",0.1,0
2026-02-28,"maryland",2,"Flu ED visits pct",2026-03-14,"quantile",0.25,0.66
2026-02-28,"maryland",2,"Flu ED visits pct",2026-03-14,"quantile",0.5,1.28
2026-02-28,"maryland",2,"Flu ED visits pct",2026-03-14,"quantile",0.75,1.9263063063063
2026-02-28,"maryland",2,"Flu ED visits pct",2026-03-14,"quantile",0.9,3.0934024024024
2026-02-28,"maryland",2,"Flu ED visits pct",2026-03-14,"quantile",0.95,3.75230730730731
2026-02-28,"maryland",2,"Flu ED visits pct",2026-03-14,"quantile",0.975,4.36442217217217
2026-02-28,"maryland",3,"Flu ED visits pct",2026-03-21,"quantile",0.025,0
2026-02-28,"maryland",3,"Flu ED visits pct",2026-03-21,"quantile",0.05,0
2026-02-28,"maryland",3,"Flu ED visits pct",2026-03-21,"quantile",0.1,0
2026-02-28,"maryland",3,"Flu ED visits pct",2026-03-21,"quantile",0.25,0.388133133133133
2026-02-28,"maryland",3,"Flu ED visits pct",2026-03-21,"quantile",0.5,1.28
2026-02-28,"maryland",3,"Flu ED visits pct",2026-03-21,"quantile",0.75,2.14675425425425
2026-02-28,"maryland",3,"Flu ED visits pct",2026-03-21,"quantile",0.9,3.39362462462463
2026-02-28,"maryland",3,"Flu ED visits pct",2026-03-21,"quantile",0.95,4.07753953953954
2026-02-28,"maryland",3,"Flu ED visits pct",2026-03-21,"quantile",0.975,4.88377377377377
2026-02-28,"massachusetts",0,"Flu ED visits pct",2026-02-28,"quantile",0.025,0
2026-02-28,"massachusetts",0,"Flu ED visits pct",2026-02-28,"quantile",0.05,0.299499999999999
2026-02-28,"massachusetts",0,"Flu ED visits pct",2026-02-28,"quantile",0.1,1.16996396396396
2026-02-28,"massachusetts",0,"Flu ED visits pct",2026-02-28,"quantile",0.25,1.65
2026-02-28,"massachusetts",0,"Flu ED visits pct",2026-02-28,"quantile",0.5,1.7
2026-02-28,"massachusetts",0,"Flu ED visits pct",2026-02-28,"quantile",0.75,1.75
2026-02-28,"massachusetts",0,"Flu ED visits pct",2026-02-28,"quantile",0.9,2.23003603603604
2026-02-28,"massachusetts",0,"Flu ED visits pct",2026-02-28,"quantile",0.95,3.1005
2026-02-28,"massachusetts",0,"Flu ED visits pct",2026-02-28,"quantile",0.975,3.514
2026-02-28,"massachusetts",1,"Flu ED visits pct",2026-03-07,"quantile",0.025,0
2026-02-28,"massachusetts",1,"Flu ED visits pct",2026-03-07,"quantile",0.05,0
2026-02-28,"massachusetts",1,"Flu ED visits pct",2026-03-07,"quantile",0.1,0.315255255255254
2026-02-28,"massachusetts",1,"Flu ED visits pct",2026-03-07,"quantile",0.25,1.44003003003003
2026-02-28,"massachusetts",1,"Flu ED visits pct",2026-03-07,"quantile",0.5,1.7
2026-02-28,"massachusetts",1,"Flu ED visits pct",2026-03-07,"quantile",0.75,1.9560035035035
2026-02-28,"massachusetts",1,"Flu ED visits pct",2026-03-07,"quantile",0.9,3.06945445445445
2026-02-28,"massachusetts",1,"Flu ED visits pct",2026-03-07,"quantile",0.95,3.54082982982983
2026-02-28,"massachusetts",1,"Flu ED visits pct",2026-03-07,"quantile",0.975,4.12812612612613
2026-02-28,"massachusetts",2,"Flu ED visits pct",2026-03-14,"quantile",0.025,0
2026-02-28,"massachusetts",2,"Flu ED visits pct",2026-03-14,"quantile",0.05,0
2026-02-28,"massachusetts",2,"Flu ED visits pct",2026-03-14,"quantile",0.1,0.0935825825825825
2026-02-28,"massachusetts",2,"Flu ED visits pct",2026-03-14,"quantile",0.25,1.22903903903904
2026-02-28,"massachusetts",2,"Flu ED visits pct",2026-03-14,"quantile",0.5,1.7
2026-02-28,"massachusetts",2,"Flu ED visits pct",2026-03-14,"quantile",0.75,2.17225475475475
2026-02-28,"massachusetts",2,"Flu ED visits pct",2026-03-14,"quantile",0.9,3.2926036036036
2026-02-28,"massachusetts",2,"Flu ED visits pct",2026-03-14,"quantile",0.95,3.88193893893894
2026-02-28,"massachusetts",2,"Flu ED visits pct",2026-03-14,"quantile",0.975,4.83375175175175
2026-02-28,"massachusetts",3,"Flu ED visits pct",2026-03-21,"quantile",0.025,0
2026-02-28,"massachusetts",3,"Flu ED visits pct",2026-03-21,"quantile",0.05,0
2026-02-28,"massachusetts",3,"Flu ED visits pct",2026-03-21,"quantile",0.1,0
2026-02-28,"massachusetts",3,"Flu ED visits pct",2026-03-21,"quantile",0.25,0.996901901901902
2026-02-28,"massachusetts",3,"Flu ED visits pct",2026-03-21,"quantile",0.5,1.7
2026-02-28,"massachusetts",3,"Flu ED visits pct",2026-03-21,"quantile",0.75,2.37438438438438
2026-02-28,"massachusetts",3,"Flu ED visits pct",2026-03-21,"quantile",0.9,3.5416036036036
2026-02-28,"massachusetts",3,"Flu ED visits pct",2026-03-21,"quantile",0.95,4.42212062062062
2026-02-28,"massachusetts",3,"Flu ED visits pct",2026-03-21,"quantile",0.975,4.96521396396396
2026-02-28,"medford",0,"Flu ED visits pct",2026-02-28,"quantile",0.025,3.27775
2026-02-28,"medford",0,"Flu ED visits pct",2026-02-28,"quantile",0.05,4.1165
2026-02-28,"medford",0,"Flu ED visits pct",2026-02-28,"quantile",0.1,4.71301801801802
2026-02-28,"medford",0,"Flu ED visits pct",2026-02-28,"quantile",0.25,5.32253753753754
2026-02-28,"medford",0,"Flu ED visits pct",2026-02-28,"quantile",0.5,5.4
2026-02-28,"medford",0,"Flu ED visits pct",2026-02-28,"quantile",0.75,5.47746246246246
2026-02-28,"medford",0,"Flu ED visits pct",2026-02-28,"quantile",0.9,6.08698198198198
2026-02-28,"medford",0,"Flu ED visits pct",2026-02-28,"quantile",0.95,6.6835
2026-02-28,"medford",0,"Flu ED visits pct",2026-02-28,"quantile",0.975,7.52225
2026-02-28,"medford",1,"Flu ED visits pct",2026-03-07,"quantile",0.025,2.41419694694695
2026-02-28,"medford",1,"Flu ED visits pct",2026-03-07,"quantile",0.05,3.2069049049049
2026-02-28,"medford",1,"Flu ED visits pct",2026-03-07,"quantile",0.1,4.14877577577577
2026-02-28,"medford",1,"Flu ED visits pct",2026-03-07,"quantile",0.25,5.11907157157157
2026-02-28,"medford",1,"Flu ED visits pct",2026-03-07,"quantile",0.5,5.4
2026-02-28,"medford",1,"Flu ED visits pct",2026-03-07,"quantile",0.75,5.68057557557558
2026-02-28,"medford",1,"Flu ED visits pct",2026-03-07,"quantile",0.9,6.62248448448449
2026-02-28,"medford",1,"Flu ED visits pct",2026-03-07,"quantile",0.95,7.60188538538538
2026-02-28,"medford",1,"Flu ED visits pct",2026-03-07,"quantile",0.975,8.350001001001
2026-02-28,"medford",2,"Flu ED visits pct",2026-03-14,"quantile",0.025,2.1105487987988
2026-02-28,"medford",2,"Flu ED visits pct",2026-03-14,"quantile",0.05,2.71291841841842
2026-02-28,"medford",2,"Flu ED visits pct",2026-03-14,"quantile",0.1,3.72813213213213
2026-02-28,"medford",2,"Flu ED visits pct",2026-03-14,"quantile",0.25,4.83481731731732
2026-02-28,"medford",2,"Flu ED visits pct",2026-03-14,"quantile",0.5,5.4
2026-02-28,"medford",2,"Flu ED visits pct",2026-03-14,"quantile",0.75,5.97072322322322
2026-02-28,"medford",2,"Flu ED visits pct",2026-03-14,"quantile",0.9,7.14057257257257
2026-02-28,"medford",2,"Flu ED visits pct",2026-03-14,"quantile",0.95,8.05105105105105
2026-02-28,"medford",2,"Flu ED visits pct",2026-03-14,"quantile",0.975,8.78692992992993
2026-02-28,"medford",3,"Flu ED visits pct",2026-03-21,"quantile",0.025,1.9973953953954
2026-02-28,"medford",3,"Flu ED visits pct",2026-03-21,"quantile",0.05,2.45385035035035
2026-02-28,"medford",3,"Flu ED visits pct",2026-03-21,"quantile",0.1,3.29313913913914
2026-02-28,"medford",3,"Flu ED visits pct",2026-03-21,"quantile",0.25,4.66787287287287
2026-02-28,"medford",3,"Flu ED visits pct",2026-03-21,"quantile",0.5,5.4
2026-02-28,"medford",3,"Flu ED visits pct",2026-03-21,"quantile",0.75,6.21015515515515
2026-02-28,"medford",3,"Flu ED visits pct",2026-03-21,"quantile",0.9,7.52731731731732
2026-02-28,"medford",3,"Flu ED visits pct",2026-03-21,"quantile",0.95,8.42646446446447
2026-02-28,"medford",3,"Flu ED visits pct",2026-03-21,"quantile",0.975,8.97479079079079
2026-02-28,"mesa",0,"Flu ED visits pct",2026-02-28,"quantile",0.025,0
2026-02-28,"mesa",0,"Flu ED visits pct",2026-02-28,"quantile",0.05,0.9265
2026-02-28,"mesa",0,"Flu ED visits pct",2026-02-28,"quantile",0.1,1.45994594594595
2026-02-28,"mesa",0,"Flu ED visits pct",2026-02-28,"quantile",0.25,1.93996246246246
2026-02-28,"mesa",0,"Flu ED visits pct",2026-02-28,"quantile",0.5,2.06
2026-02-28,"mesa",0,"Flu ED visits pct",2026-02-28,"quantile",0.75,2.18003753753754
2026-02-28,"mesa",0,"Flu ED visits pct",2026-02-28,"quantile",0.9,2.66005405405405
2026-02-28,"mesa",0,"Flu ED visits pct",2026-02-28,"quantile",0.95,3.1935
2026-02-28,"mesa",0,"Flu ED visits pct",2026-02-28,"quantile",0.975,4.667
2026-02-28,"mesa",1,"Flu ED visits pct",2026-03-07,"quantile",0.025,0
2026-02-28,"mesa",1,"Flu ED visits pct",2026-03-07,"quantile",0.05,0
2026-02-28,"mesa",1,"Flu ED visits pct",2026-03-07,"quantile",0.1,0.929881881881882
2026-02-28,"mesa",1,"Flu ED visits pct",2026-03-07,"quantile",0.25,1.73092342342342
2026-02-28,"mesa",1,"Flu ED visits pct",2026-03-07,"quantile",0.5,2.06
2026-02-28,"mesa",1,"Flu ED visits pct",2026-03-07,"quantile",0.75,2.37783033033033
2026-02-28,"mesa",1,"Flu ED visits pct",2026-03-07,"quantile",0.9,3.1808018018018
2026-02-28,"mesa",1,"Flu ED visits pct",2026-03-07,"quantile",0.95,4.58012212212212
2026-02-28,"mesa",1,"Flu ED visits pct",2026-03-07,"quantile",0.975,5.77957582582582
2026-02-28,"mesa",2,"Flu ED visits pct",2026-03-14,"quantile",0.025,0
2026-02-28,"mesa",2,"Flu ED visits pct",2026-03-14,"quantile",0.05,0
2026-02-28,"mesa",2,"Flu ED visits pct",2026-03-14,"quantile",0.1,0.145129129129129
2026-02-28,"mesa",2,"Flu ED visits pct",2026-03-14,"quantile",0.25,1.52
2026-02-28,"mesa",2,"Flu ED visits pct",2026-03-14,"quantile",0.5,2.06
2026-02-28,"mesa",2,"Flu ED visits pct",2026-03-14,"quantile",0.75,2.64090840840841
2026-02-28,"mesa",2,"Flu ED visits pct",2026-03-14,"quantile",0.9,4.06444944944945
2026-02-28,"mesa",2,"Flu ED visits pct",2026-03-14,"quantile",0.95,4.96015515515515
2026-02-28,"mesa",2,"Flu ED visits pct",2026-03-14,"quantile",0.975,6.37511161161162
2026-02-28,"mesa",3,"Flu ED visits pct",2026-03-21,"quantile",0.025,0
2026-02-28,"mesa",3,"Flu ED visits pct",2026-03-21,"quantile",0.05,0
2026-02-28,"mesa",3,"Flu ED visits pct",2026-03-21,"quantile",0.1,0
2026-02-28,"mesa",3,"Flu ED visits pct",2026-03-21,"quantile",0.25,1.32545045045045
2026-02-28,"mesa",3,"Flu ED visits pct",2026-03-21,"quantile",0.5,2.06
2026-02-28,"mesa",3,"Flu ED visits pct",2026-03-21,"quantile",0.75,2.80999249249249
2026-02-28,"mesa",3,"Flu ED visits pct",2026-03-21,"quantile",0.9,4.43026626626627
2026-02-28,"mesa",3,"Flu ED visits pct",2026-03-21,"quantile",0.95,5.78003903903905
2026-02-28,"mesa",3,"Flu ED visits pct",2026-03-21,"quantile",0.975,7.37797747747747
2026-02-28,"minneapolis",0,"Flu ED visits pct",2026-02-28,"quantile",0.025,0.0829999999999997
2026-02-28,"minneapolis",0,"Flu ED visits pct",2026-02-28,"quantile",0.05,0.7865
2026-02-28,"minneapolis",0,"Flu ED visits pct",2026-02-28,"quantile",0.1,1.356
2026-02-28,"minneapolis",0,"Flu ED visits pct",2026-02-28,"quantile",0.25,1.79
2026-02-28,"minneapolis",0,"Flu ED visits pct",2026-02-28,"quantile",0.5,1.9
2026-02-28,"minneapolis",0,"Flu ED visits pct",2026-02-28,"quantile",0.75,2.01
2026-02-28,"minneapolis",0,"Flu ED visits pct",2026-02-28,"quantile",0.9,2.444
2026-02-28,"minneapolis",0,"Flu ED visits pct",2026-02-28,"quantile",0.95,3.0135
2026-02-28,"minneapolis",0,"Flu ED visits pct",2026-02-28,"quantile",0.975,3.717
2026-02-28,"minneapolis",1,"Flu ED visits pct",2026-03-07,"quantile",0.025,0
2026-02-28,"minneapolis",1,"Flu ED visits pct",2026-03-07,"quantile",0.05,0
2026-02-28,"minneapolis",1,"Flu ED visits pct",2026-03-07,"quantile",0.1,0.808162162162162
2026-02-28,"minneapolis",1,"Flu ED visits pct",2026-03-07,"quantile",0.25,1.59572822822823
2026-02-28,"minneapolis",1,"Flu ED visits pct",2026-03-07,"quantile",0.5,1.9
2026-02-28,"minneapolis",1,"Flu ED visits pct",2026-03-07,"quantile",0.75,2.19152402402402
2026-02-28,"minneapolis",1,"Flu ED visits pct",2026-03-07,"quantile",0.9,2.98551751751752
2026-02-28,"minneapolis",1,"Flu ED visits pct",2026-03-07,"quantile",0.95,3.73613913913914
2026-02-28,"minneapolis",1,"Flu ED visits pct",2026-03-07,"quantile",0.975,5.1063253253253
2026-02-28,"minneapolis",2,"Flu ED visits pct",2026-03-14,"quantile",0.025,0
2026-02-28,"minneapolis",2,"Flu ED visits pct",2026-03-14,"quantile",0.05,0
2026-02-28,"minneapolis",2,"Flu ED visits pct",2026-03-14,"quantile",0.1,0.380424424424426
2026-02-28,"minneapolis",2,"Flu ED visits pct",2026-03-14,"quantile",0.25,1.4151051051051
2026-02-28,"minneapolis",2,"Flu ED visits pct",2026-03-14,"quantile",0.5,1.9
2026-02-28,"minneapolis",2,"Flu ED visits pct",2026-03-14,"quantile",0.75,2.34036036036036
2026-02-28,"minneapolis",2,"Flu ED visits pct",2026-03-14,"quantile",0.9,3.48357157157157
2026-02-28,"minneapolis",2,"Flu ED visits pct",2026-03-14,"quantile",0.95,4.68517767767769
2026-02-28,"minneapolis",2,"Flu ED visits pct",2026-03-14,"quantile",0.975,5.45662487487488
2026-02-28,"minneapolis",3,"Flu ED visits pct",2026-03-21,"quantile",0.025,0
2026-02-28,"minneapolis",3,"Flu ED visits pct",2026-03-21,"quantile",0.05,0
2026-02-28,"minneapolis",3,"Flu ED visits pct",2026-03-21,"quantile",0.1,0.0172117117117117
2026-02-28,"minneapolis",3,"Flu ED visits pct",2026-03-21,"quantile",0.25,1.26776026026026
2026-02-28,"minneapolis",3,"Flu ED visits pct",2026-03-21,"quantile",0.5,1.9
2026-02-28,"minneapolis",3,"Flu ED visits pct",2026-03-21,"quantile",0.75,2.56201201201201
2026-02-28,"minneapolis",3,"Flu ED visits pct",2026-03-21,"quantile",0.9,3.74850850850851
2026-02-28,"minneapolis",3,"Flu ED visits pct",2026-03-21,"quantile",0.95,5.04546746746747
2026-02-28,"minneapolis",3,"Flu ED visits pct",2026-03-21,"quantile",0.975,5.79999299299301
2026-02-28,"minnesota",0,"Flu ED visits pct",2026-02-28,"quantile",0.025,0.20125
2026-02-28,"minnesota",0,"Flu ED visits pct",2026-02-28,"quantile",0.05,0.8965
2026-02-28,"minnesota",0,"Flu ED visits pct",2026-02-28,"quantile",0.1,1.66205405405405
2026-02-28,"minnesota",0,"Flu ED visits pct",2026-02-28,"quantile",0.25,2.28253753753754
2026-02-28,"minnesota",0,"Flu ED visits pct",2026-02-28,"quantile",0.5,2.37
2026-02-28,"minnesota",0,"Flu ED visits pct",2026-02-28,"quantile",0.75,2.45746246246246
2026-02-28,"minnesota",0,"Flu ED visits pct",2026-02-28,"quantile",0.9,3.07794594594595
2026-02-28,"minnesota",0,"Flu ED visits pct",2026-02-28,"quantile",0.95,3.8435
2026-02-28,"minnesota",0,"Flu ED visits pct",2026-02-28,"quantile",0.975,4.53875
2026-02-28,"minnesota",1,"Flu ED visits pct",2026-03-07,"quantile",0.025,0
2026-02-28,"minnesota",1,"Flu ED visits pct",2026-03-07,"quantile",0.05,0.147147147147147
2026-02-28,"minnesota",1,"Flu ED visits pct",2026-03-07,"quantile",0.1,0.938341341341342
2026-02-28,"minnesota",1,"Flu ED visits pct",2026-03-07,"quantile",0.25,2.08062812812813
2026-02-28,"minnesota",1,"Flu ED visits pct",2026-03-07,"quantile",0.5,2.37
2026-02-28,"minnesota",1,"Flu ED visits pct",2026-03-07,"quantile",0.75,2.71031781781782
2026-02-28,"minnesota",1,"Flu ED visits pct",2026-03-07,"quantile",0.9,3.82217617617618
2026-02-28,"minnesota",1,"Flu ED visits pct",2026-03-07,"quantile",0.95,4.49013513513514
2026-02-28,"minnesota",1,"Flu ED visits pct",2026-03-07,"quantile",0.975,5.83050975975976
2026-02-28,"minnesota",2,"Flu ED visits pct",2026-03-14,"quantile",0.025,0
2026-02-28,"minnesota",2,"Flu ED visits pct",2026-03-14,"quantile",0.05,0
2026-02-28,"minnesota",2,"Flu ED visits pct",2026-03-14,"quantile",0.1,0.444235235235233
2026-02-28,"minnesota",2,"Flu ED visits pct",2026-03-14,"quantile",0.25,1.7759009009009
2026-02-28,"minnesota",2,"Flu ED visits pct",2026-03-14,"quantile",0.5,2.37
2026-02-28,"minnesota",2,"Flu ED visits pct",2026-03-14,"quantile",0.75,3.01207207207207
2026-02-28,"minnesota",2,"Flu ED visits pct",2026-03-14,"quantile",0.9,4.22697297297297
2026-02-28,"minnesota",2,"Flu ED visits pct",2026-03-14,"quantile",0.95,5.24928978978979
2026-02-28,"minnesota",2,"Flu ED visits pct",2026-03-14,"quantile",0.975,6.32326976976977
2026-02-28,"minnesota",3,"Flu ED visits pct",2026-03-21,"quantile",0.025,0
2026-02-28,"minnesota",3,"Flu ED visits pct",2026-03-21,"quantile",0.05,0
2026-02-28,"minnesota",3,"Flu ED visits pct",2026-03-21,"quantile",0.1,0.257067067067067
2026-02-28,"minnesota",3,"Flu ED visits pct",2026-03-21,"quantile",0.25,1.59521021021021
2026-02-28,"minnesota",3,"Flu ED visits pct",2026-03-21,"quantile",0.5,2.37
2026-02-28,"minnesota",3,"Flu ED visits pct",2026-03-21,"quantile",0.75,3.18274024024024
2026-02-28,"minnesota",3,"Flu ED visits pct",2026-03-21,"quantile",0.9,4.4798028028028
2026-02-28,"minnesota",3,"Flu ED visits pct",2026-03-21,"quantile",0.95,5.6888013013013
2026-02-28,"minnesota",3,"Flu ED visits pct",2026-03-21,"quantile",0.975,6.40890715715716
2026-02-28,"montgomery",0,"Flu ED visits pct",2026-02-28,"quantile",0.025,0
2026-02-28,"montgomery",0,"Flu ED visits pct",2026-02-28,"quantile",0.05,0
2026-02-28,"montgomery",0,"Flu ED visits pct",2026-02-28,"quantile",0.1,0.595981981981982
2026-02-28,"montgomery",0,"Flu ED visits pct",2026-02-28,"quantile",0.25,1.19253753753754
2026-02-28,"montgomery",0,"Flu ED visits pct",2026-02-28,"quantile",0.5,1.27
2026-02-28,"montgomery",0,"Flu ED visits pct",2026-02-28,"quantile",0.75,1.34746246246246
2026-02-28,"montgomery",0,"Flu ED visits pct",2026-02-28,"quantile",0.9,1.94401801801802
2026-02-28,"montgomery",0,"Flu ED visits pct",2026-02-28,"quantile",0.95,2.68
2026-02-28,"montgomery",0,"Flu ED visits pct",2026-02-28,"quantile",0.975,3.50175
2026-02-28,"montgomery",1,"Flu ED visits pct",2026-03-07,"quantile",0.025,0
2026-02-28,"montgomery",1,"Flu ED visits pct",2026-03-07,"quantile",0.05,0
2026-02-28,"montgomery",1,"Flu ED visits pct",2026-03-07,"quantile",0.1,0
2026-02-28,"montgomery",1,"Flu ED visits pct",2026-03-07,"quantile",0.25,0.920452952952953
2026-02-28,"montgomery",1,"Flu ED visits pct",2026-03-07,"quantile",0.5,1.27
2026-02-28,"montgomery",1,"Flu ED visits pct",2026-03-07,"quantile",0.75,1.6266016016016
2026-02-28,"montgomery",1,"Flu ED visits pct",2026-03-07,"quantile",0.9,2.57255055055054
2026-02-28,"montgomery",1,"Flu ED visits pct",2026-03-07,"quantile",0.95,3.54487137137137
2026-02-28,"montgomery",1,"Flu ED visits pct",2026-03-07,"quantile",0.975,4.15209159159159
2026-02-28,"montgomery",2,"Flu ED visits pct",2026-03-14,"quantile",0.025,0
2026-02-28,"montgomery",2,"Flu ED visits pct",2026-03-14,"quantile",0.05,0
2026-02-28,"montgomery",2,"Flu ED visits pct",2026-03-14,"quantile",0.1,0
2026-02-28,"montgomery",2,"Flu ED visits pct",2026-03-14,"quantile",0.25,0.664654654654655
2026-02-28,"montgomery",2,"Flu ED visits pct",2026-03-14,"quantile",0.5,1.27
2026-02-28,"montgomery",2,"Flu ED visits pct",2026-03-14,"quantile",0.75,1.86102352352352
2026-02-28,"montgomery",2,"Flu ED visits pct",2026-03-14,"quantile",0.9,3.2153973973974
2026-02-28,"montgomery",2,"Flu ED visits pct",2026-03-14,"quantile",0.95,3.92724974974975
2026-02-28,"montgomery",2,"Flu ED visits pct",2026-03-14,"quantile",0.975,4.53415940940941
2026-02-28,"montgomery",3,"Flu ED visits pct",2026-03-21,"quantile",0.025,0
2026-02-28,"montgomery",3,"Flu ED visits pct",2026-03-21,"quantile",0.05,0
2026-02-28,"montgomery",3,"Flu ED visits pct",2026-03-21,"quantile",0.1,0
2026-02-28,"montgomery",3,"Flu ED visits pct",2026-03-21,"quantile",0.25,0.46505255255255
2026-02-28,"montgomery",3,"Flu ED visits pct",2026-03-21,"quantile",0.5,1.27
2026-02-28,"montgomery",3,"Flu ED visits pct",2026-03-21,"quantile",0.75,2.07741741741742
2026-02-28,"montgomery",3,"Flu ED visits pct",2026-03-21,"quantile",0.9,3.49904904904905
2026-02-28,"montgomery",3,"Flu ED visits pct",2026-03-21,"quantile",0.95,4.23937637637637
2026-02-28,"montgomery",3,"Flu ED visits pct",2026-03-21,"quantile",0.975,4.99190540540539
2026-02-28,"nenc",0,"Flu ED visits pct",2026-02-28,"quantile",0.025,1.40152927927928
2026-02-28,"nenc",0,"Flu ED visits pct",2026-02-28,"quantile",0.05,1.93222372372372
2026-02-28,"nenc",0,"Flu ED visits pct",2026-02-28,"quantile",0.1,2.349
2026-02-28,"nenc",0,"Flu ED visits pct",2026-02-28,"quantile",0.25,2.58
2026-02-28,"nenc",0,"Flu ED visits pct",2026-02-28,"quantile",0.5,2.64
2026-02-28,"nenc",0,"Flu ED visits pct",2026-02-28,"quantile",0.75,2.7
2026-02-28,"nenc",0,"Flu ED visits pct",2026-02-28,"quantile",0.9,2.931
2026-02-28,"nenc",0,"Flu ED visits pct",2026-02-28,"quantile",0.95,3.34777627627627
2026-02-28,"nenc",0,"Flu ED visits pct",2026-02-28,"quantile",0.975,3.87847072072072
2026-02-28,"nenc",1,"Flu ED visits pct",2026-03-07,"quantile",0.025,0.196243243243243
2026-02-28,"nenc",1,"Flu ED visits pct",2026-03-07,"quantile",0.05,1.41079129129129
2026-02-28,"nenc",1,"Flu ED visits pct",2026-03-07,"quantile",0.1,2.017
2026-02-28,"nenc",1,"Flu ED visits pct",2026-03-07,"quantile",0.25,2.51
2026-02-28,"nenc",1,"Flu ED visits pct",2026-03-07,"quantile",0.5,2.64
2026-02-28,"nenc",1,"Flu ED visits pct",2026-03-07,"quantile",0.75,2.78
2026-02-28,"nenc",1,"Flu ED visits pct",2026-03-07,"quantile",0.9,3.27026126126126
2026-02-28,"nenc",1,"Flu ED visits pct",2026-03-07,"quantile",0.95,3.87841891891892
2026-02-28,"nenc",1,"Flu ED visits pct",2026-03-07,"quantile",0.975,4.99968543543543
2026-02-28,"nenc",2,"Flu ED visits pct",2026-03-14,"quantile",0.025,0
2026-02-28,"nenc",2,"Flu ED visits pct",2026-03-14,"quantile",0.05,0.668261261261261
2026-02-28,"nenc",2,"Flu ED visits pct",2026-03-14,"quantile",0.1,1.77701501501501
2026-02-28,"nenc",2,"Flu ED visits pct",2026-03-14,"quantile",0.25,2.36
2026-02-28,"nenc",2,"Flu ED visits pct",2026-03-14,"quantile",0.5,2.64
2026-02-28,"nenc",2,"Flu ED visits pct",2026-03-14,"quantile",0.75,2.88337837837838
2026-02-28,"nenc",2,"Flu ED visits pct",2026-03-14,"quantile",0.9,3.60283783783784
2026-02-28,"nenc",2,"Flu ED visits pct",2026-03-14,"quantile",0.95,4.48026276276276
2026-02-28,"nenc",2,"Flu ED visits pct",2026-03-14,"quantile",0.975,5.78037462462462
2026-02-28,"nenc",3,"Flu ED visits pct",2026-03-21,"quantile",0.025,0
2026-02-28,"nenc",3,"Flu ED visits pct",2026-03-21,"quantile",0.05,0.078499999999999
2026-02-28,"nenc",3,"Flu ED visits pct",2026-03-21,"quantile",0.1,1.43308708708709
2026-02-28,"nenc",3,"Flu ED visits pct",2026-03-21,"quantile",0.25,2.24
2026-02-28,"nenc",3,"Flu ED visits pct",2026-03-21,"quantile",0.5,2.64
2026-02-28,"nenc",3,"Flu ED visits pct",2026-03-21,"quantile",0.75,2.99
2026-02-28,"nenc",3,"Flu ED visits pct",2026-03-21,"quantile",0.9,3.8642012012012
2026-02-28,"nenc",3,"Flu ED visits pct",2026-03-21,"quantile",0.95,4.96913063063063
2026-02-28,"nenc",3,"Flu ED visits pct",2026-03-21,"quantile",0.975,6.11996846846847
2026-02-28,"new-bedford",0,"Flu ED visits pct",2026-02-28,"quantile",0.025,0
2026-02-28,"new-bedford",0,"Flu ED visits pct",2026-02-28,"quantile",0.05,0.4715
2026-02-28,"new-bedford",0,"Flu ED visits pct",2026-02-28,"quantile",0.1,1.74294594594595
2026-02-28,"new-bedford",0,"Flu ED visits pct",2026-02-28,"quantile",0.25,2.15
2026-02-28,"new-bedford",0,"Flu ED visits pct",2026-02-28,"quantile",0.5,2.27
2026-02-28,"new-bedford",0,"Flu ED visits pct",2026-02-28,"quantile",0.75,2.39
2026-02-28,"new-bedford",0,"Flu ED visits pct",2026-02-28,"quantile",0.9,2.79705405405405
2026-02-28,"new-bedford",0,"Flu ED visits pct",2026-02-28,"quantile",0.95,4.0685
2026-02-28,"new-bedford",0,"Flu ED visits pct",2026-02-28,"quantile",0.975,4.8715
2026-02-28,"new-bedford",1,"Flu ED visits pct",2026-03-07,"quantile",0.025,0
2026-02-28,"new-bedford",1,"Flu ED visits pct",2026-03-07,"quantile",0.05,0
2026-02-28,"new-bedford",1,"Flu ED visits pct",2026-03-07,"quantile",0.1,0.917035035035035
2026-02-28,"new-bedford",1,"Flu ED visits pct",2026-03-07,"quantile",0.25,1.94336586586587
2026-02-28,"new-bedford",1,"Flu ED visits pct",2026-03-07,"quantile",0.5,2.27
2026-02-28,"new-bedford",1,"Flu ED visits pct",2026-03-07,"quantile",0.75,2.54204454454455
2026-02-28,"new-bedford",1,"Flu ED visits pct",2026-03-07,"quantile",0.9,3.70587687687688
2026-02-28,"new-bedford",1,"Flu ED visits pct",2026-03-07,"quantile",0.95,4.73612512512513
2026-02-28,"new-bedford",1,"Flu ED visits pct",2026-03-07,"quantile",0.975,5.52554054054053
2026-02-28,"new-bedford",2,"Flu ED visits pct",2026-03-14,"quantile",0.025,0
2026-02-28,"new-bedford",2,"Flu ED visits pct",2026-03-14,"quantile",0.05,0
2026-02-28,"new-bedford",2,"Flu ED visits pct",2026-03-14,"quantile",0.1,0.279089089089089
2026-02-28,"new-bedford",2,"Flu ED visits pct",2026-03-14,"quantile",0.25,1.78772772772773
2026-02-28,"new-bedford",2,"Flu ED visits pct",2026-03-14,"quantile",0.5,2.27
2026-02-28,"new-bedford",2,"Flu ED visits pct",2026-03-14,"quantile",0.75,2.77935935935936
2026-02-28,"new-bedford",2,"Flu ED visits pct",2026-03-14,"quantile",0.9,4.35946946946947
2026-02-28,"new-bedford",2,"Flu ED visits pct",2026-03-14,"quantile",0.95,5.174002002002
2026-02-28,"new-bedford",2,"Flu ED visits pct",2026-03-14,"quantile",0.975,5.91326351351351
2026-02-28,"new-bedford",3,"Flu ED visits pct",2026-03-21,"quantile",0.025,0
2026-02-28,"new-bedford",3,"Flu ED visits pct",2026-03-21,"quantile",0.05,0
2026-02-28,"new-bedford",3,"Flu ED visits pct",2026-03-21,"quantile",0.1,0
2026-02-28,"new-bedford",3,"Flu ED visits pct",2026-03-21,"quantile",0.25,1.5554054054054
2026-02-28,"new-bedford",3,"Flu ED visits pct",2026-03-21,"quantile",0.5,2.27
2026-02-28,"new-bedford",3,"Flu ED visits pct",2026-03-21,"quantile",0.75,3.0098048048048
2026-02-28,"new-bedford",3,"Flu ED visits pct",2026-03-21,"quantile",0.9,4.70143343343342
2026-02-28,"new-bedford",3,"Flu ED visits pct",2026-03-21,"quantile",0.95,5.47140190190189
2026-02-28,"new-bedford",3,"Flu ED visits pct",2026-03-21,"quantile",0.975,6.59782657657657
2026-02-28,"north-carolina",0,"Flu ED visits pct",2026-02-28,"quantile",0.025,1.84351726726727
2026-02-28,"north-carolina",0,"Flu ED visits pct",2026-02-28,"quantile",0.05,2.40817467467467
2026-02-28,"north-carolina",0,"Flu ED visits pct",2026-02-28,"quantile",0.1,2.83
2026-02-28,"north-carolina",0,"Flu ED visits pct",2026-02-28,"quantile",0.25,3.06
2026-02-28,"north-carolina",0,"Flu ED visits pct",2026-02-28,"quantile",0.5,3.09
2026-02-28,"north-carolina",0,"Flu ED visits pct",2026-02-28,"quantile",0.75,3.12
2026-02-28,"north-carolina",0,"Flu ED visits pct",2026-02-28,"quantile",0.9,3.35
2026-02-28,"north-carolina",0,"Flu ED visits pct",2026-02-28,"quantile",0.95,3.77182532532532
2026-02-28,"north-carolina",0,"Flu ED visits pct",2026-02-28,"quantile",0.975,4.33648273273273
2026-02-28,"north-carolina",1,"Flu ED visits pct",2026-03-07,"quantile",0.025,0.988507507507508
2026-02-28,"north-carolina",1,"Flu ED visits pct",2026-03-07,"quantile",0.05,1.91135885885886
2026-02-28,"north-carolina",1,"Flu ED visits pct",2026-03-07,"quantile",0.1,2.40790990990991
2026-02-28,"north-carolina",1,"Flu ED visits pct",2026-03-07,"quantile",0.25,2.96
2026-02-28,"north-carolina",1,"Flu ED visits pct",2026-03-07,"quantile",0.5,3.09
2026-02-28,"north-carolina",1,"Flu ED visits pct",2026-03-07,"quantile",0.75,3.22
2026-02-28,"north-carolina",1,"Flu ED visits pct",2026-03-07,"quantile",0.9,3.76654054054054
2026-02-28,"north-carolina",1,"Flu ED visits pct",2026-03-07,"quantile",0.95,4.31011861861862
2026-02-28,"north-carolina",1,"Flu ED visits pct",2026-03-07,"quantile",0.975,5.00049524524523
2026-02-28,"north-carolina",2,"Flu ED visits pct",2026-03-14,"quantile",0.025,0.577024024024024
2026-02-28,"north-carolina",2,"Flu ED visits pct",2026-03-14,"quantile",0.05,1.61715215215215
2026-02-28,"north-carolina",2,"Flu ED visits pct",2026-03-14,"quantile",0.1,2.17948048048048
2026-02-28,"north-carolina",2,"Flu ED visits pct",2026-03-14,"quantile",0.25,2.82994494494494
2026-02-28,"north-carolina",2,"Flu ED visits pct",2026-03-14,"quantile",0.5,3.09
2026-02-28,"north-carolina",2,"Flu ED visits pct",2026-03-14,"quantile",0.75,3.33
2026-02-28,"north-carolina",2,"Flu ED visits pct",2026-03-14,"quantile",0.9,4.0714974974975
2026-02-28,"north-carolina",2,"Flu ED visits pct",2026-03-14,"quantile",0.95,4.743494994995
2026-02-28,"north-carolina",2,"Flu ED visits pct",2026-03-14,"quantile",0.975,5.59853728728728
2026-02-28,"north-carolina",3,"Flu ED visits pct",2026-03-21,"quantile",0.025,0.122472472472472
2026-02-28,"north-carolina",3,"Flu ED visits pct",2026-03-21,"quantile",0.05,1.15995095095095
2026-02-28,"north-carolina",3,"Flu ED visits pct",2026-03-21,"quantile",0.1,1.93984184184184
2026-02-28,"north-carolina",3,"Flu ED visits pct",2026-03-21,"quantile",0.25,2.6862037037037
2026-02-28,"north-carolina",3,"Flu ED visits pct",2026-03-21,"quantile",0.5,3.09
2026-02-28,"north-carolina",3,"Flu ED visits pct",2026-03-21,"quantile",0.75,3.45922672672673
2026-02-28,"north-carolina",3,"Flu ED visits pct",2026-03-21,"quantile",0.9,4.24488488488489
2026-02-28,"north-carolina",3,"Flu ED visits pct",2026-03-21,"quantile",0.95,5.09732532532532
2026-02-28,"north-carolina",3,"Flu ED visits pct",2026-03-21,"quantile",0.975,6.10636636636636
2026-02-28,"nyc",0,"ILI ED visits pct",2026-02-28,"quantile",0.025,1.66586336336336
2026-02-28,"nyc",0,"ILI ED visits pct",2026-02-28,"quantile",0.05,2.0275
2026-02-28,"nyc",0,"ILI ED visits pct",2026-02-28,"quantile",0.1,2.47954954954955
2026-02-28,"nyc",0,"ILI ED visits pct",2026-02-28,"quantile",0.25,2.75
2026-02-28,"nyc",0,"ILI ED visits pct",2026-02-28,"quantile",0.5,2.89
2026-02-28,"nyc",0,"ILI ED visits pct",2026-02-28,"quantile",0.75,3.03
2026-02-28,"nyc",0,"ILI ED visits pct",2026-02-28,"quantile",0.9,3.30045045045045
2026-02-28,"nyc",0,"ILI ED visits pct",2026-02-28,"quantile",0.95,3.7525
2026-02-28,"nyc",0,"ILI ED visits pct",2026-02-28,"quantile",0.975,4.11413663663663
2026-02-28,"nyc",1,"ILI ED visits pct",2026-03-07,"quantile",0.025,0.744537787787788
2026-02-28,"nyc",1,"ILI ED visits pct",2026-03-07,"quantile",0.05,1.55849149149149
2026-02-28,"nyc",1,"ILI ED visits pct",2026-03-07,"quantile",0.1,2.08976576576577
2026-02-28,"nyc",1,"ILI ED visits pct",2026-03-07,"quantile",0.25,2.6
2026-02-28,"nyc",1,"ILI ED visits pct",2026-03-07,"quantile",0.5,2.89
2026-02-28,"nyc",1,"ILI ED visits pct",2026-03-07,"quantile",0.75,3.17
2026-02-28,"nyc",1,"ILI ED visits pct",2026-03-07,"quantile",0.9,3.70994494494495
2026-02-28,"nyc",1,"ILI ED visits pct",2026-03-07,"quantile",0.95,4.18118018018018
2026-02-28,"nyc",1,"ILI ED visits pct",2026-03-07,"quantile",0.975,5.04696296296296
2026-02-28,"nyc",2,"ILI ED visits pct",2026-03-14,"quantile",0.025,0.381181431431432
2026-02-28,"nyc",2,"ILI ED visits pct",2026-03-14,"quantile",0.05,1.08540990990991
2026-02-28,"nyc",2,"ILI ED visits pct",2026-03-14,"quantile",0.1,1.77887287287287
2026-02-28,"nyc",2,"ILI ED visits pct",2026-03-14,"quantile",0.25,2.46
2026-02-28,"nyc",2,"ILI ED visits pct",2026-03-14,"quantile",0.5,2.89
2026-02-28,"nyc",2,"ILI ED visits pct",2026-03-14,"quantile",0.75,3.2988963963964
2026-02-28,"nyc",2,"ILI ED visits pct",2026-03-14,"quantile",0.9,3.98493693693693
2026-02-28,"nyc",2,"ILI ED visits pct",2026-03-14,"quantile",0.95,4.63565465465465
2026-02-28,"nyc",2,"ILI ED visits pct",2026-03-14,"quantile",0.975,5.38513213213213
2026-02-28,"nyc",3,"ILI ED visits pct",2026-03-21,"quantile",0.025,0.156175175175176
2026-02-28,"nyc",3,"ILI ED visits pct",2026-03-21,"quantile",0.05,0.708360360360362
2026-02-28,"nyc",3,"ILI ED visits pct",2026-03-21,"quantile",0.1,1.46473373373373
2026-02-28,"nyc",3,"ILI ED visits pct",2026-03-21,"quantile",0.25,2.33508508508509
2026-02-28,"nyc",3,"ILI ED visits pct",2026-03-21,"quantile",0.5,2.89
2026-02-28,"nyc",3,"ILI ED visits pct",2026-03-21,"quantile",0.75,3.4363988988989
2026-02-28,"nyc",3,"ILI ED visits pct",2026-03-21,"quantile",0.9,4.26241841841842
2026-02-28,"nyc",3,"ILI ED visits pct",2026-03-21,"quantile",0.95,5.05102002002002
2026-02-28,"nyc",3,"ILI ED visits pct",2026-03-21,"quantile",0.975,5.60417692692693
2026-02-28,"ogden",0,"Flu ED visits pct",2026-02-28,"quantile",0.025,0.703
2026-02-28,"ogden",0,"Flu ED visits pct",2026-02-28,"quantile",0.05,1.371
2026-02-28,"ogden",0,"Flu ED visits pct",2026-02-28,"quantile",0.1,2.163
2026-02-28,"ogden",0,"Flu ED visits pct",2026-02-28,"quantile",0.25,2.51
2026-02-28,"ogden",0,"Flu ED visits pct",2026-02-28,"quantile",0.5,2.61
2026-02-28,"ogden",0,"Flu ED visits pct",2026-02-28,"quantile",0.75,2.71
2026-02-28,"ogden",0,"Flu ED visits pct",2026-02-28,"quantile",0.9,3.057
2026-02-28,"ogden",0,"Flu ED visits pct",2026-02-28,"quantile",0.95,3.849
2026-02-28,"ogden",0,"Flu ED visits pct",2026-02-28,"quantile",0.975,4.517
2026-02-28,"ogden",1,"Flu ED visits pct",2026-03-07,"quantile",0.025,0
2026-02-28,"ogden",1,"Flu ED visits pct",2026-03-07,"quantile",0.05,0.619127127127127
2026-02-28,"ogden",1,"Flu ED visits pct",2026-03-07,"quantile",0.1,1.40253153153153
2026-02-28,"ogden",1,"Flu ED visits pct",2026-03-07,"quantile",0.25,2.37
2026-02-28,"ogden",1,"Flu ED visits pct",2026-03-07,"quantile",0.5,2.61
2026-02-28,"ogden",1,"Flu ED visits pct",2026-03-07,"quantile",0.75,2.85297797797798
2026-02-28,"ogden",1,"Flu ED visits pct",2026-03-07,"quantile",0.9,3.81872072072072
2026-02-28,"ogden",1,"Flu ED visits pct",2026-03-07,"quantile",0.95,4.49942692692693
2026-02-28,"ogden",1,"Flu ED visits pct",2026-03-07,"quantile",0.975,5.29818093093093
2026-02-28,"ogden",2,"Flu ED visits pct",2026-03-14,"quantile",0.025,0
2026-02-28,"ogden",2,"Flu ED visits pct",2026-03-14,"quantile",0.05,0.210328828828828
2026-02-28,"ogden",2,"Flu ED visits pct",2026-03-14,"quantile",0.1,1.04383783783784
2026-02-28,"ogden",2,"Flu ED visits pct",2026-03-14,"quantile",0.25,2.19726726726727
2026-02-28,"ogden",2,"Flu ED visits pct",2026-03-14,"quantile",0.5,2.61
2026-02-28,"ogden",2,"Flu ED visits pct",2026-03-14,"quantile",0.75,3.06906156156156
2026-02-28,"ogden",2,"Flu ED visits pct",2026-03-14,"quantile",0.9,4.25166166166166
2026-02-28,"ogden",2,"Flu ED visits pct",2026-03-14,"quantile",0.95,4.90126076076076
2026-02-28,"ogden",2,"Flu ED visits pct",2026-03-14,"quantile",0.975,5.66853403403403
2026-02-28,"ogden",3,"Flu ED visits pct",2026-03-21,"quantile",0.025,0
2026-02-28,"ogden",3,"Flu ED visits pct",2026-03-21,"quantile",0.05,0
2026-02-28,"ogden",3,"Flu ED visits pct",2026-03-21,"quantile",0.1,0.726126126126126
2026-02-28,"ogden",3,"Flu ED visits pct",2026-03-21,"quantile",0.25,1.97322072072072
2026-02-28,"ogden",3,"Flu ED visits pct",2026-03-21,"quantile",0.5,2.61
2026-02-28,"ogden",3,"Flu ED visits pct",2026-03-21,"quantile",0.75,3.37016266266266
2026-02-28,"ogden",3,"Flu ED visits pct",2026-03-21,"quantile",0.9,4.46908608608609
2026-02-28,"ogden",3,"Flu ED visits pct",2026-03-21,"quantile",0.95,5.37151751751752
2026-02-28,"ogden",3,"Flu ED visits pct",2026-03-21,"quantile",0.975,6.01317817817818
2026-02-28,"oregon",0,"Flu ED visits pct",2026-02-28,"quantile",0.025,2.27125
2026-02-28,"oregon",0,"Flu ED visits pct",2026-02-28,"quantile",0.05,3.292
2026-02-28,"oregon",0,"Flu ED visits pct",2026-02-28,"quantile",0.1,3.91298198198198
2026-02-28,"oregon",0,"Flu ED visits pct",2026-02-28,"quantile",0.25,4.25
2026-02-28,"oregon",0,"Flu ED visits pct",2026-02-28,"quantile",0.5,4.29
2026-02-28,"oregon",0,"Flu ED visits pct",2026-02-28,"quantile",0.75,4.33
2026-02-28,"oregon",0,"Flu ED visits pct",2026-02-28,"quantile",0.9,4.66701801801802
2026-02-28,"oregon",0,"Flu ED visits pct",2026-02-28,"quantile",0.95,5.288
2026-02-28,"oregon",0,"Flu ED visits pct",2026-02-28,"quantile",0.975,6.30875
2026-02-28,"oregon",1,"Flu ED visits pct",2026-03-07,"quantile",0.025,1.80681681681682
2026-02-28,"oregon",1,"Flu ED visits pct",2026-03-07,"quantile",0.05,2.3977027027027
2026-02-28,"oregon",1,"Flu ED visits pct",2026-03-07,"quantile",0.1,3.36023323323323
2026-02-28,"oregon",1,"Flu ED visits pct",2026-03-07,"quantile",0.25,4.10572572572573
2026-02-28,"oregon",1,"Flu ED visits pct",2026-03-07,"quantile",0.5,4.29
2026-02-28,"oregon",1,"Flu ED visits pct",2026-03-07,"quantile",0.75,4.50035785785786
2026-02-28,"oregon",1,"Flu ED visits pct",2026-03-07,"quantile",0.9,5.22604804804805
2026-02-28,"oregon",1,"Flu ED visits pct",2026-03-07,"quantile",0.95,6.18932682682683
2026-02-28,"oregon",1,"Flu ED visits pct",2026-03-07,"quantile",0.975,6.82326226226226
2026-02-28,"oregon",2,"Flu ED visits pct",2026-03-14,"quantile",0.025,1.52228903903904
2026-02-28,"oregon",2,"Flu ED visits pct",2026-03-14,"quantile",0.05,2.06797447447447
2026-02-28,"oregon",2,"Flu ED visits pct",2026-03-14,"quantile",0.1,2.81722622622623
2026-02-28,"oregon",2,"Flu ED visits pct",2026-03-14,"quantile",0.25,3.9352952952953
2026-02-28,"oregon",2,"Flu ED visits pct",2026-03-14,"quantile",0.5,4.29
2026-02-28,"oregon",2,"Flu ED visits pct",2026-03-14,"quantile",0.75,4.59239239239239
2026-02-28,"oregon",2,"Flu ED visits pct",2026-03-14,"quantile",0.9,5.8169039039039
2026-02-28,"oregon",2,"Flu ED visits pct",2026-03-14,"quantile",0.95,6.61935885885886
2026-02-28,"oregon",2,"Flu ED visits pct",2026-03-14,"quantile",0.975,7.1212042042042
2026-02-28,"oregon",3,"Flu ED visits pct",2026-03-21,"quantile",0.025,1.17346421421421
2026-02-28,"oregon",3,"Flu ED visits pct",2026-03-21,"quantile",0.05,1.82746946946947
2026-02-28,"oregon",3,"Flu ED visits pct",2026-03-21,"quantile",0.1,2.43545445445445
2026-02-28,"oregon",3,"Flu ED visits pct",2026-03-21,"quantile",0.25,3.80186186186186
2026-02-28,"oregon",3,"Flu ED visits pct",2026-03-21,"quantile",0.5,4.29
2026-02-28,"oregon",3,"Flu ED visits pct",2026-03-21,"quantile",0.75,4.7281031031031
2026-02-28,"oregon",3,"Flu ED visits pct",2026-03-21,"quantile",0.9,6.05855755755756
2026-02-28,"oregon",3,"Flu ED visits pct",2026-03-21,"quantile",0.95,6.80472722722723
2026-02-28,"oregon",3,"Flu ED visits pct",2026-03-21,"quantile",0.975,7.29598748748749
2026-02-28,"pittsfield",0,"Flu ED visits pct",2026-02-28,"quantile",0.025,0
2026-02-28,"pittsfield",0,"Flu ED visits pct",2026-02-28,"quantile",0.05,0
2026-02-28,"pittsfield",0,"Flu ED visits pct",2026-02-28,"quantile",0.1,0.173018018018018
2026-02-28,"pittsfield",0,"Flu ED visits pct",2026-02-28,"quantile",0.25,0.85
2026-02-28,"pittsfield",0,"Flu ED visits pct",2026-02-28,"quantile",0.5,1
2026-02-28,"pittsfield",0,"Flu ED visits pct",2026-02-28,"quantile",0.75,1.15
2026-02-28,"pittsfield",0,"Flu ED visits pct",2026-02-28,"quantile",0.9,1.82698198198198
2026-02-28,"pittsfield",0,"Flu ED visits pct",2026-02-28,"quantile",0.95,2.6365
2026-02-28,"pittsfield",0,"Flu ED visits pct",2026-02-28,"quantile",0.975,3.92175
2026-02-28,"pittsfield",1,"Flu ED visits pct",2026-03-07,"quantile",0.025,0
2026-02-28,"pittsfield",1,"Flu ED visits pct",2026-03-07,"quantile",0.05,0
2026-02-28,"pittsfield",1,"Flu ED visits pct",2026-03-07,"quantile",0.1,0
2026-02-28,"pittsfield",1,"Flu ED visits pct",2026-03-07,"quantile",0.25,0.658593593593593
2026-02-28,"pittsfield",1,"Flu ED visits pct",2026-03-07,"quantile",0.5,1
2026-02-28,"pittsfield",1,"Flu ED visits pct",2026-03-07,"quantile",0.75,1.37205705705706
2026-02-28,"pittsfield",1,"Flu ED visits pct",2026-03-07,"quantile",0.9,2.4159019019019
2026-02-28,"pittsfield",1,"Flu ED visits pct",2026-03-07,"quantile",0.95,3.88292792792793
2026-02-28,"pittsfield",1,"Flu ED visits pct",2026-03-07,"quantile",0.975,4.42518293293293
2026-02-28,"pittsfield",2,"Flu ED visits pct",2026-03-14,"quantile",0.025,0
2026-02-28,"pittsfield",2,"Flu ED visits pct",2026-03-14,"quantile",0.05,0
2026-02-28,"pittsfield",2,"Flu ED visits pct",2026-03-14,"quantile",0.1,0
2026-02-28,"pittsfield",2,"Flu ED visits pct",2026-03-14,"quantile",0.25,0.304914914914915
2026-02-28,"pittsfield",2,"Flu ED visits pct",2026-03-14,"quantile",0.5,1
2026-02-28,"pittsfield",2,"Flu ED visits pct",2026-03-14,"quantile",0.75,1.57128628628629
2026-02-28,"pittsfield",2,"Flu ED visits pct",2026-03-14,"quantile",0.9,3.04883983983984
2026-02-28,"pittsfield",2,"Flu ED visits pct",2026-03-14,"quantile",0.95,4.23027477477477
2026-02-28,"pittsfield",2,"Flu ED visits pct",2026-03-14,"quantile",0.975,4.78814864864865
2026-02-28,"pittsfield",3,"Flu ED visits pct",2026-03-21,"quantile",0.025,0
2026-02-28,"pittsfield",3,"Flu ED visits pct",2026-03-21,"quantile",0.05,0
2026-02-28,"pittsfield",3,"Flu ED visits pct",2026-03-21,"quantile",0.1,0
2026-02-28,"pittsfield",3,"Flu ED visits pct",2026-03-21,"quantile",0.25,0.00879129129129128
2026-02-28,"pittsfield",3,"Flu ED visits pct",2026-03-21,"quantile",0.5,1
2026-02-28,"pittsfield",3,"Flu ED visits pct",2026-03-21,"quantile",0.75,1.87036036036036
2026-02-28,"pittsfield",3,"Flu ED visits pct",2026-03-21,"quantile",0.9,3.60685285285285
2026-02-28,"pittsfield",3,"Flu ED visits pct",2026-03-21,"quantile",0.95,4.54763013013013
2026-02-28,"pittsfield",3,"Flu ED visits pct",2026-03-21,"quantile",0.975,5.07066366366366
2026-02-28,"portland",0,"Flu ED visits pct",2026-02-28,"quantile",0.025,0.0423280780780779
2026-02-28,"portland",0,"Flu ED visits pct",2026-02-28,"quantile",0.05,0.652
2026-02-28,"portland",0,"Flu ED visits pct",2026-02-28,"quantile",0.1,1.11301801801802
2026-02-28,"portland",0,"Flu ED visits pct",2026-02-28,"quantile",0.25,1.46
2026-02-28,"portland",0,"Flu ED visits pct",2026-02-28,"quantile",0.5,1.53
2026-02-28,"portland",0,"Flu ED visits pct",2026-02-28,"quantile",0.75,1.6
2026-02-28,"portland",0,"Flu ED visits pct",2026-02-28,"quantile",0.9,1.94698198198198
2026-02-28,"portland",0,"Flu ED visits pct",2026-02-28,"quantile",0.95,2.408
2026-02-28,"portland",0,"Flu ED visits pct",2026-02-28,"quantile",0.975,3.018
2026-02-28,"portland",1,"Flu ED visits pct",2026-03-07,"quantile",0.025,0
2026-02-28,"portland",1,"Flu ED visits pct",2026-03-07,"quantile",0.05,0.0467297297297296
2026-02-28,"portland",1,"Flu ED visits pct",2026-03-07,"quantile",0.1,0.731479479479479
2026-02-28,"portland",1,"Flu ED visits pct",2026-03-07,"quantile",0.25,1.33
2026-02-28,"portland",1,"Flu ED visits pct",2026-03-07,"quantile",0.5,1.53
2026-02-28,"portland",1,"Flu ED visits pct",2026-03-07,"quantile",0.75,1.71421921921922
2026-02-28,"portland",1,"Flu ED visits pct",2026-03-07,"quantile",0.9,2.39913313313313
2026-02-28,"portland",1,"Flu ED visits pct",2026-03-07,"quantile",0.95,2.87057507507507
2026-02-28,"portland",1,"Flu ED visits pct",2026-03-07,"quantile",0.975,3.57113788788788
2026-02-28,"portland",2,"Flu ED visits pct",2026-03-14,"quantile",0.025,0
2026-02-28,"portland",2,"Flu ED visits pct",2026-03-14,"quantile",0.05,0
2026-02-28,"portland",2,"Flu ED visits pct",2026-03-14,"quantile",0.1,0.419583583583584
2026-02-28,"portland",2,"Flu ED visits pct",2026-03-14,"quantile",0.25,1.16642392392392
2026-02-28,"portland",2,"Flu ED visits pct",2026-03-14,"quantile",0.5,1.53
2026-02-28,"portland",2,"Flu ED visits pct",2026-03-14,"quantile",0.75,1.90193693693694
2026-02-28,"portland",2,"Flu ED visits pct",2026-03-14,"quantile",0.9,2.68926426426426
2026-02-28,"portland",2,"Flu ED visits pct",2026-03-14,"quantile",0.95,3.3847002002002
2026-02-28,"portland",2,"Flu ED visits pct",2026-03-14,"quantile",0.975,3.8658033033033
2026-02-28,"portland",3,"Flu ED visits pct",2026-03-21,"quantile",0.025,0
2026-02-28,"portland",3,"Flu ED visits pct",2026-03-21,"quantile",0.05,0
2026-02-28,"portland",3,"Flu ED visits pct",2026-03-21,"quantile",0.1,0.201183183183183
2026-02-28,"portland",3,"Flu ED visits pct",2026-03-21,"quantile",0.25,1.02843343343343
2026-02-28,"portland",3,"Flu ED visits pct",2026-03-21,"quantile",0.5,1.53
2026-02-28,"portland",3,"Flu ED visits pct",2026-03-21,"quantile",0.75,2.02272772772773
2026-02-28,"portland",3,"Flu ED visits pct",2026-03-21,"quantile",0.9,2.96671871871872
2026-02-28,"portland",3,"Flu ED visits pct",2026-03-21,"quantile",0.95,3.62971521521522
2026-02-28,"portland",3,"Flu ED visits pct",2026-03-21,"quantile",0.975,4.20807132132132
2026-02-28,"portland-or",0,"Flu ED visits pct",2026-02-28,"quantile",0.025,1.9955
2026-02-28,"portland-or",0,"Flu ED visits pct",2026-02-28,"quantile",0.05,3.0695
2026-02-28,"portland-or",0,"Flu ED visits pct",2026-02-28,"quantile",0.1,3.62590990990991
2026-02-28,"portland-or",0,"Flu ED visits pct",2026-02-28,"quantile",0.25,3.96996246246246
2026-02-28,"portland-or",0,"Flu ED visits pct",2026-02-28,"quantile",0.5,4.04
2026-02-28,"portland-or",0,"Flu ED visits pct",2026-02-28,"quantile",0.75,4.11003753753754
2026-02-28,"portland-or",0,"Flu ED visits pct",2026-02-28,"quantile",0.9,4.45409009009009
2026-02-28,"portland-or",0,"Flu ED visits pct",2026-02-28,"quantile",0.95,5.0105
2026-02-28,"portland-or",0,"Flu ED visits pct",2026-02-28,"quantile",0.975,6.0845
2026-02-28,"portland-or",1,"Flu ED visits pct",2026-03-07,"quantile",0.025,1.55096196196196
2026-02-28,"portland-or",1,"Flu ED visits pct",2026-03-07,"quantile",0.05,2.10403203203203
2026-02-28,"portland-or",1,"Flu ED visits pct",2026-03-07,"quantile",0.1,3.08603103103103
2026-02-28,"portland-or",1,"Flu ED visits pct",2026-03-07,"quantile",0.25,3.83352102102102
2026-02-28,"portland-or",1,"Flu ED visits pct",2026-03-07,"quantile",0.5,4.04
2026-02-28,"portland-or",1,"Flu ED visits pct",2026-03-07,"quantile",0.75,4.26414164164164
2026-02-28,"portland-or",1,"Flu ED visits pct",2026-03-07,"quantile",0.9,5.0027027027027
2026-02-28,"portland-or",1,"Flu ED visits pct",2026-03-07,"quantile",0.95,6.0738938938939
2026-02-28,"portland-or",1,"Flu ED visits pct",2026-03-07,"quantile",0.975,6.44717117117117
2026-02-28,"portland-or",2,"Flu ED visits pct",2026-03-14,"quantile",0.025,1.31674224224224
2026-02-28,"portland-or",2,"Flu ED visits pct",2026-03-14,"quantile",0.05,1.72505455455455
2026-02-28,"portland-or",2,"Flu ED visits pct",2026-03-14,"quantile",0.1,2.69605505505505
2026-02-28,"portland-or",2,"Flu ED visits pct",2026-03-14,"quantile",0.25,3.64635635635636
2026-02-28,"portland-or",2,"Flu ED visits pct",2026-03-14,"quantile",0.5,4.04
2026-02-28,"portland-or",2,"Flu ED visits pct",2026-03-14,"quantile",0.75,4.3857982982983
2026-02-28,"portland-or",2,"Flu ED visits pct",2026-03-14,"quantile",0.9,5.33985985985985
2026-02-28,"portland-or",2,"Flu ED visits pct",2026-03-14,"quantile",0.95,6.30235835835836
2026-02-28,"portland-or",2,"Flu ED visits pct",2026-03-14,"quantile",0.975,6.71273098098098
2026-02-28,"portland-or",3,"Flu ED visits pct",2026-03-21,"quantile",0.025,0.976828328328329
2026-02-28,"portland-or",3,"Flu ED visits pct",2026-03-21,"quantile",0.05,1.41793693693694
2026-02-28,"portland-or",3,"Flu ED visits pct",2026-03-21,"quantile",0.1,2.25753353353353
2026-02-28,"portland-or",3,"Flu ED visits pct",2026-03-21,"quantile",0.25,3.46577327327327
2026-02-28,"portland-or",3,"Flu ED visits pct",2026-03-21,"quantile",0.5,4.04
2026-02-28,"portland-or",3,"Flu ED visits pct",2026-03-21,"quantile",0.75,4.57476226226226
2026-02-28,"portland-or",3,"Flu ED visits pct",2026-03-21,"quantile",0.9,5.69032532532533
2026-02-28,"portland-or",3,"Flu ED visits pct",2026-03-21,"quantile",0.95,6.57325575575575
2026-02-28,"portland-or",3,"Flu ED visits pct",2026-03-21,"quantile",0.975,6.97635285285285
2026-02-28,"provo",0,"Flu ED visits pct",2026-02-28,"quantile",0.025,0
2026-02-28,"provo",0,"Flu ED visits pct",2026-02-28,"quantile",0.05,1.052
2026-02-28,"provo",0,"Flu ED visits pct",2026-02-28,"quantile",0.1,1.51601801801802
2026-02-28,"provo",0,"Flu ED visits pct",2026-02-28,"quantile",0.25,2.04253753753754
2026-02-28,"provo",0,"Flu ED visits pct",2026-02-28,"quantile",0.5,2.16
2026-02-28,"provo",0,"Flu ED visits pct",2026-02-28,"quantile",0.75,2.27746246246246
2026-02-28,"provo",0,"Flu ED visits pct",2026-02-28,"quantile",0.9,2.80398198198198
2026-02-28,"provo",0,"Flu ED visits pct",2026-02-28,"quantile",0.95,3.268
2026-02-28,"provo",0,"Flu ED visits pct",2026-02-28,"quantile",0.975,4.54175
2026-02-28,"provo",1,"Flu ED visits pct",2026-03-07,"quantile",0.025,0
2026-02-28,"provo",1,"Flu ED visits pct",2026-03-07,"quantile",0.05,0
2026-02-28,"provo",1,"Flu ED visits pct",2026-03-07,"quantile",0.1,0.961884884884885
2026-02-28,"provo",1,"Flu ED visits pct",2026-03-07,"quantile",0.25,1.83275525525526
2026-02-28,"provo",1,"Flu ED visits pct",2026-03-07,"quantile",0.5,2.16
2026-02-28,"provo",1,"Flu ED visits pct",2026-03-07,"quantile",0.75,2.47657407407407
2026-02-28,"provo",1,"Flu ED visits pct",2026-03-07,"quantile",0.9,3.25344944944945
2026-02-28,"provo",1,"Flu ED visits pct",2026-03-07,"quantile",0.95,4.50418818818819
2026-02-28,"provo",1,"Flu ED visits pct",2026-03-07,"quantile",0.975,5.46826076076078
2026-02-28,"provo",2,"Flu ED visits pct",2026-03-14,"quantile",0.025,0
2026-02-28,"provo",2,"Flu ED visits pct",2026-03-14,"quantile",0.05,0
2026-02-28,"provo",2,"Flu ED visits pct",2026-03-14,"quantile",0.1,0.290925925925926
2026-02-28,"provo",2,"Flu ED visits pct",2026-03-14,"quantile",0.25,1.64256256256256
2026-02-28,"provo",2,"Flu ED visits pct",2026-03-14,"quantile",0.5,2.16
2026-02-28,"provo",2,"Flu ED visits pct",2026-03-14,"quantile",0.75,2.73022272272272
2026-02-28,"provo",2,"Flu ED visits pct",2026-03-14,"quantile",0.9,3.93940540540541
2026-02-28,"provo",2,"Flu ED visits pct",2026-03-14,"quantile",0.95,5.21381731731732
2026-02-28,"provo",2,"Flu ED visits pct",2026-03-14,"quantile",0.975,6.17633683683683
2026-02-28,"provo",3,"Flu ED visits pct",2026-03-21,"quantile",0.025,0
2026-02-28,"provo",3,"Flu ED visits pct",2026-03-21,"quantile",0.05,0
2026-02-28,"provo",3,"Flu ED visits pct",2026-03-21,"quantile",0.1,0
2026-02-28,"provo",3,"Flu ED visits pct",2026-03-21,"quantile",0.25,1.48
2026-02-28,"provo",3,"Flu ED visits pct",2026-03-21,"quantile",0.5,2.16
2026-02-28,"provo",3,"Flu ED visits pct",2026-03-21,"quantile",0.75,2.91254754754755
2026-02-28,"provo",3,"Flu ED visits pct",2026-03-21,"quantile",0.9,4.56218818818819
2026-02-28,"provo",3,"Flu ED visits pct",2026-03-21,"quantile",0.95,5.72459309309309
2026-02-28,"provo",3,"Flu ED visits pct",2026-03-21,"quantile",0.975,6.72255380380382
2026-02-28,"roanoke",0,"Flu ED visits pct",2026-02-28,"quantile",0.025,0.3115
2026-02-28,"roanoke",0,"Flu ED visits pct",2026-02-28,"quantile",0.05,1.8995
2026-02-28,"roanoke",0,"Flu ED visits pct",2026-02-28,"quantile",0.1,2.423
2026-02-28,"roanoke",0,"Flu ED visits pct",2026-02-28,"quantile",0.25,3.11996246246246
2026-02-28,"roanoke",0,"Flu ED visits pct",2026-02-28,"quantile",0.5,3.24
2026-02-28,"roanoke",0,"Flu ED visits pct",2026-02-28,"quantile",0.75,3.36003753753754
2026-02-28,"roanoke",0,"Flu ED visits pct",2026-02-28,"quantile",0.9,4.057
2026-02-28,"roanoke",0,"Flu ED visits pct",2026-02-28,"quantile",0.95,4.5805
2026-02-28,"roanoke",0,"Flu ED visits pct",2026-02-28,"quantile",0.975,6.1685
2026-02-28,"roanoke",1,"Flu ED visits pct",2026-03-07,"quantile",0.025,0
2026-02-28,"roanoke",1,"Flu ED visits pct",2026-03-07,"quantile",0.05,0.436050550550552
2026-02-28,"roanoke",1,"Flu ED visits pct",2026-03-07,"quantile",0.1,1.78994994994995
2026-02-28,"roanoke",1,"Flu ED visits pct",2026-03-07,"quantile",0.25,2.86252502502503
2026-02-28,"roanoke",1,"Flu ED visits pct",2026-03-07,"quantile",0.5,3.24
2026-02-28,"roanoke",1,"Flu ED visits pct",2026-03-07,"quantile",0.75,3.62907657657658
2026-02-28,"roanoke",1,"Flu ED visits pct",2026-03-07,"quantile",0.9,4.5620930930931
2026-02-28,"roanoke",1,"Flu ED visits pct",2026-03-07,"quantile",0.95,6.09306806806807
2026-02-28,"roanoke",1,"Flu ED visits pct",2026-03-07,"quantile",0.975,6.81635810810811
2026-02-28,"roanoke",2,"Flu ED visits pct",2026-03-14,"quantile",0.025,0
2026-02-28,"roanoke",2,"Flu ED visits pct",2026-03-14,"quantile",0.05,0
2026-02-28,"roanoke",2,"Flu ED visits pct",2026-03-14,"quantile",0.1,1.14506206206206
2026-02-28,"roanoke",2,"Flu ED visits pct",2026-03-14,"quantile",0.25,2.50464214214214
2026-02-28,"roanoke",2,"Flu ED visits pct",2026-03-14,"quantile",0.5,3.24
2026-02-28,"roanoke",2,"Flu ED visits pct",2026-03-14,"quantile",0.75,3.94925675675676
2026-02-28,"roanoke",2,"Flu ED visits pct",2026-03-14,"quantile",0.9,5.19852652652653
2026-02-28,"roanoke",2,"Flu ED visits pct",2026-03-14,"quantile",0.95,6.56646546546547
2026-02-28,"roanoke",2,"Flu ED visits pct",2026-03-14,"quantile",0.975,7.19721921921922
2026-02-28,"roanoke",3,"Flu ED visits pct",2026-03-21,"quantile",0.025,0
2026-02-28,"roanoke",3,"Flu ED visits pct",2026-03-21,"quantile",0.05,0
2026-02-28,"roanoke",3,"Flu ED visits pct",2026-03-21,"quantile",0.1,0.610401401401402
2026-02-28,"roanoke",3,"Flu ED visits pct",2026-03-21,"quantile",0.25,2.22015515515516
2026-02-28,"roanoke",3,"Flu ED visits pct",2026-03-21,"quantile",0.5,3.24
2026-02-28,"roanoke",3,"Flu ED visits pct",2026-03-21,"quantile",0.75,4.1212937937938
2026-02-28,"roanoke",3,"Flu ED visits pct",2026-03-21,"quantile",0.9,5.90261861861863
2026-02-28,"roanoke",3,"Flu ED visits pct",2026-03-21,"quantile",0.95,6.82284534534534
2026-02-28,"roanoke",3,"Flu ED visits pct",2026-03-21,"quantile",0.975,7.45585435435437
2026-02-28,"rochester",0,"Flu ED visits pct",2026-02-28,"quantile",0.025,2.369
2026-02-28,"rochester",0,"Flu ED visits pct",2026-02-28,"quantile",0.05,3.233
2026-02-28,"rochester",0,"Flu ED visits pct",2026-02-28,"quantile",0.1,3.89201801801802
2026-02-28,"rochester",0,"Flu ED visits pct",2026-02-28,"quantile",0.25,4.52253753753754
2026-02-28,"rochester",0,"Flu ED visits pct",2026-02-28,"quantile",0.5,4.67
2026-02-28,"rochester",0,"Flu ED visits pct",2026-02-28,"quantile",0.75,4.81746246246246
2026-02-28,"rochester",0,"Flu ED visits pct",2026-02-28,"quantile",0.9,5.44798198198198
2026-02-28,"rochester",0,"Flu ED visits pct",2026-02-28,"quantile",0.95,6.107
2026-02-28,"rochester",0,"Flu ED visits pct",2026-02-28,"quantile",0.975,6.971
2026-02-28,"rochester",1,"Flu ED visits pct",2026-03-07,"quantile",0.025,1.31560785785786
2026-02-28,"rochester",1,"Flu ED visits pct",2026-03-07,"quantile",0.05,2.3072987987988
2026-02-28,"rochester",1,"Flu ED visits pct",2026-03-07,"quantile",0.1,3.15745245245245
2026-02-28,"rochester",1,"Flu ED visits pct",2026-03-07,"quantile",0.25,4.28057307307307
2026-02-28,"rochester",1,"Flu ED visits pct",2026-03-07,"quantile",0.5,4.67
2026-02-28,"rochester",1,"Flu ED visits pct",2026-03-07,"quantile",0.75,5.06807557557558
2026-02-28,"rochester",1,"Flu ED visits pct",2026-03-07,"quantile",0.9,6.03902802802803
2026-02-28,"rochester",1,"Flu ED visits pct",2026-03-07,"quantile",0.95,6.91295045045045
2026-02-28,"rochester",1,"Flu ED visits pct",2026-03-07,"quantile",0.975,7.79933958958959
2026-02-28,"rochester",2,"Flu ED visits pct",2026-03-14,"quantile",0.025,1.05437012012012
2026-02-28,"rochester",2,"Flu ED visits pct",2026-03-14,"quantile",0.05,1.83434684684685
2026-02-28,"rochester",2,"Flu ED visits pct",2026-03-14,"quantile",0.1,2.67726126126126
2026-02-28,"rochester",2,"Flu ED visits pct",2026-03-14,"quantile",0.25,3.99
2026-02-28,"rochester",2,"Flu ED visits pct",2026-03-14,"quantile",0.5,4.67
2026-02-28,"rochester",2,"Flu ED visits pct",2026-03-14,"quantile",0.75,5.31822322322322
2026-02-28,"rochester",2,"Flu ED visits pct",2026-03-14,"quantile",0.9,6.40150850850851
2026-02-28,"rochester",2,"Flu ED visits pct",2026-03-14,"quantile",0.95,7.3713938938939
2026-02-28,"rochester",2,"Flu ED visits pct",2026-03-14,"quantile",0.975,8.48415465465465
2026-02-28,"rochester",3,"Flu ED visits pct",2026-03-21,"quantile",0.025,0.333261261261261
2026-02-28,"rochester",3,"Flu ED visits pct",2026-03-21,"quantile",0.05,1.17194994994995
2026-02-28,"rochester",3,"Flu ED visits pct",2026-03-21,"quantile",0.1,2.32023623623624
2026-02-28,"rochester",3,"Flu ED visits pct",2026-03-21,"quantile",0.25,3.74245495495495
2026-02-28,"rochester",3,"Flu ED visits pct",2026-03-21,"quantile",0.5,4.67
2026-02-28,"rochester",3,"Flu ED visits pct",2026-03-21,"quantile",0.75,5.55901401401401
2026-02-28,"rochester",3,"Flu ED visits pct",2026-03-21,"quantile",0.9,6.8856976976977
2026-02-28,"rochester",3,"Flu ED visits pct",2026-03-21,"quantile",0.95,7.92914414414414
2026-02-28,"rochester",3,"Flu ED visits pct",2026-03-21,"quantile",0.975,8.7264647147147
2026-02-28,"rock-hill",0,"Flu ED visits pct",2026-02-28,"quantile",0.025,0
2026-02-28,"rock-hill",0,"Flu ED visits pct",2026-02-28,"quantile",0.05,0
2026-02-28,"rock-hill",0,"Flu ED visits pct",2026-02-28,"quantile",0.1,0.981963963963964
2026-02-28,"rock-hill",0,"Flu ED visits pct",2026-02-28,"quantile",0.25,1.88253753753754
2026-02-28,"rock-hill",0,"Flu ED visits pct",2026-02-28,"quantile",0.5,2.09
2026-02-28,"rock-hill",0,"Flu ED visits pct",2026-02-28,"quantile",0.75,2.29746246246246
2026-02-28,"rock-hill",0,"Flu ED visits pct",2026-02-28,"quantile",0.9,3.19803603603604
2026-02-28,"rock-hill",0,"Flu ED visits pct",2026-02-28,"quantile",0.95,4.8435
2026-02-28,"rock-hill",0,"Flu ED visits pct",2026-02-28,"quantile",0.975,6.36
2026-02-28,"rock-hill",1,"Flu ED visits pct",2026-03-07,"quantile",0.025,0
2026-02-28,"rock-hill",1,"Flu ED visits pct",2026-03-07,"quantile",0.05,0
2026-02-28,"rock-hill",1,"Flu ED visits pct",2026-03-07,"quantile",0.1,0
2026-02-28,"rock-hill",1,"Flu ED visits pct",2026-03-07,"quantile",0.25,1.59681931931932
2026-02-28,"rock-hill",1,"Flu ED visits pct",2026-03-07,"quantile",0.5,2.09
2026-02-28,"rock-hill",1,"Flu ED visits pct",2026-03-07,"quantile",0.75,2.62091591591592
2026-02-28,"rock-hill",1,"Flu ED visits pct",2026-03-07,"quantile",0.9,4.48518518518518
2026-02-28,"rock-hill",1,"Flu ED visits pct",2026-03-07,"quantile",0.95,6.34303303303303
2026-02-28,"rock-hill",1,"Flu ED visits pct",2026-03-07,"quantile",0.975,8.00274199199198
2026-02-28,"rock-hill",2,"Flu ED visits pct",2026-03-14,"quantile",0.025,0
2026-02-28,"rock-hill",2,"Flu ED visits pct",2026-03-14,"quantile",0.05,0
2026-02-28,"rock-hill",2,"Flu ED visits pct",2026-03-14,"quantile",0.1,0
2026-02-28,"rock-hill",2,"Flu ED visits pct",2026-03-14,"quantile",0.25,1.14556056056056
2026-02-28,"rock-hill",2,"Flu ED visits pct",2026-03-14,"quantile",0.5,2.09
2026-02-28,"rock-hill",2,"Flu ED visits pct",2026-03-14,"quantile",0.75,3.09984234234234
2026-02-28,"rock-hill",2,"Flu ED visits pct",2026-03-14,"quantile",0.9,5.80877077077077
2026-02-28,"rock-hill",2,"Flu ED visits pct",2026-03-14,"quantile",0.95,7.56383083083082
2026-02-28,"rock-hill",2,"Flu ED visits pct",2026-03-14,"quantile",0.975,9.57671121121123
2026-02-28,"rock-hill",3,"Flu ED visits pct",2026-03-21,"quantile",0.025,0
2026-02-28,"rock-hill",3,"Flu ED visits pct",2026-03-21,"quantile",0.05,0
2026-02-28,"rock-hill",3,"Flu ED visits pct",2026-03-21,"quantile",0.1,0
2026-02-28,"rock-hill",3,"Flu ED visits pct",2026-03-21,"quantile",0.25,0.779289289289289
2026-02-28,"rock-hill",3,"Flu ED visits pct",2026-03-21,"quantile",0.5,2.09
2026-02-28,"rock-hill",3,"Flu ED visits pct",2026-03-21,"quantile",0.75,3.43797797797798
2026-02-28,"rock-hill",3,"Flu ED visits pct",2026-03-21,"quantile",0.9,6.19579579579579
2026-02-28,"rock-hill",3,"Flu ED visits pct",2026-03-21,"quantile",0.95,8.14548148148146
2026-02-28,"rock-hill",3,"Flu ED visits pct",2026-03-21,"quantile",0.975,10.5301781781782
2026-02-28,"rtp-area",0,"Flu ED visits pct",2026-02-28,"quantile",0.025,1.58922072072072
2026-02-28,"rtp-area",0,"Flu ED visits pct",2026-02-28,"quantile",0.05,2.2095
2026-02-28,"rtp-area",0,"Flu ED visits pct",2026-02-28,"quantile",0.1,2.69
2026-02-28,"rtp-area",0,"Flu ED visits pct",2026-02-28,"quantile",0.25,2.9
2026-02-28,"rtp-area",0,"Flu ED visits pct",2026-02-28,"quantile",0.5,2.94
2026-02-28,"rtp-area",0,"Flu ED visits pct",2026-02-28,"quantile",0.75,2.98
2026-02-28,"rtp-area",0,"Flu ED visits pct",2026-02-28,"quantile",0.9,3.19
2026-02-28,"rtp-area",0,"Flu ED visits pct",2026-02-28,"quantile",0.95,3.6705
2026-02-28,"rtp-area",0,"Flu ED visits pct",2026-02-28,"quantile",0.975,4.29077927927928
2026-02-28,"rtp-area",1,"Flu ED visits pct",2026-03-07,"quantile",0.025,1.12806906906907
2026-02-28,"rtp-area",1,"Flu ED visits pct",2026-03-07,"quantile",0.05,1.60004204204204
2026-02-28,"rtp-area",1,"Flu ED visits pct",2026-03-07,"quantile",0.1,2.25148048048048
2026-02-28,"rtp-area",1,"Flu ED visits pct",2026-03-07,"quantile",0.25,2.8
2026-02-28,"rtp-area",1,"Flu ED visits pct",2026-03-07,"quantile",0.5,2.94
2026-02-28,"rtp-area",1,"Flu ED visits pct",2026-03-07,"quantile",0.75,3.07
2026-02-28,"rtp-area",1,"Flu ED visits pct",2026-03-07,"quantile",0.9,3.62273873873874
2026-02-28,"rtp-area",1,"Flu ED visits pct",2026-03-07,"quantile",0.95,4.21792192192192
2026-02-28,"rtp-area",1,"Flu ED visits pct",2026-03-07,"quantile",0.975,4.88477102102102
2026-02-28,"rtp-area",2,"Flu ED visits pct",2026-03-14,"quantile",0.025,0.762686936936937
2026-02-28,"rtp-area",2,"Flu ED visits pct",2026-03-14,"quantile",0.05,1.34987537537537
2026-02-28,"rtp-area",2,"Flu ED visits pct",2026-03-14,"quantile",0.1,1.93711111111111
2026-02-28,"rtp-area",2,"Flu ED visits pct",2026-03-14,"quantile",0.25,2.71
2026-02-28,"rtp-area",2,"Flu ED visits pct",2026-03-14,"quantile",0.5,2.94
2026-02-28,"rtp-area",2,"Flu ED visits pct",2026-03-14,"quantile",0.75,3.18
2026-02-28,"rtp-area",2,"Flu ED visits pct",2026-03-14,"quantile",0.9,3.90994294294294
2026-02-28,"rtp-area",2,"Flu ED visits pct",2026-03-14,"quantile",0.95,4.5171051051051
2026-02-28,"rtp-area",2,"Flu ED visits pct",2026-03-14,"quantile",0.975,5.23330105105105
2026-02-28,"rtp-area",3,"Flu ED visits pct",2026-03-21,"quantile",0.025,0.138154654654654
2026-02-28,"rtp-area",3,"Flu ED visits pct",2026-03-21,"quantile",0.05,1.17568018018018
2026-02-28,"rtp-area",3,"Flu ED visits pct",2026-03-21,"quantile",0.1,1.74078678678679
2026-02-28,"rtp-area",3,"Flu ED visits pct",2026-03-21,"quantile",0.25,2.58542792792793
2026-02-28,"rtp-area",3,"Flu ED visits pct",2026-03-21,"quantile",0.5,2.94
2026-02-28,"rtp-area",3,"Flu ED visits pct",2026-03-21,"quantile",0.75,3.29075075075075
2026-02-28,"rtp-area",3,"Flu ED visits pct",2026-03-21,"quantile",0.9,4.18172372372372
2026-02-28,"rtp-area",3,"Flu ED visits pct",2026-03-21,"quantile",0.95,4.75502552552553
2026-02-28,"rtp-area",3,"Flu ED visits pct",2026-03-21,"quantile",0.975,5.80029504504504
2026-02-28,"salem",0,"Flu ED visits pct",2026-02-28,"quantile",0.025,2.266
2026-02-28,"salem",0,"Flu ED visits pct",2026-02-28,"quantile",0.05,3.93
2026-02-28,"salem",0,"Flu ED visits pct",2026-02-28,"quantile",0.1,4.58592792792793
2026-02-28,"salem",0,"Flu ED visits pct",2026-02-28,"quantile",0.25,4.96
2026-02-28,"salem",0,"Flu ED visits pct",2026-02-28,"quantile",0.5,5.05
2026-02-28,"salem",0,"Flu ED visits pct",2026-02-28,"quantile",0.75,5.14
2026-02-28,"salem",0,"Flu ED visits pct",2026-02-28,"quantile",0.9,5.51407207207207
2026-02-28,"salem",0,"Flu ED visits pct",2026-02-28,"quantile",0.95,6.17
2026-02-28,"salem",0,"Flu ED visits pct",2026-02-28,"quantile",0.975,7.834
2026-02-28,"salem",1,"Flu ED visits pct",2026-03-07,"quantile",0.025,1.37812137137137
2026-02-28,"salem",1,"Flu ED visits pct",2026-03-07,"quantile",0.05,2.42424574574574
2026-02-28,"salem",1,"Flu ED visits pct",2026-03-07,"quantile",0.1,4.09247847847848
2026-02-28,"salem",1,"Flu ED visits pct",2026-03-07,"quantile",0.25,4.76683183183183
2026-02-28,"salem",1,"Flu ED visits pct",2026-03-07,"quantile",0.5,5.05
2026-02-28,"salem",1,"Flu ED visits pct",2026-03-07,"quantile",0.75,5.3070970970971
2026-02-28,"salem",1,"Flu ED visits pct",2026-03-07,"quantile",0.9,6.05905305305305
2026-02-28,"salem",1,"Flu ED visits pct",2026-03-07,"quantile",0.95,7.75536686686686
2026-02-28,"salem",1,"Flu ED visits pct",2026-03-07,"quantile",0.975,8.74054004004002
2026-02-28,"salem",2,"Flu ED visits pct",2026-03-14,"quantile",0.025,0.94649074074074
2026-02-28,"salem",2,"Flu ED visits pct",2026-03-14,"quantile",0.05,1.82874424424424
2026-02-28,"salem",2,"Flu ED visits pct",2026-03-14,"quantile",0.1,3.36578178178178
2026-02-28,"salem",2,"Flu ED visits pct",2026-03-14,"quantile",0.25,4.58085585585586
2026-02-28,"salem",2,"Flu ED visits pct",2026-03-14,"quantile",0.5,5.05
2026-02-28,"salem",2,"Flu ED visits pct",2026-03-14,"quantile",0.75,5.50514264264264
2026-02-28,"salem",2,"Flu ED visits pct",2026-03-14,"quantile",0.9,6.91904704704705
2026-02-28,"salem",2,"Flu ED visits pct",2026-03-14,"quantile",0.95,8.42112912912913
2026-02-28,"salem",2,"Flu ED visits pct",2026-03-14,"quantile",0.975,9.57726926926926
2026-02-28,"salem",3,"Flu ED visits pct",2026-03-21,"quantile",0.025,0.151878378378377
2026-02-28,"salem",3,"Flu ED visits pct",2026-03-21,"quantile",0.05,1.44220720720721
2026-02-28,"salem",3,"Flu ED visits pct",2026-03-21,"quantile",0.1,2.59926726726727
2026-02-28,"salem",3,"Flu ED visits pct",2026-03-21,"quantile",0.25,4.39955455455455
2026-02-28,"salem",3,"Flu ED visits pct",2026-03-21,"quantile",0.5,5.05
2026-02-28,"salem",3,"Flu ED visits pct",2026-03-21,"quantile",0.75,5.70359109109109
2026-02-28,"salem",3,"Flu ED visits pct",2026-03-21,"quantile",0.9,7.54274574574574
2026-02-28,"salem",3,"Flu ED visits pct",2026-03-21,"quantile",0.95,8.92
2026-02-28,"salem",3,"Flu ED visits pct",2026-03-21,"quantile",0.975,9.890759009009
2026-02-28,"salt-lake-city",0,"Flu ED visits pct",2026-02-28,"quantile",0.025,0.81825
2026-02-28,"salt-lake-city",0,"Flu ED visits pct",2026-02-28,"quantile",0.05,1.53
2026-02-28,"salt-lake-city",0,"Flu ED visits pct",2026-02-28,"quantile",0.1,2.12596396396396
2026-02-28,"salt-lake-city",0,"Flu ED visits pct",2026-02-28,"quantile",0.25,2.55253753753754
2026-02-28,"salt-lake-city",0,"Flu ED visits pct",2026-02-28,"quantile",0.5,2.65
2026-02-28,"salt-lake-city",0,"Flu ED visits pct",2026-02-28,"quantile",0.75,2.74746246246246
2026-02-28,"salt-lake-city",0,"Flu ED visits pct",2026-02-28,"quantile",0.9,3.17403603603604
2026-02-28,"salt-lake-city",0,"Flu ED visits pct",2026-02-28,"quantile",0.95,3.77
2026-02-28,"salt-lake-city",0,"Flu ED visits pct",2026-02-28,"quantile",0.975,4.48175
2026-02-28,"salt-lake-city",1,"Flu ED visits pct",2026-03-07,"quantile",0.025,0.0895018768768767
2026-02-28,"salt-lake-city",1,"Flu ED visits pct",2026-03-07,"quantile",0.05,0.818494494494495
2026-02-28,"salt-lake-city",1,"Flu ED visits pct",2026-03-07,"quantile",0.1,1.57874874874875
2026-02-28,"salt-lake-city",1,"Flu ED visits pct",2026-03-07,"quantile",0.25,2.36477227227227
2026-02-28,"salt-lake-city",1,"Flu ED visits pct",2026-03-07,"quantile",0.5,2.65
2026-02-28,"salt-lake-city",1,"Flu ED visits pct",2026-03-07,"quantile",0.75,2.90112612612613
2026-02-28,"salt-lake-city",1,"Flu ED visits pct",2026-03-07,"quantile",0.9,3.65445945945946
2026-02-28,"salt-lake-city",1,"Flu ED visits pct",2026-03-07,"quantile",0.95,4.4563973973974
2026-02-28,"salt-lake-city",1,"Flu ED visits pct",2026-03-07,"quantile",0.975,5.25745995995996
2026-02-28,"salt-lake-city",2,"Flu ED visits pct",2026-03-14,"quantile",0.025,0
2026-02-28,"salt-lake-city",2,"Flu ED visits pct",2026-03-14,"quantile",0.05,0.440125625625626
2026-02-28,"salt-lake-city",2,"Flu ED visits pct",2026-03-14,"quantile",0.1,1.27940640640641
2026-02-28,"salt-lake-city",2,"Flu ED visits pct",2026-03-14,"quantile",0.25,2.18896146146146
2026-02-28,"salt-lake-city",2,"Flu ED visits pct",2026-03-14,"quantile",0.5,2.65
2026-02-28,"salt-lake-city",2,"Flu ED visits pct",2026-03-14,"quantile",0.75,3.13697697697698
2026-02-28,"salt-lake-city",2,"Flu ED visits pct",2026-03-14,"quantile",0.9,4.10127227227227
2026-02-28,"salt-lake-city",2,"Flu ED visits pct",2026-03-14,"quantile",0.95,4.9515995995996
2026-02-28,"salt-lake-city",2,"Flu ED visits pct",2026-03-14,"quantile",0.975,5.40284534534534
2026-02-28,"salt-lake-city",3,"Flu ED visits pct",2026-03-21,"quantile",0.025,0
2026-02-28,"salt-lake-city",3,"Flu ED visits pct",2026-03-21,"quantile",0.05,0.122499999999999
2026-02-28,"salt-lake-city",3,"Flu ED visits pct",2026-03-21,"quantile",0.1,0.883965965965966
2026-02-28,"salt-lake-city",3,"Flu ED visits pct",2026-03-21,"quantile",0.25,1.99683683683684
2026-02-28,"salt-lake-city",3,"Flu ED visits pct",2026-03-21,"quantile",0.5,2.65
2026-02-28,"salt-lake-city",3,"Flu ED visits pct",2026-03-21,"quantile",0.75,3.34295045045045
2026-02-28,"salt-lake-city",3,"Flu ED visits pct",2026-03-21,"quantile",0.9,4.47512212212212
2026-02-28,"salt-lake-city",3,"Flu ED visits pct",2026-03-21,"quantile",0.95,5.19737737737738
2026-02-28,"salt-lake-city",3,"Flu ED visits pct",2026-03-21,"quantile",0.975,5.80702777777776
2026-02-28,"san-antonio",0,"Flu ED visits pct",2026-02-28,"quantile",0.025,3.67075
2026-02-28,"san-antonio",0,"Flu ED visits pct",2026-02-28,"quantile",0.05,4.306
2026-02-28,"san-antonio",0,"Flu ED visits pct",2026-02-28,"quantile",0.1,5.24592792792793
2026-02-28,"san-antonio",0,"Flu ED visits pct",2026-02-28,"quantile",0.25,6.01253753753754
2026-02-28,"san-antonio",0,"Flu ED visits pct",2026-02-28,"quantile",0.5,6.1
2026-02-28,"san-antonio",0,"Flu ED visits pct",2026-02-28,"quantile",0.75,6.18746246246246
2026-02-28,"san-antonio",0,"Flu ED visits pct",2026-02-28,"quantile",0.9,6.95407207207207
2026-02-28,"san-antonio",0,"Flu ED visits pct",2026-02-28,"quantile",0.95,7.894
2026-02-28,"san-antonio",0,"Flu ED visits pct",2026-02-28,"quantile",0.975,8.52925
2026-02-28,"san-antonio",1,"Flu ED visits pct",2026-03-07,"quantile",0.025,2.90971996996997
2026-02-28,"san-antonio",1,"Flu ED visits pct",2026-03-07,"quantile",0.05,3.56593643643644
2026-02-28,"san-antonio",1,"Flu ED visits pct",2026-03-07,"quantile",0.1,4.55649349349349
2026-02-28,"san-antonio",1,"Flu ED visits pct",2026-03-07,"quantile",0.25,5.74252252252252
2026-02-28,"san-antonio",1,"Flu ED visits pct",2026-03-07,"quantile",0.5,6.1
2026-02-28,"san-antonio",1,"Flu ED visits pct",2026-03-07,"quantile",0.75,6.40403653653654
2026-02-28,"san-antonio",1,"Flu ED visits pct",2026-03-07,"quantile",0.9,7.7906966966967
2026-02-28,"san-antonio",1,"Flu ED visits pct",2026-03-07,"quantile",0.95,8.61792892892893
2026-02-28,"san-antonio",1,"Flu ED visits pct",2026-03-07,"quantile",0.975,9.35177177177177
2026-02-28,"san-antonio",2,"Flu ED visits pct",2026-03-14,"quantile",0.025,2.46918018018018
2026-02-28,"san-antonio",2,"Flu ED visits pct",2026-03-14,"quantile",0.05,3.14734484484485
2026-02-28,"san-antonio",2,"Flu ED visits pct",2026-03-14,"quantile",0.1,3.93973473473474
2026-02-28,"san-antonio",2,"Flu ED visits pct",2026-03-14,"quantile",0.25,5.37462212212212
2026-02-28,"san-antonio",2,"Flu ED visits pct",2026-03-14,"quantile",0.5,6.1
2026-02-28,"san-antonio",2,"Flu ED visits pct",2026-03-14,"quantile",0.75,6.8293918918919
2026-02-28,"san-antonio",2,"Flu ED visits pct",2026-03-14,"quantile",0.9,8.24997697697698
2026-02-28,"san-antonio",2,"Flu ED visits pct",2026-03-14,"quantile",0.95,9.13387187187187
2026-02-28,"san-antonio",2,"Flu ED visits pct",2026-03-14,"quantile",0.975,9.74849274274274
2026-02-28,"san-antonio",3,"Flu ED visits pct",2026-03-21,"quantile",0.025,2.25640840840841
2026-02-28,"san-antonio",3,"Flu ED visits pct",2026-03-21,"quantile",0.05,2.81421921921922
2026-02-28,"san-antonio",3,"Flu ED visits pct",2026-03-21,"quantile",0.1,3.6231031031031
2026-02-28,"san-antonio",3,"Flu ED visits pct",2026-03-21,"quantile",0.25,5.10375375375375
2026-02-28,"san-antonio",3,"Flu ED visits pct",2026-03-21,"quantile",0.5,6.1
2026-02-28,"san-antonio",3,"Flu ED visits pct",2026-03-21,"quantile",0.75,7.13294294294294
2026-02-28,"san-antonio",3,"Flu ED visits pct",2026-03-21,"quantile",0.9,8.55114714714715
2026-02-28,"san-antonio",3,"Flu ED visits pct",2026-03-21,"quantile",0.95,9.48275675675676
2026-02-28,"san-antonio",3,"Flu ED visits pct",2026-03-21,"quantile",0.975,10.3440605605606
2026-02-28,"savannah",0,"Flu ED visits pct",2026-02-28,"quantile",0.025,1.21075
2026-02-28,"savannah",0,"Flu ED visits pct",2026-02-28,"quantile",0.05,1.596
2026-02-28,"savannah",0,"Flu ED visits pct",2026-02-28,"quantile",0.1,1.85301801801802
2026-02-28,"savannah",0,"Flu ED visits pct",2026-02-28,"quantile",0.25,2.04996246246246
2026-02-28,"savannah",0,"Flu ED visits pct",2026-02-28,"quantile",0.5,2.12
2026-02-28,"savannah",0,"Flu ED visits pct",2026-02-28,"quantile",0.75,2.19003753753754
2026-02-28,"savannah",0,"Flu ED visits pct",2026-02-28,"quantile",0.9,2.38698198198198
2026-02-28,"savannah",0,"Flu ED visits pct",2026-02-28,"quantile",0.95,2.644
2026-02-28,"savannah",0,"Flu ED visits pct",2026-02-28,"quantile",0.975,3.02925
2026-02-28,"savannah",1,"Flu ED visits pct",2026-03-07,"quantile",0.025,0.521166666666666
2026-02-28,"savannah",1,"Flu ED visits pct",2026-03-07,"quantile",0.05,1.17951201201201
2026-02-28,"savannah",1,"Flu ED visits pct",2026-03-07,"quantile",0.1,1.64343743743744
2026-02-28,"savannah",1,"Flu ED visits pct",2026-03-07,"quantile",0.25,1.95798298298298
2026-02-28,"savannah",1,"Flu ED visits pct",2026-03-07,"quantile",0.5,2.12
2026-02-28,"savannah",1,"Flu ED visits pct",2026-03-07,"quantile",0.75,2.28117617617618
2026-02-28,"savannah",1,"Flu ED visits pct",2026-03-07,"quantile",0.9,2.56881481481482
2026-02-28,"savannah",1,"Flu ED visits pct",2026-03-07,"quantile",0.95,3.09054104104104
2026-02-28,"savannah",1,"Flu ED visits pct",2026-03-07,"quantile",0.975,3.73041291291291
2026-02-28,"savannah",2,"Flu ED visits pct",2026-03-14,"quantile",0.025,0.303977727727728
2026-02-28,"savannah",2,"Flu ED visits pct",2026-03-14,"quantile",0.05,0.670719719719719
2026-02-28,"savannah",2,"Flu ED visits pct",2026-03-14,"quantile",0.1,1.34105905905906
2026-02-28,"savannah",2,"Flu ED visits pct",2026-03-14,"quantile",0.25,1.89615365365365
2026-02-28,"savannah",2,"Flu ED visits pct",2026-03-14,"quantile",0.5,2.12
2026-02-28,"savannah",2,"Flu ED visits pct",2026-03-14,"quantile",0.75,2.37787037037037
2026-02-28,"savannah",2,"Flu ED visits pct",2026-03-14,"quantile",0.9,2.86919219219219
2026-02-28,"savannah",2,"Flu ED visits pct",2026-03-14,"quantile",0.95,3.55934484484484
2026-02-28,"savannah",2,"Flu ED visits pct",2026-03-14,"quantile",0.975,3.98002977977978
2026-02-28,"savannah",3,"Flu ED visits pct",2026-03-21,"quantile",0.025,0.0604549549549551
2026-02-28,"savannah",3,"Flu ED visits pct",2026-03-21,"quantile",0.05,0.431838338338339
2026-02-28,"savannah",3,"Flu ED visits pct",2026-03-21,"quantile",0.1,1.15125225225225
2026-02-28,"savannah",3,"Flu ED visits pct",2026-03-21,"quantile",0.25,1.79395895895896
2026-02-28,"savannah",3,"Flu ED visits pct",2026-03-21,"quantile",0.5,2.12
2026-02-28,"savannah",3,"Flu ED visits pct",2026-03-21,"quantile",0.75,2.42667667667668
2026-02-28,"savannah",3,"Flu ED visits pct",2026-03-21,"quantile",0.9,3.08988688688689
2026-02-28,"savannah",3,"Flu ED visits pct",2026-03-21,"quantile",0.95,3.67664814814815
2026-02-28,"savannah",3,"Flu ED visits pct",2026-03-21,"quantile",0.975,4.15122522522523
2026-02-28,"senc",0,"Flu ED visits pct",2026-02-28,"quantile",0.025,0.899662162162163
2026-02-28,"senc",0,"Flu ED visits pct",2026-02-28,"quantile",0.05,1.3895
2026-02-28,"senc",0,"Flu ED visits pct",2026-02-28,"quantile",0.1,1.766
2026-02-28,"senc",0,"Flu ED visits pct",2026-02-28,"quantile",0.25,2.03
2026-02-28,"senc",0,"Flu ED visits pct",2026-02-28,"quantile",0.5,2.08
2026-02-28,"senc",0,"Flu ED visits pct",2026-02-28,"quantile",0.75,2.13
2026-02-28,"senc",0,"Flu ED visits pct",2026-02-28,"quantile",0.9,2.394
2026-02-28,"senc",0,"Flu ED visits pct",2026-02-28,"quantile",0.95,2.7705
2026-02-28,"senc",0,"Flu ED visits pct",2026-02-28,"quantile",0.975,3.26033783783784
2026-02-28,"senc",1,"Flu ED visits pct",2026-03-07,"quantile",0.025,0.263674924924925
2026-02-28,"senc",1,"Flu ED visits pct",2026-03-07,"quantile",0.05,0.949621621621622
2026-02-28,"senc",1,"Flu ED visits pct",2026-03-07,"quantile",0.1,1.41108108108108
2026-02-28,"senc",1,"Flu ED visits pct",2026-03-07,"quantile",0.25,1.91927177177177
2026-02-28,"senc",1,"Flu ED visits pct",2026-03-07,"quantile",0.5,2.08
2026-02-28,"senc",1,"Flu ED visits pct",2026-03-07,"quantile",0.75,2.21
2026-02-28,"senc",1,"Flu ED visits pct",2026-03-07,"quantile",0.9,2.75056456456456
2026-02-28,"senc",1,"Flu ED visits pct",2026-03-07,"quantile",0.95,3.31085885885886
2026-02-28,"senc",1,"Flu ED visits pct",2026-03-07,"quantile",0.975,3.95033633633634
2026-02-28,"senc",2,"Flu ED visits pct",2026-03-14,"quantile",0.025,0
2026-02-28,"senc",2,"Flu ED visits pct",2026-03-14,"quantile",0.05,0.519555555555555
2026-02-28,"senc",2,"Flu ED visits pct",2026-03-14,"quantile",0.1,1.20010810810811
2026-02-28,"senc",2,"Flu ED visits pct",2026-03-14,"quantile",0.25,1.79993243243243
2026-02-28,"senc",2,"Flu ED visits pct",2026-03-14,"quantile",0.5,2.08
2026-02-28,"senc",2,"Flu ED visits pct",2026-03-14,"quantile",0.75,2.38
2026-02-28,"senc",2,"Flu ED visits pct",2026-03-14,"quantile",0.9,3.011
2026-02-28,"senc",2,"Flu ED visits pct",2026-03-14,"quantile",0.95,3.61
2026-02-28,"senc",2,"Flu ED visits pct",2026-03-14,"quantile",0.975,4.391
2026-02-28,"senc",3,"Flu ED visits pct",2026-03-21,"quantile",0.025,0
2026-02-28,"senc",3,"Flu ED visits pct",2026-03-21,"quantile",0.05,0.164834834834835
2026-02-28,"senc",3,"Flu ED visits pct",2026-03-21,"quantile",0.1,0.930351351351353
2026-02-28,"senc",3,"Flu ED visits pct",2026-03-21,"quantile",0.25,1.67
2026-02-28,"senc",3,"Flu ED visits pct",2026-03-21,"quantile",0.5,2.08
2026-02-28,"senc",3,"Flu ED visits pct",2026-03-21,"quantile",0.75,2.48
2026-02-28,"senc",3,"Flu ED visits pct",2026-03-21,"quantile",0.9,3.19941441441441
2026-02-28,"senc",3,"Flu ED visits pct",2026-03-21,"quantile",0.95,3.88945945945946
2026-02-28,"senc",3,"Flu ED visits pct",2026-03-21,"quantile",0.975,4.68573423423423
2026-02-28,"south-augusta",0,"Flu ED visits pct",2026-02-28,"quantile",0.025,1.92825
2026-02-28,"south-augusta",0,"Flu ED visits pct",2026-02-28,"quantile",0.05,2.2695
2026-02-28,"south-augusta",0,"Flu ED visits pct",2026-02-28,"quantile",0.1,2.64
2026-02-28,"south-augusta",0,"Flu ED visits pct",2026-02-28,"quantile",0.25,2.97
2026-02-28,"south-augusta",0,"Flu ED visits pct",2026-02-28,"quantile",0.5,3.06
2026-02-28,"south-augusta",0,"Flu ED visits pct",2026-02-28,"quantile",0.75,3.15
2026-02-28,"south-augusta",0,"Flu ED visits pct",2026-02-28,"quantile",0.9,3.48
2026-02-28,"south-augusta",0,"Flu ED visits pct",2026-02-28,"quantile",0.95,3.8505
2026-02-28,"south-augusta",0,"Flu ED visits pct",2026-02-28,"quantile",0.975,4.19175
2026-02-28,"south-augusta",1,"Flu ED visits pct",2026-03-07,"quantile",0.025,1.53222072072072
2026-02-28,"south-augusta",1,"Flu ED visits pct",2026-03-07,"quantile",0.05,1.85778778778779
2026-02-28,"south-augusta",1,"Flu ED visits pct",2026-03-07,"quantile",0.1,2.29795695695696
2026-02-28,"south-augusta",1,"Flu ED visits pct",2026-03-07,"quantile",0.25,2.83806806806807
2026-02-28,"south-augusta",1,"Flu ED visits pct",2026-03-07,"quantile",0.5,3.06
2026-02-28,"south-augusta",1,"Flu ED visits pct",2026-03-07,"quantile",0.75,3.29059309309309
2026-02-28,"south-augusta",1,"Flu ED visits pct",2026-03-07,"quantile",0.9,3.77632832832833
2026-02-28,"south-augusta",1,"Flu ED visits pct",2026-03-07,"quantile",0.95,4.1523053053053
2026-02-28,"south-augusta",1,"Flu ED visits pct",2026-03-07,"quantile",0.975,4.62817942942943
2026-02-28,"south-augusta",2,"Flu ED visits pct",2026-03-14,"quantile",0.025,1.35166291291291
2026-02-28,"south-augusta",2,"Flu ED visits pct",2026-03-14,"quantile",0.05,1.63525975975976
2026-02-28,"south-augusta",2,"Flu ED visits pct",2026-03-14,"quantile",0.1,2.10532532532533
2026-02-28,"south-augusta",2,"Flu ED visits pct",2026-03-14,"quantile",0.25,2.6949024024024
2026-02-28,"south-augusta",2,"Flu ED visits pct",2026-03-14,"quantile",0.5,3.06
2026-02-28,"south-augusta",2,"Flu ED visits pct",2026-03-14,"quantile",0.75,3.43427677677678
2026-02-28,"south-augusta",2,"Flu ED visits pct",2026-03-14,"quantile",0.9,4.01620820820821
2026-02-28,"south-augusta",2,"Flu ED visits pct",2026-03-14,"quantile",0.95,4.60666266266266
2026-02-28,"south-augusta",2,"Flu ED visits pct",2026-03-14,"quantile",0.975,4.9639964964965
2026-02-28,"south-augusta",3,"Flu ED visits pct",2026-03-21,"quantile",0.025,0.834445195195195
2026-02-28,"south-augusta",3,"Flu ED visits pct",2026-03-21,"quantile",0.05,1.3722012012012
2026-02-28,"south-augusta",3,"Flu ED visits pct",2026-03-21,"quantile",0.1,1.85311911911912
2026-02-28,"south-augusta",3,"Flu ED visits pct",2026-03-21,"quantile",0.25,2.56783783783784
2026-02-28,"south-augusta",3,"Flu ED visits pct",2026-03-21,"quantile",0.5,3.06
2026-02-28,"south-augusta",3,"Flu ED visits pct",2026-03-21,"quantile",0.75,3.55
2026-02-28,"south-augusta",3,"Flu ED visits pct",2026-03-21,"quantile",0.9,4.28810910910911
2026-02-28,"south-augusta",3,"Flu ED visits pct",2026-03-21,"quantile",0.95,4.76608758758759
2026-02-28,"south-augusta",3,"Flu ED visits pct",2026-03-21,"quantile",0.975,5.23157457457457
2026-02-28,"south-carolina",0,"Flu ED visits pct",2026-02-28,"quantile",0.025,0.552000000000001
2026-02-28,"south-carolina",0,"Flu ED visits pct",2026-02-28,"quantile",0.05,1.6185
2026-02-28,"south-carolina",0,"Flu ED visits pct",2026-02-28,"quantile",0.1,2.87892792792793
2026-02-28,"south-carolina",0,"Flu ED visits pct",2026-02-28,"quantile",0.25,3.42
2026-02-28,"south-carolina",0,"Flu ED visits pct",2026-02-28,"quantile",0.5,3.49
2026-02-28,"south-carolina",0,"Flu ED visits pct",2026-02-28,"quantile",0.75,3.56
2026-02-28,"south-carolina",0,"Flu ED visits pct",2026-02-28,"quantile",0.9,4.10107207207207
2026-02-28,"south-carolina",0,"Flu ED visits pct",2026-02-28,"quantile",0.95,5.3615
2026-02-28,"south-carolina",0,"Flu ED visits pct",2026-02-28,"quantile",0.975,6.428
2026-02-28,"south-carolina",1,"Flu ED visits pct",2026-03-07,"quantile",0.025,0
2026-02-28,"south-carolina",1,"Flu ED visits pct",2026-03-07,"quantile",0.05,0.50355005005005
2026-02-28,"south-carolina",1,"Flu ED visits pct",2026-03-07,"quantile",0.1,1.87551451451451
2026-02-28,"south-carolina",1,"Flu ED visits pct",2026-03-07,"quantile",0.25,3.19866866866867
2026-02-28,"south-carolina",1,"Flu ED visits pct",2026-03-07,"quantile",0.5,3.49
2026-02-28,"south-carolina",1,"Flu ED visits pct",2026-03-07,"quantile",0.75,3.74687687687688
2026-02-28,"south-carolina",1,"Flu ED visits pct",2026-03-07,"quantile",0.9,4.91185085085085
2026-02-28,"south-carolina",1,"Flu ED visits pct",2026-03-07,"quantile",0.95,6.46637687687687
2026-02-28,"south-carolina",1,"Flu ED visits pct",2026-03-07,"quantile",0.975,7.4642515015015
2026-02-28,"south-carolina",2,"Flu ED visits pct",2026-03-14,"quantile",0.025,0
2026-02-28,"south-carolina",2,"Flu ED visits pct",2026-03-14,"quantile",0.05,0
2026-02-28,"south-carolina",2,"Flu ED visits pct",2026-03-14,"quantile",0.1,1.44393393393393
2026-02-28,"south-carolina",2,"Flu ED visits pct",2026-03-14,"quantile",0.25,2.91885635635636
2026-02-28,"south-carolina",2,"Flu ED visits pct",2026-03-14,"quantile",0.5,3.49
2026-02-28,"south-carolina",2,"Flu ED visits pct",2026-03-14,"quantile",0.75,4.06
2026-02-28,"south-carolina",2,"Flu ED visits pct",2026-03-14,"quantile",0.9,5.70039539539539
2026-02-28,"south-carolina",2,"Flu ED visits pct",2026-03-14,"quantile",0.95,6.97434534534534
2026-02-28,"south-carolina",2,"Flu ED visits pct",2026-03-14,"quantile",0.975,7.79167917917918
2026-02-28,"south-carolina",3,"Flu ED visits pct",2026-03-21,"quantile",0.025,0
2026-02-28,"south-carolina",3,"Flu ED visits pct",2026-03-21,"quantile",0.05,0
2026-02-28,"south-carolina",3,"Flu ED visits pct",2026-03-21,"quantile",0.1,0.787676676676677
2026-02-28,"south-carolina",3,"Flu ED visits pct",2026-03-21,"quantile",0.25,2.53937937937938
2026-02-28,"south-carolina",3,"Flu ED visits pct",2026-03-21,"quantile",0.5,3.49
2026-02-28,"south-carolina",3,"Flu ED visits pct",2026-03-21,"quantile",0.75,4.26605105105105
2026-02-28,"south-carolina",3,"Flu ED visits pct",2026-03-21,"quantile",0.9,6.12399599599599
2026-02-28,"south-carolina",3,"Flu ED visits pct",2026-03-21,"quantile",0.95,7.3751071071071
2026-02-28,"south-carolina",3,"Flu ED visits pct",2026-03-21,"quantile",0.975,8.12945545545546
2026-02-28,"springfield",0,"Flu ED visits pct",2026-02-28,"quantile",0.025,0
2026-02-28,"springfield",0,"Flu ED visits pct",2026-02-28,"quantile",0.05,0
2026-02-28,"springfield",0,"Flu ED visits pct",2026-02-28,"quantile",0.1,0.805801801801802
2026-02-28,"springfield",0,"Flu ED visits pct",2026-02-28,"quantile",0.25,1.31253753753754
2026-02-28,"springfield",0,"Flu ED visits pct",2026-02-28,"quantile",0.5,1.4
2026-02-28,"springfield",0,"Flu ED visits pct",2026-02-28,"quantile",0.75,1.48746246246246
2026-02-28,"springfield",0,"Flu ED visits pct",2026-02-28,"quantile",0.9,1.9941981981982
2026-02-28,"springfield",0,"Flu ED visits pct",2026-02-28,"quantile",0.95,3.2715
2026-02-28,"springfield",0,"Flu ED visits pct",2026-02-28,"quantile",0.975,4.22375
2026-02-28,"springfield",1,"Flu ED visits pct",2026-03-07,"quantile",0.025,0
2026-02-28,"springfield",1,"Flu ED visits pct",2026-03-07,"quantile",0.05,0
2026-02-28,"springfield",1,"Flu ED visits pct",2026-03-07,"quantile",0.1,0
2026-02-28,"springfield",1,"Flu ED visits pct",2026-03-07,"quantile",0.25,1.11054054054054
2026-02-28,"springfield",1,"Flu ED visits pct",2026-03-07,"quantile",0.5,1.4
2026-02-28,"springfield",1,"Flu ED visits pct",2026-03-07,"quantile",0.75,1.67046296296296
2026-02-28,"springfield",1,"Flu ED visits pct",2026-03-07,"quantile",0.9,3.09568968968969
2026-02-28,"springfield",1,"Flu ED visits pct",2026-03-07,"quantile",0.95,4.36672522522523
2026-02-28,"springfield",1,"Flu ED visits pct",2026-03-07,"quantile",0.975,5.57024724724723
2026-02-28,"springfield",2,"Flu ED visits pct",2026-03-14,"quantile",0.025,0
2026-02-28,"springfield",2,"Flu ED visits pct",2026-03-14,"quantile",0.05,0
2026-02-28,"springfield",2,"Flu ED visits pct",2026-03-14,"quantile",0.1,0
2026-02-28,"springfield",2,"Flu ED visits pct",2026-03-14,"quantile",0.25,0.872925425425425
2026-02-28,"springfield",2,"Flu ED visits pct",2026-03-14,"quantile",0.5,1.4
2026-02-28,"springfield",2,"Flu ED visits pct",2026-03-14,"quantile",0.75,1.92284784784785
2026-02-28,"springfield",2,"Flu ED visits pct",2026-03-14,"quantile",0.9,3.82123823823824
2026-02-28,"springfield",2,"Flu ED visits pct",2026-03-14,"quantile",0.95,4.98016366366366
2026-02-28,"springfield",2,"Flu ED visits pct",2026-03-14,"quantile",0.975,6.28986911911912
2026-02-28,"springfield",3,"Flu ED visits pct",2026-03-21,"quantile",0.025,0
2026-02-28,"springfield",3,"Flu ED visits pct",2026-03-21,"quantile",0.05,0
2026-02-28,"springfield",3,"Flu ED visits pct",2026-03-21,"quantile",0.1,0
2026-02-28,"springfield",3,"Flu ED visits pct",2026-03-21,"quantile",0.25,0.484391891891892
2026-02-28,"springfield",3,"Flu ED visits pct",2026-03-21,"quantile",0.5,1.4
2026-02-28,"springfield",3,"Flu ED visits pct",2026-03-21,"quantile",0.75,2.21447697697698
2026-02-28,"springfield",3,"Flu ED visits pct",2026-03-21,"quantile",0.9,4.16032232232232
2026-02-28,"springfield",3,"Flu ED visits pct",2026-03-21,"quantile",0.95,5.41254754754755
2026-02-28,"springfield",3,"Flu ED visits pct",2026-03-21,"quantile",0.975,7.07216816816817
2026-02-28,"st-cloud",0,"Flu ED visits pct",2026-02-28,"quantile",0.025,0.85625
2026-02-28,"st-cloud",0,"Flu ED visits pct",2026-02-28,"quantile",0.05,2.7655
2026-02-28,"st-cloud",0,"Flu ED visits pct",2026-02-28,"quantile",0.1,3.60205405405405
2026-02-28,"st-cloud",0,"Flu ED visits pct",2026-02-28,"quantile",0.25,4.31
2026-02-28,"st-cloud",0,"Flu ED visits pct",2026-02-28,"quantile",0.5,4.47
2026-02-28,"st-cloud",0,"Flu ED visits pct",2026-02-28,"quantile",0.75,4.63
2026-02-28,"st-cloud",0,"Flu ED visits pct",2026-02-28,"quantile",0.9,5.33794594594595
2026-02-28,"st-cloud",0,"Flu ED visits pct",2026-02-28,"quantile",0.95,6.1745
2026-02-28,"st-cloud",0,"Flu ED visits pct",2026-02-28,"quantile",0.975,8.08375
2026-02-28,"st-cloud",1,"Flu ED visits pct",2026-03-07,"quantile",0.025,0
2026-02-28,"st-cloud",1,"Flu ED visits pct",2026-03-07,"quantile",0.05,1.08468118118118
2026-02-28,"st-cloud",1,"Flu ED visits pct",2026-03-07,"quantile",0.1,2.84773173173173
2026-02-28,"st-cloud",1,"Flu ED visits pct",2026-03-07,"quantile",0.25,4.08796046046046
2026-02-28,"st-cloud",1,"Flu ED visits pct",2026-03-07,"quantile",0.5,4.47
2026-02-28,"st-cloud",1,"Flu ED visits pct",2026-03-07,"quantile",0.75,4.90345845845846
2026-02-28,"st-cloud",1,"Flu ED visits pct",2026-03-07,"quantile",0.9,6.16953353353353
2026-02-28,"st-cloud",1,"Flu ED visits pct",2026-03-07,"quantile",0.95,8.16919769769769
2026-02-28,"st-cloud",1,"Flu ED visits pct",2026-03-07,"quantile",0.975,9.01872997997997
2026-02-28,"st-cloud",2,"Flu ED visits pct",2026-03-14,"quantile",0.025,0
2026-02-28,"st-cloud",2,"Flu ED visits pct",2026-03-14,"quantile",0.05,0.227461961961962
2026-02-28,"st-cloud",2,"Flu ED visits pct",2026-03-14,"quantile",0.1,2.04224324324324
2026-02-28,"st-cloud",2,"Flu ED visits pct",2026-03-14,"quantile",0.25,3.73947447447448
2026-02-28,"st-cloud",2,"Flu ED visits pct",2026-03-14,"quantile",0.5,4.47
2026-02-28,"st-cloud",2,"Flu ED visits pct",2026-03-14,"quantile",0.75,5.20388638638638
2026-02-28,"st-cloud",2,"Flu ED visits pct",2026-03-14,"quantile",0.9,6.73932832832833
2026-02-28,"st-cloud",2,"Flu ED visits pct",2026-03-14,"quantile",0.95,8.60529979979979
2026-02-28,"st-cloud",2,"Flu ED visits pct",2026-03-14,"quantile",0.975,9.84164114114115
2026-02-28,"st-cloud",3,"Flu ED visits pct",2026-03-21,"quantile",0.025,0
2026-02-28,"st-cloud",3,"Flu ED visits pct",2026-03-21,"quantile",0.05,0
2026-02-28,"st-cloud",3,"Flu ED visits pct",2026-03-21,"quantile",0.1,1.47357557557558
2026-02-28,"st-cloud",3,"Flu ED visits pct",2026-03-21,"quantile",0.25,3.47985485485485
2026-02-28,"st-cloud",3,"Flu ED visits pct",2026-03-21,"quantile",0.5,4.47
2026-02-28,"st-cloud",3,"Flu ED visits pct",2026-03-21,"quantile",0.75,5.45970720720721
2026-02-28,"st-cloud",3,"Flu ED visits pct",2026-03-21,"quantile",0.9,7.79615515515515
2026-02-28,"st-cloud",3,"Flu ED visits pct",2026-03-21,"quantile",0.95,9.24662612612613
2026-02-28,"st-cloud",3,"Flu ED visits pct",2026-03-21,"quantile",0.975,10.1056156156156
2026-02-28,"st-paul",0,"Flu ED visits pct",2026-02-28,"quantile",0.025,0.254750000000001
2026-02-28,"st-paul",0,"Flu ED visits pct",2026-02-28,"quantile",0.05,0.8235
2026-02-28,"st-paul",0,"Flu ED visits pct",2026-02-28,"quantile",0.1,1.38998198198198
2026-02-28,"st-paul",0,"Flu ED visits pct",2026-02-28,"quantile",0.25,1.65253753753754
2026-02-28,"st-paul",0,"Flu ED visits pct",2026-02-28,"quantile",0.5,1.72
2026-02-28,"st-paul",0,"Flu ED visits pct",2026-02-28,"quantile",0.75,1.78746246246246
2026-02-28,"st-paul",0,"Flu ED visits pct",2026-02-28,"quantile",0.9,2.05001801801802
2026-02-28,"st-paul",0,"Flu ED visits pct",2026-02-28,"quantile",0.95,2.6165
2026-02-28,"st-paul",0,"Flu ED visits pct",2026-02-28,"quantile",0.975,3.18525
2026-02-28,"st-paul",1,"Flu ED visits pct",2026-03-07,"quantile",0.025,0
2026-02-28,"st-paul",1,"Flu ED visits pct",2026-03-07,"quantile",0.05,0.249112112112113
2026-02-28,"st-paul",1,"Flu ED visits pct",2026-03-07,"quantile",0.1,0.898322322322322
2026-02-28,"st-paul",1,"Flu ED visits pct",2026-03-07,"quantile",0.25,1.5475
2026-02-28,"st-paul",1,"Flu ED visits pct",2026-03-07,"quantile",0.5,1.72
2026-02-28,"st-paul",1,"Flu ED visits pct",2026-03-07,"quantile",0.75,1.90664914914915
2026-02-28,"st-paul",1,"Flu ED visits pct",2026-03-07,"quantile",0.9,2.59573673673674
2026-02-28,"st-paul",1,"Flu ED visits pct",2026-03-07,"quantile",0.95,3.19618568568568
2026-02-28,"st-paul",1,"Flu ED visits pct",2026-03-07,"quantile",0.975,4.6031684184184
2026-02-28,"st-paul",2,"Flu ED visits pct",2026-03-14,"quantile",0.025,0
2026-02-28,"st-paul",2,"Flu ED visits pct",2026-03-14,"quantile",0.05,0
2026-02-28,"st-paul",2,"Flu ED visits pct",2026-03-14,"quantile",0.1,0.501617617617618
2026-02-28,"st-paul",2,"Flu ED visits pct",2026-03-14,"quantile",0.25,1.40924674674675
2026-02-28,"st-paul",2,"Flu ED visits pct",2026-03-14,"quantile",0.5,1.72
2026-02-28,"st-paul",2,"Flu ED visits pct",2026-03-14,"quantile",0.75,2.03071071071071
2026-02-28,"st-paul",2,"Flu ED visits pct",2026-03-14,"quantile",0.9,2.89579379379379
2026-02-28,"st-paul",2,"Flu ED visits pct",2026-03-14,"quantile",0.95,3.72938588588589
2026-02-28,"st-paul",2,"Flu ED visits pct",2026-03-14,"quantile",0.975,5.65696121121121
2026-02-28,"st-paul",3,"Flu ED visits pct",2026-03-21,"quantile",0.025,0
2026-02-28,"st-paul",3,"Flu ED visits pct",2026-03-21,"quantile",0.05,0
2026-02-28,"st-paul",3,"Flu ED visits pct",2026-03-21,"quantile",0.1,0.182045045045045
2026-02-28,"st-paul",3,"Flu ED visits pct",2026-03-21,"quantile",0.25,1.20705955955956
2026-02-28,"st-paul",3,"Flu ED visits pct",2026-03-21,"quantile",0.5,1.72
2026-02-28,"st-paul",3,"Flu ED visits pct",2026-03-21,"quantile",0.75,2.18004004004004
2026-02-28,"st-paul",3,"Flu ED visits pct",2026-03-21,"quantile",0.9,3.23334934934935
2026-02-28,"st-paul",3,"Flu ED visits pct",2026-03-21,"quantile",0.95,4.49915915915916
2026-02-28,"st-paul",3,"Flu ED visits pct",2026-03-21,"quantile",0.975,5.84744369369369
2026-02-28,"texas",0,"Flu ED visits pct",2026-02-28,"quantile",0.025,1.22425
2026-02-28,"texas",0,"Flu ED visits pct",2026-02-28,"quantile",0.05,1.9165
2026-02-28,"texas",0,"Flu ED visits pct",2026-02-28,"quantile",0.1,2.56198198198198
2026-02-28,"texas",0,"Flu ED visits pct",2026-02-28,"quantile",0.25,3.23
2026-02-28,"texas",0,"Flu ED visits pct",2026-02-28,"quantile",0.5,3.31
2026-02-28,"texas",0,"Flu ED visits pct",2026-02-28,"quantile",0.75,3.39
2026-02-28,"texas",0,"Flu ED visits pct",2026-02-28,"quantile",0.9,4.05801801801802
2026-02-28,"texas",0,"Flu ED visits pct",2026-02-28,"quantile",0.95,4.7035
2026-02-28,"texas",0,"Flu ED visits pct",2026-02-28,"quantile",0.975,5.39575
2026-02-28,"texas",1,"Flu ED visits pct",2026-03-07,"quantile",0.025,0.272316816816818
2026-02-28,"texas",1,"Flu ED visits pct",2026-03-07,"quantile",0.05,1.19766016016016
2026-02-28,"texas",1,"Flu ED visits pct",2026-03-07,"quantile",0.1,1.91037937937938
2026-02-28,"texas",1,"Flu ED visits pct",2026-03-07,"quantile",0.25,2.9063963963964
2026-02-28,"texas",1,"Flu ED visits pct",2026-03-07,"quantile",0.5,3.31
2026-02-28,"texas",1,"Flu ED visits pct",2026-03-07,"quantile",0.75,3.7452052052052
2026-02-28,"texas",1,"Flu ED visits pct",2026-03-07,"quantile",0.9,4.70613513513514
2026-02-28,"texas",1,"Flu ED visits pct",2026-03-07,"quantile",0.95,5.27719369369369
2026-02-28,"texas",1,"Flu ED visits pct",2026-03-07,"quantile",0.975,6.02847822822823
2026-02-28,"texas",2,"Flu ED visits pct",2026-03-14,"quantile",0.025,0
2026-02-28,"texas",2,"Flu ED visits pct",2026-03-14,"quantile",0.05,0.580878378378378
2026-02-28,"texas",2,"Flu ED visits pct",2026-03-14,"quantile",0.1,1.58978278278278
2026-02-28,"texas",2,"Flu ED visits pct",2026-03-14,"quantile",0.25,2.64878628628629
2026-02-28,"texas",2,"Flu ED visits pct",2026-03-14,"quantile",0.5,3.31
2026-02-28,"texas",2,"Flu ED visits pct",2026-03-14,"quantile",0.75,3.99121621621622
2026-02-28,"texas",2,"Flu ED visits pct",2026-03-14,"quantile",0.9,5.09907807807808
2026-02-28,"texas",2,"Flu ED visits pct",2026-03-14,"quantile",0.95,5.79283083083082
2026-02-28,"texas",2,"Flu ED visits pct",2026-03-14,"quantile",0.975,6.65964414414414
2026-02-28,"texas",3,"Flu ED visits pct",2026-03-21,"quantile",0.025,0
2026-02-28,"texas",3,"Flu ED visits pct",2026-03-21,"quantile",0.05,0.0896126126126139
2026-02-28,"texas",3,"Flu ED visits pct",2026-03-21,"quantile",0.1,1.20229129129129
2026-02-28,"texas",3,"Flu ED visits pct",2026-03-21,"quantile",0.25,2.43405155155155
2026-02-28,"texas",3,"Flu ED visits pct",2026-03-21,"quantile",0.5,3.31
2026-02-28,"texas",3,"Flu ED visits pct",2026-03-21,"quantile",0.75,4.27094844844845
2026-02-28,"texas",3,"Flu ED visits pct",2026-03-21,"quantile",0.9,5.48622422422422
2026-02-28,"texas",3,"Flu ED visits pct",2026-03-21,"quantile",0.95,6.40736986986985
2026-02-28,"texas",3,"Flu ED visits pct",2026-03-21,"quantile",0.975,7.04970445445445
2026-02-28,"triad-area",0,"Flu ED visits pct",2026-02-28,"quantile",0.025,0.299191441441442
2026-02-28,"triad-area",0,"Flu ED visits pct",2026-02-28,"quantile",0.05,1.05182882882883
2026-02-28,"triad-area",0,"Flu ED visits pct",2026-02-28,"quantile",0.1,1.48989189189189
2026-02-28,"triad-area",0,"Flu ED visits pct",2026-02-28,"quantile",0.25,1.73
2026-02-28,"triad-area",0,"Flu ED visits pct",2026-02-28,"quantile",0.5,1.78
2026-02-28,"triad-area",0,"Flu ED visits pct",2026-02-28,"quantile",0.75,1.83
2026-02-28,"triad-area",0,"Flu ED visits pct",2026-02-28,"quantile",0.9,2.07010810810811
2026-02-28,"triad-area",0,"Flu ED visits pct",2026-02-28,"quantile",0.95,2.50817117117117
2026-02-28,"triad-area",0,"Flu ED visits pct",2026-02-28,"quantile",0.975,3.26080855855856
2026-02-28,"triad-area",1,"Flu ED visits pct",2026-03-07,"quantile",0.025,0
2026-02-28,"triad-area",1,"Flu ED visits pct",2026-03-07,"quantile",0.05,0.386
2026-02-28,"triad-area",1,"Flu ED visits pct",2026-03-07,"quantile",0.1,1.1347027027027
2026-02-28,"triad-area",1,"Flu ED visits pct",2026-03-07,"quantile",0.25,1.63
2026-02-28,"triad-area",1,"Flu ED visits pct",2026-03-07,"quantile",0.5,1.78
2026-02-28,"triad-area",1,"Flu ED visits pct",2026-03-07,"quantile",0.75,1.91
2026-02-28,"triad-area",1,"Flu ED visits pct",2026-03-07,"quantile",0.9,2.40621621621622
2026-02-28,"triad-area",1,"Flu ED visits pct",2026-03-07,"quantile",0.95,3.2115
2026-02-28,"triad-area",1,"Flu ED visits pct",2026-03-07,"quantile",0.975,4.21908558558558
2026-02-28,"triad-area",2,"Flu ED visits pct",2026-03-14,"quantile",0.025,0
2026-02-28,"triad-area",2,"Flu ED visits pct",2026-03-14,"quantile",0.05,0
2026-02-28,"triad-area",2,"Flu ED visits pct",2026-03-14,"quantile",0.1,0.731837837837837
2026-02-28,"triad-area",2,"Flu ED visits pct",2026-03-14,"quantile",0.25,1.52
2026-02-28,"triad-area",2,"Flu ED visits pct",2026-03-14,"quantile",0.5,1.78
2026-02-28,"triad-area",2,"Flu ED visits pct",2026-03-14,"quantile",0.75,2.08
2026-02-28,"triad-area",2,"Flu ED visits pct",2026-03-14,"quantile",0.9,2.84193093093093
2026-02-28,"triad-area",2,"Flu ED visits pct",2026-03-14,"quantile",0.95,3.71366066066066
2026-02-28,"triad-area",2,"Flu ED visits pct",2026-03-14,"quantile",0.975,4.90596471471471
2026-02-28,"triad-area",3,"Flu ED visits pct",2026-03-21,"quantile",0.025,0
2026-02-28,"triad-area",3,"Flu ED visits pct",2026-03-21,"quantile",0.05,0
2026-02-28,"triad-area",3,"Flu ED visits pct",2026-03-21,"quantile",0.1,0.335567567567568
2026-02-28,"triad-area",3,"Flu ED visits pct",2026-03-21,"quantile",0.25,1.4
2026-02-28,"triad-area",3,"Flu ED visits pct",2026-03-21,"quantile",0.5,1.78
2026-02-28,"triad-area",3,"Flu ED visits pct",2026-03-21,"quantile",0.75,2.15993243243243
2026-02-28,"triad-area",3,"Flu ED visits pct",2026-03-21,"quantile",0.9,3.1913963963964
2026-02-28,"triad-area",3,"Flu ED visits pct",2026-03-21,"quantile",0.95,4.17298348348348
2026-02-28,"triad-area",3,"Flu ED visits pct",2026-03-21,"quantile",0.975,5.19903153153148
2026-02-28,"utah",0,"Flu ED visits pct",2026-02-28,"quantile",0.025,0.55125
2026-02-28,"utah",0,"Flu ED visits pct",2026-02-28,"quantile",0.05,1.5025
2026-02-28,"utah",0,"Flu ED visits pct",2026-02-28,"quantile",0.1,1.97507207207207
2026-02-28,"utah",0,"Flu ED visits pct",2026-02-28,"quantile",0.25,2.47996246246246
2026-02-28,"utah",0,"Flu ED visits pct",2026-02-28,"quantile",0.5,2.55
2026-02-28,"utah",0,"Flu ED visits pct",2026-02-28,"quantile",0.75,2.62003753753754
2026-02-28,"utah",0,"Flu ED visits pct",2026-02-28,"quantile",0.9,3.12492792792793
2026-02-28,"utah",0,"Flu ED visits pct",2026-02-28,"quantile",0.95,3.5975
2026-02-28,"utah",0,"Flu ED visits pct",2026-02-28,"quantile",0.975,4.54875
2026-02-28,"utah",1,"Flu ED visits pct",2026-03-07,"quantile",0.025,0.048613363363363
2026-02-28,"utah",1,"Flu ED visits pct",2026-03-07,"quantile",0.05,0.516746746746747
2026-02-28,"utah",1,"Flu ED visits pct",2026-03-07,"quantile",0.1,1.47107207207207
2026-02-28,"utah",1,"Flu ED visits pct",2026-03-07,"quantile",0.25,2.28441191191191
2026-02-28,"utah",1,"Flu ED visits pct",2026-03-07,"quantile",0.5,2.55
2026-02-28,"utah",1,"Flu ED visits pct",2026-03-07,"quantile",0.75,2.8033983983984
2026-02-28,"utah",1,"Flu ED visits pct",2026-03-07,"quantile",0.9,3.5516036036036
2026-02-28,"utah",1,"Flu ED visits pct",2026-03-07,"quantile",0.95,4.55141541541541
2026-02-28,"utah",1,"Flu ED visits pct",2026-03-07,"quantile",0.975,5.170996996997
2026-02-28,"utah",2,"Flu ED visits pct",2026-03-14,"quantile",0.025,0
2026-02-28,"utah",2,"Flu ED visits pct",2026-03-14,"quantile",0.05,0.273444944944944
2026-02-28,"utah",2,"Flu ED visits pct",2026-03-14,"quantile",0.1,1.01044744744745
2026-02-28,"utah",2,"Flu ED visits pct",2026-03-14,"quantile",0.25,2.05633133133133
2026-02-28,"utah",2,"Flu ED visits pct",2026-03-14,"quantile",0.5,2.55
2026-02-28,"utah",2,"Flu ED visits pct",2026-03-14,"quantile",0.75,3.02078828828829
2026-02-28,"utah",2,"Flu ED visits pct",2026-03-14,"quantile",0.9,4.06934934934935
2026-02-28,"utah",2,"Flu ED visits pct",2026-03-14,"quantile",0.95,5.039996996997
2026-02-28,"utah",2,"Flu ED visits pct",2026-03-14,"quantile",0.975,5.4874496996997
2026-02-28,"utah",3,"Flu ED visits pct",2026-03-21,"quantile",0.025,0
2026-02-28,"utah",3,"Flu ED visits pct",2026-03-21,"quantile",0.05,0
2026-02-28,"utah",3,"Flu ED visits pct",2026-03-21,"quantile",0.1,0.54092992992993
2026-02-28,"utah",3,"Flu ED visits pct",2026-03-21,"quantile",0.25,1.87121871871872
2026-02-28,"utah",3,"Flu ED visits pct",2026-03-21,"quantile",0.5,2.55
2026-02-28,"utah",3,"Flu ED visits pct",2026-03-21,"quantile",0.75,3.20201451451451
2026-02-28,"utah",3,"Flu ED visits pct",2026-03-21,"quantile",0.9,4.54777577577578
2026-02-28,"utah",3,"Flu ED visits pct",2026-03-21,"quantile",0.95,5.23674624624625
2026-02-28,"utah",3,"Flu ED visits pct",2026-03-21,"quantile",0.975,5.79002552552553
2026-02-28,"virginia",0,"Flu ED visits pct",2026-02-28,"quantile",0.025,0.0629999999999997
2026-02-28,"virginia",0,"Flu ED visits pct",2026-02-28,"quantile",0.05,0.8695
2026-02-28,"virginia",0,"Flu ED visits pct",2026-02-28,"quantile",0.1,1.723
2026-02-28,"virginia",0,"Flu ED visits pct",2026-02-28,"quantile",0.25,2.33
2026-02-28,"virginia",0,"Flu ED visits pct",2026-02-28,"quantile",0.5,2.4
2026-02-28,"virginia",0,"Flu ED visits pct",2026-02-28,"quantile",0.75,2.47
2026-02-28,"virginia",0,"Flu ED visits pct",2026-02-28,"quantile",0.9,3.077
2026-02-28,"virginia",0,"Flu ED visits pct",2026-02-28,"quantile",0.95,3.9305
2026-02-28,"virginia",0,"Flu ED visits pct",2026-02-28,"quantile",0.975,4.737
2026-02-28,"virginia",1,"Flu ED visits pct",2026-03-07,"quantile",0.025,0
2026-02-28,"virginia",1,"Flu ED visits pct",2026-03-07,"quantile",0.05,0.123174174174174
2026-02-28,"virginia",1,"Flu ED visits pct",2026-03-07,"quantile",0.1,0.933138138138138
2026-02-28,"virginia",1,"Flu ED visits pct",2026-03-07,"quantile",0.25,2.05092342342342
2026-02-28,"virginia",1,"Flu ED visits pct",2026-03-07,"quantile",0.5,2.4
2026-02-28,"virginia",1,"Flu ED visits pct",2026-03-07,"quantile",0.75,2.75074324324324
2026-02-28,"virginia",1,"Flu ED visits pct",2026-03-07,"quantile",0.9,3.81100000000001
2026-02-28,"virginia",1,"Flu ED visits pct",2026-03-07,"quantile",0.95,4.76785335335335
2026-02-28,"virginia",1,"Flu ED visits pct",2026-03-07,"quantile",0.975,5.26706506506506
2026-02-28,"virginia",2,"Flu ED visits pct",2026-03-14,"quantile",0.025,0
2026-02-28,"virginia",2,"Flu ED visits pct",2026-03-14,"quantile",0.05,0
2026-02-28,"virginia",2,"Flu ED visits pct",2026-03-14,"quantile",0.1,0.527732732732732
2026-02-28,"virginia",2,"Flu ED visits pct",2026-03-14,"quantile",0.25,1.81317567567568
2026-02-28,"virginia",2,"Flu ED visits pct",2026-03-14,"quantile",0.5,2.4
2026-02-28,"virginia",2,"Flu ED visits pct",2026-03-14,"quantile",0.75,2.94401901901902
2026-02-28,"virginia",2,"Flu ED visits pct",2026-03-14,"quantile",0.9,4.30702302302302
2026-02-28,"virginia",2,"Flu ED visits pct",2026-03-14,"quantile",0.95,5.13645495495496
2026-02-28,"virginia",2,"Flu ED visits pct",2026-03-14,"quantile",0.975,5.63337037037037
2026-02-28,"virginia",3,"Flu ED visits pct",2026-03-21,"quantile",0.025,0
2026-02-28,"virginia",3,"Flu ED visits pct",2026-03-21,"quantile",0.05,0
2026-02-28,"virginia",3,"Flu ED visits pct",2026-03-21,"quantile",0.1,0.133223223223223
2026-02-28,"virginia",3,"Flu ED visits pct",2026-03-21,"quantile",0.25,1.59335085085085
2026-02-28,"virginia",3,"Flu ED visits pct",2026-03-21,"quantile",0.5,2.4
2026-02-28,"virginia",3,"Flu ED visits pct",2026-03-21,"quantile",0.75,3.19371121121121
2026-02-28,"virginia",3,"Flu ED visits pct",2026-03-21,"quantile",0.9,4.52831431431432
2026-02-28,"virginia",3,"Flu ED visits pct",2026-03-21,"quantile",0.95,5.32886086086086
2026-02-28,"virginia",3,"Flu ED visits pct",2026-03-21,"quantile",0.975,6.19370245245245
2026-02-28,"weld",0,"Flu ED visits pct",2026-02-28,"quantile",0.025,0
2026-02-28,"weld",0,"Flu ED visits pct",2026-02-28,"quantile",0.05,0.295
2026-02-28,"weld",0,"Flu ED visits pct",2026-02-28,"quantile",0.1,0.963018018018018
2026-02-28,"weld",0,"Flu ED visits pct",2026-02-28,"quantile",0.25,1.65253753753754
2026-02-28,"weld",0,"Flu ED visits pct",2026-02-28,"quantile",0.5,1.8
2026-02-28,"weld",0,"Flu ED visits pct",2026-02-28,"quantile",0.75,1.94746246246246
2026-02-28,"weld",0,"Flu ED visits pct",2026-02-28,"quantile",0.9,2.63698198198198
2026-02-28,"weld",0,"Flu ED visits pct",2026-02-28,"quantile",0.95,3.305
2026-02-28,"weld",0,"Flu ED visits pct",2026-02-28,"quantile",0.975,4.19925
2026-02-28,"weld",1,"Flu ED visits pct",2026-03-07,"quantile",0.025,0
2026-02-28,"weld",1,"Flu ED visits pct",2026-03-07,"quantile",0.05,0
2026-02-28,"weld",1,"Flu ED visits pct",2026-03-07,"quantile",0.1,0.302052052052052
2026-02-28,"weld",1,"Flu ED visits pct",2026-03-07,"quantile",0.25,1.27104354354354
2026-02-28,"weld",1,"Flu ED visits pct",2026-03-07,"quantile",0.5,1.8
2026-02-28,"weld",1,"Flu ED visits pct",2026-03-07,"quantile",0.75,2.24785035035035
2026-02-28,"weld",1,"Flu ED visits pct",2026-03-07,"quantile",0.9,3.26215415415415
2026-02-28,"weld",1,"Flu ED visits pct",2026-03-07,"quantile",0.95,4.22103003003003
2026-02-28,"weld",1,"Flu ED visits pct",2026-03-07,"quantile",0.975,4.87171946946947
2026-02-28,"weld",2,"Flu ED visits pct",2026-03-14,"quantile",0.025,0
2026-02-28,"weld",2,"Flu ED visits pct",2026-03-14,"quantile",0.05,0
2026-02-28,"weld",2,"Flu ED visits pct",2026-03-14,"quantile",0.1,0
2026-02-28,"weld",2,"Flu ED visits pct",2026-03-14,"quantile",0.25,1.02831331331331
2026-02-28,"weld",2,"Flu ED visits pct",2026-03-14,"quantile",0.5,1.8
2026-02-28,"weld",2,"Flu ED visits pct",2026-03-14,"quantile",0.75,2.52545545545546
2026-02-28,"weld",2,"Flu ED visits pct",2026-03-14,"quantile",0.9,3.80604404404404
2026-02-28,"weld",2,"Flu ED visits pct",2026-03-14,"quantile",0.95,4.67037987987988
2026-02-28,"weld",2,"Flu ED visits pct",2026-03-14,"quantile",0.975,5.50758833833834
2026-02-28,"weld",3,"Flu ED visits pct",2026-03-21,"quantile",0.025,0
2026-02-28,"weld",3,"Flu ED visits pct",2026-03-21,"quantile",0.05,0
2026-02-28,"weld",3,"Flu ED visits pct",2026-03-21,"quantile",0.1,0
2026-02-28,"weld",3,"Flu ED visits pct",2026-03-21,"quantile",0.25,0.85283033033033
2026-02-28,"weld",3,"Flu ED visits pct",2026-03-21,"quantile",0.5,1.8
2026-02-28,"weld",3,"Flu ED visits pct",2026-03-21,"quantile",0.75,2.72916916916917
2026-02-28,"weld",3,"Flu ED visits pct",2026-03-21,"quantile",0.9,4.07063563563564
2026-02-28,"weld",3,"Flu ED visits pct",2026-03-21,"quantile",0.95,5.09515115115115
2026-02-28,"weld",3,"Flu ED visits pct",2026-03-21,"quantile",0.975,6.03362937937939
2026-02-28,"wnc",0,"Flu ED visits pct",2026-02-28,"quantile",0.025,1.11575
2026-02-28,"wnc",0,"Flu ED visits pct",2026-02-28,"quantile",0.05,1.68272372372372
2026-02-28,"wnc",0,"Flu ED visits pct",2026-02-28,"quantile",0.1,2.01989189189189
2026-02-28,"wnc",0,"Flu ED visits pct",2026-02-28,"quantile",0.25,2.23
2026-02-28,"wnc",0,"Flu ED visits pct",2026-02-28,"quantile",0.5,2.28
2026-02-28,"wnc",0,"Flu ED visits pct",2026-02-28,"quantile",0.75,2.33
2026-02-28,"wnc",0,"Flu ED visits pct",2026-02-28,"quantile",0.9,2.54010810810811
2026-02-28,"wnc",0,"Flu ED visits pct",2026-02-28,"quantile",0.95,2.87727627627627
2026-02-28,"wnc",0,"Flu ED visits pct",2026-02-28,"quantile",0.975,3.44425
2026-02-28,"wnc",1,"Flu ED visits pct",2026-03-07,"quantile",0.025,0.465486486486486
2026-02-28,"wnc",1,"Flu ED visits pct",2026-03-07,"quantile",0.05,1.19635585585586
2026-02-28,"wnc",1,"Flu ED visits pct",2026-03-07,"quantile",0.1,1.66933933933934
2026-02-28,"wnc",1,"Flu ED visits pct",2026-03-07,"quantile",0.25,2.14
2026-02-28,"wnc",1,"Flu ED visits pct",2026-03-07,"quantile",0.5,2.28
2026-02-28,"wnc",1,"Flu ED visits pct",2026-03-07,"quantile",0.75,2.42
2026-02-28,"wnc",1,"Flu ED visits pct",2026-03-07,"quantile",0.9,2.82093993993994
2026-02-28,"wnc",1,"Flu ED visits pct",2026-03-07,"quantile",0.95,3.50023423423423
2026-02-28,"wnc",1,"Flu ED visits pct",2026-03-07,"quantile",0.975,4.19406381381381
2026-02-28,"wnc",2,"Flu ED visits pct",2026-03-14,"quantile",0.025,0
2026-02-28,"wnc",2,"Flu ED visits pct",2026-03-14,"quantile",0.05,0.767882882882883
2026-02-28,"wnc",2,"Flu ED visits pct",2026-03-14,"quantile",0.1,1.45773573573574
2026-02-28,"wnc",2,"Flu ED visits pct",2026-03-14,"quantile",0.25,2.04
2026-02-28,"wnc",2,"Flu ED visits pct",2026-03-14,"quantile",0.5,2.28
2026-02-28,"wnc",2,"Flu ED visits pct",2026-03-14,"quantile",0.75,2.51791291291291
2026-02-28,"wnc",2,"Flu ED visits pct",2026-03-14,"quantile",0.9,3.17114414414414
2026-02-28,"wnc",2,"Flu ED visits pct",2026-03-14,"quantile",0.95,3.76551351351351
2026-02-28,"wnc",2,"Flu ED visits pct",2026-03-14,"quantile",0.975,4.49839714714715
2026-02-28,"wnc",3,"Flu ED visits pct",2026-03-21,"quantile",0.025,0
2026-02-28,"wnc",3,"Flu ED visits pct",2026-03-21,"quantile",0.05,0.374501501501501
2026-02-28,"wnc",3,"Flu ED visits pct",2026-03-21,"quantile",0.1,1.17867867867868
2026-02-28,"wnc",3,"Flu ED visits pct",2026-03-21,"quantile",0.25,1.9513963963964
2026-02-28,"wnc",3,"Flu ED visits pct",2026-03-21,"quantile",0.5,2.28
2026-02-28,"wnc",3,"Flu ED visits pct",2026-03-21,"quantile",0.75,2.63
2026-02-28,"wnc",3,"Flu ED visits pct",2026-03-21,"quantile",0.9,3.42132132132132
2026-02-28,"wnc",3,"Flu ED visits pct",2026-03-21,"quantile",0.95,4.06478078078078
2026-02-28,"wnc",3,"Flu ED visits pct",2026-03-21,"quantile",0.975,5.11124099099099
2026-02-28,"worcester",0,"Flu ED visits pct",2026-02-28,"quantile",0.025,0
2026-02-28,"worcester",0,"Flu ED visits pct",2026-02-28,"quantile",0.05,0.287999999999999
2026-02-28,"worcester",0,"Flu ED visits pct",2026-02-28,"quantile",0.1,0.919036036036036
2026-02-28,"worcester",0,"Flu ED visits pct",2026-02-28,"quantile",0.25,1.54
2026-02-28,"worcester",0,"Flu ED visits pct",2026-02-28,"quantile",0.5,1.62
2026-02-28,"worcester",0,"Flu ED visits pct",2026-02-28,"quantile",0.75,1.7
2026-02-28,"worcester",0,"Flu ED visits pct",2026-02-28,"quantile",0.9,2.32096396396396
2026-02-28,"worcester",0,"Flu ED visits pct",2026-02-28,"quantile",0.95,2.952
2026-02-28,"worcester",0,"Flu ED visits pct",2026-02-28,"quantile",0.975,3.5675
2026-02-28,"worcester",1,"Flu ED visits pct",2026-03-07,"quantile",0.025,0
2026-02-28,"worcester",1,"Flu ED visits pct",2026-03-07,"quantile",0.05,0
2026-02-28,"worcester",1,"Flu ED visits pct",2026-03-07,"quantile",0.1,0.286105105105105
2026-02-28,"worcester",1,"Flu ED visits pct",2026-03-07,"quantile",0.25,1.27906906906907
2026-02-28,"worcester",1,"Flu ED visits pct",2026-03-07,"quantile",0.5,1.62
2026-02-28,"worcester",1,"Flu ED visits pct",2026-03-07,"quantile",0.75,1.94194944944945
2026-02-28,"worcester",1,"Flu ED visits pct",2026-03-07,"quantile",0.9,2.92913213213213
2026-02-28,"worcester",1,"Flu ED visits pct",2026-03-07,"quantile",0.95,3.62395195195195
2026-02-28,"worcester",1,"Flu ED visits pct",2026-03-07,"quantile",0.975,4.43487712712713
2026-02-28,"worcester",2,"Flu ED visits pct",2026-03-14,"quantile",0.025,0
2026-02-28,"worcester",2,"Flu ED visits pct",2026-03-14,"quantile",0.05,0
2026-02-28,"worcester",2,"Flu ED visits pct",2026-03-14,"quantile",0.1,0
2026-02-28,"worcester",2,"Flu ED visits pct",2026-03-14,"quantile",0.25,0.997194694694695
2026-02-28,"worcester",2,"Flu ED visits pct",2026-03-14,"quantile",0.5,1.62
2026-02-28,"worcester",2,"Flu ED visits pct",2026-03-14,"quantile",0.75,2.14794294294294
2026-02-28,"worcester",2,"Flu ED visits pct",2026-03-14,"quantile",0.9,3.2580960960961
2026-02-28,"worcester",2,"Flu ED visits pct",2026-03-14,"quantile",0.95,4.16207857857858
2026-02-28,"worcester",2,"Flu ED visits pct",2026-03-14,"quantile",0.975,5.02135385385386
2026-02-28,"worcester",3,"Flu ED visits pct",2026-03-21,"quantile",0.025,0
2026-02-28,"worcester",3,"Flu ED visits pct",2026-03-21,"quantile",0.05,0
2026-02-28,"worcester",3,"Flu ED visits pct",2026-03-21,"quantile",0.1,0
2026-02-28,"worcester",3,"Flu ED visits pct",2026-03-21,"quantile",0.25,0.801168668668669
2026-02-28,"worcester",3,"Flu ED visits pct",2026-03-21,"quantile",0.5,1.62
2026-02-28,"worcester",3,"Flu ED visits pct",2026-03-21,"quantile",0.75,2.43164164164164
2026-02-28,"worcester",3,"Flu ED visits pct",2026-03-21,"quantile",0.9,3.60413113113113
2026-02-28,"worcester",3,"Flu ED visits pct",2026-03-21,"quantile",0.95,4.46452402402401
2026-02-28,"worcester",3,"Flu ED visits pct",2026-03-21,"quantile",0.975,5.3627772772773
